{"type" : "FeatureCollection", "features" : [{"type" : "Feature", "properties" : {"name" : "V2 cost, grade/curv=0 (flat-graph)", "variant" : "v1", "edges" : 7442, "length_km" : 209.19, "climb_m" : 3616, "profile" : [[0.020, 362], [0.034, 360], [0.050, 358], [0.054, 357], [0.057, 357], [0.058, 356], [0.062, 356], [0.096, 354], [0.101, 354], [0.103, 355], [0.104, 355], [0.105, 355], [0.106, 355], [0.134, 360], [0.174, 359], [0.204, 357], [0.227, 357], [0.239, 355], [0.250, 353], [0.253, 353], [0.263, 351], [0.270, 350], [0.274, 349], [0.276, 349], [0.282, 349], [0.284, 349], [0.287, 349], [0.311, 350], [0.313, 351], [0.335, 352], [0.358, 355], [0.367, 353], [0.371, 352], [0.405, 352], [0.433, 350], [0.448, 353], [0.452, 351], [0.464, 351], [0.480, 350], [0.522, 351], [0.533, 358], [0.617, 354], [0.623, 354], [0.629, 354], [0.630, 353], [0.698, 353], [0.722, 351], [0.797, 352], [0.812, 354], [0.843, 353], [0.888, 353], [0.892, 352], [0.904, 352], [0.910, 350], [0.923, 350], [1.000, 349], [1.019, 350], [1.020, 350], [1.027, 350], [1.036, 351], [1.042, 352], [1.053, 353], [1.059, 356], [1.088, 358], [1.113, 361], [1.125, 359], [1.143, 356], [1.154, 356], [1.156, 357], [1.194, 356], [1.196, 357], [1.198, 357], [1.216, 357], [1.227, 357], [1.279, 356], [1.289, 354], [1.329, 350], [1.336, 350], [1.342, 351], [1.367, 355], [1.415, 356], [1.421, 356], [1.424, 355], [1.429, 355], [1.436, 354], [1.440, 353], [1.447, 353], [1.533, 357], [1.538, 357], [1.590, 354], [1.602, 354], [1.643, 356], [1.648, 356], [1.672, 355], [1.673, 355], [1.677, 355], [1.680, 356], [1.681, 356], [1.684, 357], [1.691, 358], [1.697, 358], [1.719, 357], [1.739, 358], [1.750, 358], [1.786, 357], [1.792, 360], [1.802, 360], [1.819, 361], [1.838, 359], [1.840, 356], [1.846, 356], [1.922, 355], [1.926, 355], [1.937, 355], [1.941, 355], [1.952, 356], [1.959, 357], [1.972, 358], [1.983, 358], [1.992, 359], [2.012, 359], [2.017, 358], [2.024, 357], [2.031, 357], [2.038, 357], [2.046, 357], [2.052, 358], [2.062, 358], [2.072, 359], [2.088, 360], [2.121, 360], [2.154, 361], [2.183, 361], [2.192, 356], [2.214, 358], [2.223, 361], [2.233, 360], [2.246, 359], [2.253, 358], [2.257, 357], [2.299, 357], [2.300, 356], [2.306, 356], [2.314, 356], [2.315, 356], [2.378, 357], [2.387, 360], [2.392, 359], [2.396, 359], [2.400, 358], [2.410, 357], [2.420, 356], [2.423, 354], [2.429, 354], [2.433, 355], [2.439, 355], [2.446, 355], [2.471, 356], [2.486, 355], [2.500, 354], [2.520, 355], [2.532, 357], [2.546, 357], [2.595, 357], [2.629, 358], [2.637, 358], [2.646, 358], [2.653, 359], [2.656, 359], [2.665, 359], [2.666, 359], [2.679, 359], [2.710, 360], [2.743, 363], [2.794, 361], [2.818, 365], [2.822, 363], [2.832, 363], [2.838, 363], [2.842, 363], [2.861, 362], [2.886, 361], [2.895, 361], [2.903, 361], [2.914, 361], [2.925, 362], [2.966, 362], [3.001, 362], [3.047, 361], [3.061, 362], [3.077, 361], [3.083, 362], [3.092, 362], [3.103, 362], [3.104, 361], [3.106, 361], [3.110, 361], [3.112, 361], [3.120, 360], [3.127, 359], [3.166, 360], [3.187, 361], [3.192, 361], [3.221, 364], [3.230, 364], [3.236, 363], [3.265, 359], [3.271, 358], [3.281, 358], [3.316, 357], [3.320, 357], [3.334, 357], [3.336, 357], [3.339, 357], [3.379, 358], [3.389, 358], [3.393, 358], [3.399, 358], [3.440, 360], [3.477, 360], [3.481, 360], [3.507, 360], [3.519, 361], [3.525, 361], [3.542, 361], [3.547, 361], [3.548, 360], [3.550, 360], [3.554, 359], [3.559, 359], [3.574, 359], [3.589, 359], [3.613, 358], [3.627, 359], [3.648, 359], [3.654, 359], [3.657, 359], [3.659, 359], [3.667, 359], [3.668, 360], [3.676, 359], [3.681, 359], [3.688, 359], [3.708, 360], [3.731, 361], [3.757, 360], [3.773, 360], [3.781, 359], [3.787, 359], [3.800, 359], [3.825, 360], [3.847, 360], [3.868, 360], [3.909, 362], [3.938, 361], [3.956, 360], [3.991, 361], [3.999, 362], [4.004, 362], [4.014, 361], [4.022, 361], [4.025, 361], [4.028, 361], [4.054, 359], [4.070, 360], [4.118, 361], [4.180, 362], [4.193, 361], [4.214, 360], [4.230, 360], [4.314, 362], [4.324, 362], [4.376, 363], [4.385, 362], [4.389, 362], [4.396, 362], [4.414, 362], [4.420, 362], [4.435, 361], [4.451, 360], [4.476, 362], [4.484, 362], [4.485, 362], [4.487, 362], [4.492, 362], [4.494, 362], [4.497, 362], [4.501, 362], [4.514, 362], [4.516, 362], [4.534, 362], [4.553, 362], [4.568, 362], [4.598, 362], [4.607, 362], [4.613, 362], [4.615, 362], [4.650, 362], [4.684, 363], [4.709, 365], [4.772, 365], [4.838, 366], [4.907, 366], [4.958, 365], [5.027, 365], [5.079, 365], [5.123, 365], [5.199, 364], [5.233, 364], [5.247, 364], [5.298, 365], [5.383, 365], [5.425, 366], [5.470, 365], [5.519, 367], [5.562, 368], [5.600, 366], [5.607, 365], [5.611, 364], [5.612, 364], [5.614, 364], [5.616, 364], [5.618, 365], [5.627, 365], [5.633, 366], [5.647, 366], [5.651, 366], [5.660, 365], [5.694, 364], [5.713, 365], [5.741, 365], [5.790, 366], [5.834, 365], [5.864, 365], [5.917, 365], [5.974, 365], [6.042, 364], [6.080, 364], [6.125, 363], [6.145, 364], [6.164, 364], [6.237, 364], [6.304, 363], [6.343, 364], [6.359, 364], [6.375, 364], [6.395, 364], [6.408, 365], [6.419, 365], [6.450, 366], [6.466, 366], [6.485, 365], [6.547, 365], [6.595, 365], [6.616, 365], [6.628, 365], [6.682, 366], [6.738, 366], [6.777, 366], [6.807, 365], [6.876, 365], [6.913, 365], [6.992, 366], [7.040, 368], [7.086, 367], [7.159, 367], [7.196, 367], [7.212, 368], [7.229, 369], [7.251, 369], [7.305, 369], [7.341, 367], [7.384, 368], [7.437, 369], [7.467, 369], [7.494, 370], [7.518, 372], [7.544, 375], [7.557, 377], [7.581, 379], [7.594, 379], [7.659, 375], [7.685, 374], [7.766, 378], [7.822, 386], [7.911, 381], [8.016, 376], [8.088, 379], [8.156, 383], [8.291, 383], [8.368, 380], [8.385, 379], [8.428, 376], [8.470, 375], [8.478, 374], [8.484, 374], [8.494, 373], [8.500, 373], [8.510, 372], [8.512, 372], [8.521, 372], [8.528, 372], [8.549, 373], [8.571, 373], [8.603, 372], [8.622, 374], [8.643, 375], [8.652, 375], [8.669, 375], [8.713, 372], [8.740, 372], [8.750, 372], [8.762, 373], [8.774, 374], [8.883, 373], [8.896, 372], [9.009, 372], [9.016, 373], [9.049, 373], [9.076, 372], [9.118, 373], [9.201, 373], [9.217, 372], [9.236, 372], [9.241, 372], [9.246, 373], [9.249, 373], [9.254, 373], [9.266, 373], [9.270, 372], [9.275, 372], [9.281, 372], [9.284, 372], [9.300, 372], [9.315, 371], [9.321, 371], [9.326, 371], [9.332, 372], [9.348, 372], [9.363, 371], [9.379, 370], [9.387, 370], [9.430, 371], [9.441, 371], [9.464, 370], [9.481, 370], [9.498, 371], [9.518, 370], [9.537, 369], [9.557, 369], [9.614, 369], [9.726, 369], [9.810, 370], [9.868, 370], [9.932, 371], [9.956, 373], [10.000, 373], [10.016, 373], [10.032, 374], [10.044, 374], [10.071, 375], [10.088, 374], [10.148, 375], [10.162, 376], [10.187, 376], [10.266, 376], [10.288, 377], [10.338, 376], [10.350, 379], [10.359, 381], [10.363, 383], [10.366, 382], [10.376, 380], [10.382, 379], [10.392, 377], [10.402, 377], [10.419, 377], [10.443, 377], [10.455, 377], [10.475, 377], [10.492, 377], [10.522, 376], [10.535, 375], [10.540, 375], [10.553, 375], [10.557, 375], [10.571, 375], [10.574, 375], [10.586, 375], [10.591, 375], [10.595, 375], [10.599, 375], [10.601, 376], [10.606, 376], [10.616, 376], [10.625, 376], [10.631, 376], [10.636, 376], [10.640, 377], [10.651, 377], [10.652, 377], [10.659, 376], [10.665, 376], [10.668, 376], [10.672, 376], [10.681, 376], [10.687, 376], [10.692, 376], [10.703, 377], [10.714, 377], [10.717, 376], [10.746, 376], [10.754, 376], [10.760, 375], [10.774, 375], [10.777, 375], [10.804, 375], [10.810, 376], [10.848, 376], [10.853, 375], [10.855, 375], [10.858, 375], [10.895, 375], [10.908, 375], [10.917, 375], [10.939, 374], [10.943, 374], [10.948, 374], [10.954, 374], [10.984, 374], [11.000, 376], [11.012, 376], [11.035, 375], [11.056, 375], [11.064, 375], [11.069, 375], [11.083, 375], [11.099, 376], [11.107, 377], [11.120, 377], [11.126, 377], [11.154, 376], [11.172, 376], [11.177, 377], [11.194, 377], [11.199, 377], [11.205, 376], [11.215, 376], [11.223, 376], [11.239, 376], [11.249, 376], [11.273, 376], [11.291, 377], [11.296, 376], [11.300, 376], [11.311, 377], [11.322, 377], [11.344, 377], [11.350, 376], [11.352, 376], [11.362, 376], [11.383, 376], [11.395, 376], [11.402, 377], [11.411, 378], [11.462, 379], [11.469, 377], [11.499, 377], [11.536, 379], [11.537, 378], [11.559, 378], [11.561, 378], [11.583, 378], [11.593, 379], [11.602, 379], [11.607, 378], [11.636, 378], [11.648, 378], [11.669, 379], [11.676, 378], [11.682, 378], [11.691, 379], [11.733, 380], [11.739, 382], [11.747, 382], [11.762, 383], [11.772, 383], [11.782, 381], [11.810, 380], [11.838, 386], [11.849, 383], [11.879, 382], [11.924, 380], [11.954, 382], [11.983, 381], [12.012, 379], [12.037, 380], [12.040, 379], [12.065, 379], [12.068, 378], [12.071, 377], [12.081, 378], [12.087, 379], [12.103, 379], [12.125, 379], [12.138, 379], [12.144, 379], [12.183, 379], [12.195, 379], [12.200, 379], [12.214, 378], [12.220, 379], [12.234, 379], [12.244, 381], [12.249, 380], [12.259, 380], [12.268, 379], [12.286, 379], [12.305, 380], [12.334, 380], [12.349, 380], [12.397, 380], [12.409, 383], [12.443, 382], [12.479, 381], [12.490, 381], [12.500, 381], [12.504, 382], [12.531, 382], [12.550, 384], [12.570, 383], [12.586, 382], [12.608, 383], [12.617, 384], [12.632, 384], [12.637, 384], [12.646, 386], [12.663, 387], [12.688, 388], [12.701, 392], [12.711, 396], [12.720, 397], [12.735, 396], [12.746, 395], [12.753, 394], [12.767, 392], [12.777, 390], [12.788, 390], [12.797, 391], [12.807, 392], [12.813, 393], [12.826, 393], [12.836, 392], [12.847, 392], [12.855, 393], [12.863, 394], [12.867, 395], [12.876, 396], [12.884, 397], [12.895, 399], [12.907, 402], [12.923, 406], [12.945, 411], [12.959, 409], [13.005, 409], [13.029, 410], [13.036, 407], [13.056, 405], [13.066, 403], [13.087, 402], [13.099, 401], [13.113, 401], [13.129, 402], [13.145, 402], [13.163, 407], [13.181, 408], [13.194, 406], [13.202, 400], [13.215, 397], [13.230, 393], [13.240, 393], [13.257, 393], [13.279, 392], [13.285, 391], [13.296, 391], [13.312, 390], [13.328, 388], [13.365, 388], [13.378, 389], [13.406, 390], [13.421, 389], [13.427, 388], [13.438, 388], [13.457, 388], [13.466, 388], [13.494, 389], [13.502, 390], [13.536, 391], [13.547, 394], [13.557, 394], [13.595, 395], [13.625, 397], [13.676, 396], [13.711, 393], [13.720, 392], [13.728, 392], [13.736, 392], [13.758, 387], [13.758, 387], [13.800, 386], [13.849, 384], [13.923, 386], [13.938, 386], [13.959, 386], [13.969, 387], [13.982, 386], [13.989, 386], [13.994, 386], [14.040, 385], [14.048, 386], [14.068, 385], [14.119, 385], [14.152, 385], [14.177, 386], [14.303, 386], [14.325, 387], [14.344, 387], [14.355, 387], [14.370, 386], [14.374, 386], [14.444, 385], [14.469, 387], [14.477, 388], [14.483, 389], [14.492, 389], [14.509, 390], [14.535, 388], [14.540, 388], [14.592, 388], [14.601, 387], [14.604, 387], [14.615, 387], [14.634, 386], [14.690, 387], [14.758, 387], [14.824, 388], [14.837, 388], [14.877, 388], [14.903, 388], [14.931, 389], [14.944, 389], [14.974, 389], [15.014, 389], [15.040, 391], [15.075, 391], [15.089, 391], [15.119, 391], [15.162, 391], [15.190, 392], [15.197, 392], [15.257, 392], [15.291, 393], [15.341, 393], [15.382, 392], [15.440, 392], [15.470, 394], [15.551, 393], [15.571, 391], [15.652, 392], [15.660, 392], [15.666, 392], [15.676, 392], [15.695, 391], [15.731, 390], [15.754, 390], [15.784, 390], [15.798, 390], [15.842, 389], [15.861, 389], [15.922, 388], [15.954, 388], [16.042, 388], [16.078, 388], [16.089, 389], [16.155, 389], [16.193, 390], [16.216, 391], [16.238, 391], [16.263, 390], [16.308, 390], [16.325, 390], [16.337, 390], [16.353, 390], [16.361, 390], [16.371, 390], [16.376, 389], [16.378, 389], [16.379, 389], [16.386, 390], [16.390, 390], [16.394, 390], [16.402, 390], [16.408, 390], [16.415, 390], [16.439, 390], [16.454, 390], [16.461, 390], [16.467, 390], [16.493, 390], [16.510, 390], [16.532, 392], [16.551, 394], [16.595, 392], [16.620, 391], [16.642, 391], [16.675, 392], [16.687, 392], [16.713, 393], [16.729, 394], [16.742, 395], [16.761, 394], [16.784, 392], [16.824, 391], [16.956, 392], [16.964, 393], [16.977, 393], [17.025, 394], [17.032, 394], [17.064, 394], [17.103, 395], [17.108, 396], [17.116, 396], [17.120, 395], [17.157, 395], [17.192, 393], [17.201, 393], [17.207, 393], [17.216, 393], [17.224, 393], [17.229, 392], [17.236, 392], [17.240, 393], [17.261, 393], [17.279, 394], [17.328, 394], [17.360, 396], [17.400, 397], [17.438, 397], [17.478, 396], [17.504, 397], [17.627, 396], [17.699, 398], [17.836, 397], [17.842, 407], [17.976, 407], [18.096, 420], [18.180, 426], [18.237, 422], [18.350, 425], [18.404, 432], [18.454, 431], [18.500, 421], [18.537, 412], [18.648, 411], [18.737, 412], [18.756, 401], [18.790, 403], [18.817, 406], [18.924, 409], [18.984, 417], [19.031, 421], [19.206, 414], [19.218, 417], [19.233, 420], [19.345, 418], [19.414, 422], [19.456, 424], [19.503, 425], [19.521, 427], [19.546, 425], [19.568, 421], [19.589, 415], [19.625, 410], [19.636, 397], [19.640, 397], [19.645, 397], [19.678, 397], [19.710, 396], [19.943, 396], [19.945, 398], [19.951, 398], [19.958, 398], [20.030, 398], [20.043, 399], [20.071, 398], [20.097, 399], [20.171, 400], [20.298, 399], [20.349, 399], [20.399, 401], [20.449, 403], [20.463, 402], [20.489, 402], [20.562, 401], [20.581, 401], [20.605, 400], [20.656, 400], [20.690, 402], [20.696, 400], [20.701, 400], [20.708, 400], [20.711, 401], [20.714, 401], [20.716, 401], [20.721, 401], [20.724, 401], [20.731, 401], [20.739, 401], [20.744, 402], [20.750, 402], [20.755, 402], [20.761, 402], [20.934, 408], [20.988, 402], [20.993, 402], [20.997, 402], [21.001, 402], [21.045, 404], [21.052, 404], [21.086, 406], [21.162, 404], [21.186, 405], [21.214, 405], [21.218, 404], [21.228, 404], [21.263, 404], [21.270, 405], [21.307, 406], [21.347, 406], [21.377, 408], [21.407, 406], [21.439, 404], [21.441, 404], [21.443, 404], [21.445, 404], [21.447, 404], [21.449, 404], [21.468, 404], [21.471, 404], [21.476, 404], [21.499, 405], [21.527, 406], [21.532, 406], [21.536, 406], [21.540, 406], [21.543, 406], [21.546, 407], [21.549, 407], [21.553, 406], [21.560, 406], [21.565, 406], [21.568, 406], [21.575, 406], [21.578, 406], [21.582, 406], [21.591, 406], [21.598, 406], [21.636, 407], [21.641, 407], [21.645, 407], [21.657, 406], [21.668, 405], [21.676, 405], [21.684, 405], [21.692, 405], [21.697, 405], [21.701, 405], [21.708, 405], [21.715, 405], [21.723, 406], [21.734, 406], [21.750, 406], [21.763, 405], [21.772, 404], [21.781, 403], [21.792, 403], [21.805, 402], [21.819, 402], [21.828, 402], [21.846, 402], [21.864, 401], [21.887, 402], [21.914, 402], [21.935, 402], [21.949, 402], [21.960, 402], [21.978, 404], [21.999, 404], [22.017, 403], [22.026, 403], [22.044, 406], [22.065, 408], [22.088, 404], [22.196, 407], [22.236, 406], [22.311, 405], [22.319, 405], [22.369, 405], [22.419, 405], [22.460, 405], [22.493, 410], [22.527, 412], [22.561, 412], [22.595, 413], [22.658, 410], [22.687, 409], [22.722, 409], [22.772, 411], [22.810, 410], [22.837, 410], [22.857, 411], [22.884, 412], [22.901, 412], [22.917, 412], [22.942, 412], [22.959, 412], [22.979, 412], [22.992, 412], [23.007, 413], [23.037, 413], [23.061, 415], [23.076, 416], [23.101, 417], [23.129, 418], [23.157, 421], [23.189, 422], [23.220, 422], [23.250, 423], [23.280, 425], [23.308, 427], [23.343, 428], [23.463, 430], [23.534, 454], [23.602, 459], [23.652, 450], [23.680, 441], [23.696, 438], [23.710, 437], [23.735, 437], [23.755, 435], [23.765, 435], [23.799, 435], [23.827, 436], [23.853, 437], [23.895, 437], [23.945, 430], [23.961, 416], [23.972, 415], [23.977, 415], [24.001, 415], [24.014, 417], [24.051, 417], [24.113, 417], [24.117, 416], [24.124, 415], [24.132, 416], [24.166, 417], [24.171, 418], [24.176, 419], [24.185, 420], [24.191, 423], [24.200, 425], [24.213, 427], [24.240, 427], [24.333, 432], [24.361, 431], [24.373, 429], [24.416, 427], [24.449, 419], [24.461, 421], [24.498, 421], [24.508, 422], [24.517, 422], [24.693, 422], [24.805, 423], [24.908, 429], [24.950, 425], [24.963, 422], [24.982, 420], [25.011, 421], [25.032, 420], [25.066, 420], [25.087, 421], [25.117, 422], [25.157, 422], [25.203, 423], [25.284, 428], [25.311, 421], [25.339, 420], [25.358, 420], [25.375, 419], [25.388, 420], [25.414, 420], [25.426, 421], [25.451, 422], [25.501, 424], [25.572, 431], [25.640, 432], [25.648, 426], [25.666, 423], [25.688, 422], [25.698, 424], [25.706, 426], [25.728, 426], [25.732, 426], [25.740, 424], [25.747, 422], [25.751, 422], [25.783, 422], [25.827, 423], [25.837, 424], [25.843, 425], [25.855, 425], [25.908, 426], [25.921, 426], [25.949, 426], [25.979, 423], [26.009, 425], [26.043, 426], [26.070, 424], [26.125, 423], [26.165, 425], [26.228, 423], [26.297, 422], [26.337, 420], [26.341, 419], [26.356, 419], [26.436, 419], [26.463, 419], [26.517, 418], [26.543, 418], [26.554, 418], [26.594, 419], [26.631, 419], [26.660, 419], [26.724, 419], [26.912, 420], [26.956, 421], [26.993, 426], [27.028, 431], [27.072, 432], [27.113, 435], [27.154, 438], [27.189, 443], [27.230, 443], [27.266, 443], [27.388, 426], [27.470, 426], [27.498, 428], [27.524, 429], [27.531, 429], [27.543, 429], [27.559, 429], [27.597, 426], [27.621, 426], [27.659, 424], [27.720, 423], [27.796, 423], [27.860, 424], [27.941, 424], [27.965, 425], [28.014, 425], [28.153, 425], [28.251, 427], [28.257, 429], [28.263, 430], [28.346, 430], [28.435, 429], [28.554, 430], [28.605, 431], [28.633, 432], [28.639, 434], [28.644, 434], [28.649, 434], [28.662, 434], [28.685, 433], [28.692, 432], [28.721, 431], [28.734, 427], [28.751, 427], [28.761, 427], [28.771, 427], [28.778, 426], [28.785, 425], [28.791, 425], [28.804, 425], [28.823, 425], [28.845, 425], [28.868, 425], [28.938, 425], [28.943, 427], [28.958, 427], [28.964, 429], [28.972, 430], [28.987, 429], [29.014, 427], [29.039, 425], [29.058, 426], [29.070, 426], [29.105, 425], [29.132, 424], [29.158, 425], [29.193, 425], [29.209, 425], [29.255, 425], [29.270, 426], [29.305, 426], [29.317, 425], [29.325, 425], [29.412, 425], [29.461, 420], [29.471, 422], [29.477, 422], [29.496, 422], [29.512, 422], [29.543, 422], [29.553, 423], [29.561, 423], [29.588, 424], [29.598, 427], [29.606, 425], [29.628, 425], [29.649, 426], [29.672, 425], [29.691, 425], [29.720, 424], [29.742, 422], [29.772, 421], [29.776, 422], [29.864, 422], [29.899, 423], [29.920, 423], [29.980, 425], [30.015, 428], [30.022, 428], [30.029, 427], [30.039, 425], [30.051, 423], [30.118, 423], [30.167, 423], [30.214, 423], [30.224, 424], [30.290, 427], [30.292, 427], [30.317, 427], [30.346, 429], [30.383, 433], [30.429, 439], [30.458, 441], [30.486, 444], [30.503, 445], [30.545, 445], [30.596, 444], [30.606, 444], [30.643, 443], [30.655, 443], [30.674, 442], [30.691, 442], [30.708, 442], [30.716, 442], [30.724, 442], [30.732, 441], [30.749, 437], [30.763, 434], [30.776, 431], [30.789, 429], [30.799, 428], [30.807, 428], [30.814, 429], [30.825, 428], [30.834, 428], [30.853, 427], [30.880, 425], [30.892, 427], [30.913, 427], [30.937, 426], [31.000, 426], [31.066, 426], [31.106, 426], [31.166, 426], [31.178, 425], [31.210, 424], [31.215, 425], [31.229, 426], [31.247, 426], [31.264, 426], [31.397, 426], [31.448, 426], [31.463, 426], [31.555, 427], [31.613, 427], [31.659, 427], [31.708, 428], [31.733, 427], [31.765, 427], [31.965, 429], [32.038, 430], [32.055, 434], [32.076, 435], [32.105, 436], [32.116, 438], [32.125, 438], [32.139, 439], [32.164, 439], [32.204, 440], [32.217, 438], [32.261, 438], [32.272, 439], [32.279, 440], [32.283, 441], [32.302, 443], [32.314, 444], [32.322, 445], [32.332, 446], [32.345, 448], [32.358, 451], [32.381, 456], [32.390, 456], [32.407, 456], [32.426, 456], [32.436, 456], [32.486, 457], [32.526, 460], [32.563, 462], [32.582, 463], [32.609, 466], [32.635, 469], [32.664, 472], [32.689, 475], [32.727, 477], [32.747, 478], [32.763, 479], [32.780, 480], [32.795, 482], [32.801, 482], [32.826, 482], [32.844, 484], [32.854, 484], [32.861, 485], [32.870, 485], [32.877, 485], [32.934, 485], [32.964, 485], [32.979, 492], [33.011, 493], [33.024, 494], [33.037, 491], [33.053, 487], [33.069, 485], [33.088, 484], [33.104, 480], [33.109, 474], [33.126, 470], [33.150, 469], [33.197, 467], [33.242, 469], [33.292, 465], [33.365, 461], [33.392, 462], [33.417, 464], [33.525, 465], [33.566, 463], [33.591, 463], [33.617, 463], [33.642, 465], [33.670, 468], [33.710, 468], [33.843, 465], [33.885, 463], [33.948, 456], [34.019, 449], [34.041, 449], [34.057, 449], [34.086, 450], [34.104, 452], [34.267, 465], [34.431, 468], [34.552, 473], [34.646, 469], [34.747, 472], [34.768, 470], [34.809, 474], [34.842, 475], [34.873, 472], [34.885, 471], [34.896, 470], [34.901, 471], [34.906, 472], [34.922, 476], [34.930, 477], [34.938, 479], [34.943, 481], [34.949, 483], [35.113, 470], [35.143, 472], [35.161, 474], [35.176, 476], [35.204, 484], [35.273, 485], [35.292, 487], [35.304, 484], [35.311, 483], [35.319, 483], [35.324, 483], [35.331, 485], [35.339, 488], [35.345, 490], [35.349, 491], [35.357, 491], [35.377, 489], [35.399, 499], [35.461, 498], [35.504, 488], [35.566, 497], [35.657, 485], [35.710, 489], [35.724, 488], [35.760, 478], [35.773, 476], [35.803, 473], [35.814, 474], [35.823, 474], [35.850, 467], [35.876, 469], [35.926, 470], [35.951, 472], [35.979, 479], [36.026, 480], [36.078, 489], [36.115, 488], [36.154, 488], [36.258, 486], [36.325, 487], [36.331, 483], [36.351, 483], [36.355, 469], [36.358, 466], [36.361, 463], [36.380, 463], [36.385, 463], [36.390, 460], [36.396, 457], [36.414, 457], [36.421, 454], [36.423, 451], [36.426, 450], [36.431, 449], [36.437, 447], [36.441, 446], [36.444, 445], [36.448, 444], [36.450, 443], [36.452, 443], [36.455, 443], [36.459, 442], [36.461, 442], [36.468, 442], [36.488, 442], [36.506, 443], [36.517, 443], [36.703, 443], [36.931, 446], [37.064, 446], [37.124, 446], [37.169, 445], [37.180, 445], [37.197, 446], [37.208, 448], [37.235, 449], [37.254, 450], [37.268, 450], [37.284, 449], [37.312, 446], [37.342, 446], [37.374, 447], [37.385, 446], [37.399, 447], [37.417, 448], [37.437, 448], [37.454, 448], [37.477, 447], [37.496, 446], [37.519, 448], [37.529, 449], [37.539, 449], [37.550, 449], [37.568, 449], [37.584, 449], [37.603, 451], [37.620, 450], [37.641, 448], [37.665, 451], [37.699, 450], [37.726, 451], [37.746, 448], [37.761, 449], [37.793, 450], [37.825, 449], [37.863, 449], [38.029, 449], [38.095, 461], [38.117, 456], [38.152, 455], [38.171, 455], [38.192, 453], [38.227, 457], [38.268, 453], [38.304, 452], [38.327, 452], [38.387, 452], [38.421, 449], [38.424, 447], [38.463, 446], [38.482, 451], [38.502, 453], [38.537, 454], [38.559, 451], [38.579, 451], [38.608, 453], [38.635, 452], [38.638, 449], [38.649, 449], [38.664, 447], [38.814, 448], [38.842, 445], [38.867, 445], [38.881, 445], [38.909, 444], [38.943, 442], [38.987, 439], [39.010, 439], [39.018, 439], [39.031, 439], [39.057, 439], [39.095, 441], [39.178, 441], [39.187, 442], [39.198, 444], [39.208, 443], [39.215, 443], [39.227, 443], [39.234, 444], [39.262, 445], [39.277, 450], [39.290, 452], [39.300, 455], [39.348, 456], [39.396, 451], [39.425, 449], [39.471, 450], [39.492, 453], [39.504, 455], [39.513, 456], [39.521, 458], [39.528, 459], [39.546, 461], [39.557, 469], [39.570, 469], [39.578, 473], [39.602, 473], [39.626, 473], [39.652, 471], [39.669, 470], [39.680, 468], [39.689, 465], [39.695, 464], [39.718, 463], [39.779, 462], [39.810, 466], [39.834, 462], [39.853, 462], [39.870, 462], [39.879, 466], [39.892, 467], [39.916, 466], [39.930, 465], [39.938, 467], [39.954, 466], [39.986, 465], [40.000, 468], [40.015, 468], [40.032, 467], [40.042, 470], [40.050, 470], [40.058, 470], [40.070, 469], [40.101, 467], [40.123, 459], [40.142, 455], [40.155, 455], [40.175, 454], [40.185, 453], [40.191, 453], [40.207, 453], [40.225, 453], [40.241, 455], [40.262, 455], [40.286, 456], [40.295, 457], [40.303, 458], [40.338, 458], [40.383, 455], [40.400, 454], [40.437, 455], [40.486, 454], [40.498, 456], [40.507, 455], [40.520, 455], [40.527, 455], [40.535, 455], [40.566, 455], [40.595, 460], [40.627, 459], [40.646, 457], [40.662, 456], [40.675, 455], [40.683, 454], [40.700, 454], [40.728, 455], [40.746, 455], [40.756, 455], [40.773, 455], [40.793, 454], [40.813, 455], [40.831, 456], [40.847, 459], [40.871, 461], [40.893, 462], [40.907, 463], [40.917, 462], [40.928, 461], [40.972, 460], [40.996, 463], [41.015, 462], [41.027, 460], [41.041, 459], [41.061, 458], [41.076, 457], [41.096, 457], [41.112, 458], [41.166, 456], [41.180, 454], [41.198, 454], [41.225, 453], [41.227, 451], [41.239, 451], [41.252, 450], [41.258, 449], [41.265, 448], [41.278, 448], [41.284, 447], [41.289, 447], [41.294, 447], [41.301, 447], [41.307, 448], [41.319, 449], [41.347, 451], [41.377, 451], [41.405, 452], [41.414, 451], [41.424, 451], [41.433, 450], [41.445, 447], [41.456, 447], [41.461, 447], [41.465, 447], [41.469, 447], [41.485, 446], [41.498, 447], [41.512, 446], [41.577, 446], [41.592, 449], [41.617, 449], [41.629, 449], [41.663, 450], [41.684, 450], [41.693, 448], [41.711, 447], [41.732, 448], [41.755, 448], [41.793, 448], [41.822, 448], [41.928, 448], [41.953, 447], [41.969, 447], [41.985, 447], [42.010, 447], [42.031, 447], [42.047, 448], [42.063, 448], [42.073, 448], [42.087, 449], [42.108, 449], [42.121, 449], [42.142, 449], [42.146, 450], [42.178, 450], [42.210, 451], [42.214, 453], [42.302, 453], [42.315, 454], [42.332, 453], [42.338, 452], [42.342, 452], [42.365, 451], [42.404, 450], [42.439, 450], [42.465, 452], [42.494, 453], [42.602, 453], [42.630, 456], [42.727, 457], [42.779, 462], [42.810, 461], [42.851, 458], [42.872, 458], [42.914, 458], [42.936, 459], [42.949, 457], [42.958, 456], [42.971, 456], [42.977, 456], [42.993, 456], [43.005, 455], [43.013, 455], [43.024, 455], [43.031, 455], [43.038, 454], [43.045, 454], [43.062, 454], [43.067, 453], [43.098, 452], [43.110, 453], [43.118, 453], [43.128, 454], [43.148, 454], [43.164, 454], [43.186, 454], [43.204, 453], [43.211, 453], [43.225, 454], [43.238, 454], [43.267, 455], [43.278, 455], [43.323, 456], [43.347, 460], [43.369, 458], [43.373, 456], [43.378, 456], [43.395, 456], [43.421, 458], [43.444, 461], [43.475, 465], [43.498, 472], [43.527, 476], [43.555, 479], [43.569, 477], [43.588, 476], [43.616, 475], [43.636, 478], [43.659, 479], [43.666, 476], [43.672, 475], [43.676, 475], [43.681, 475], [43.690, 475], [43.697, 476], [43.704, 477], [43.708, 478], [43.715, 478], [43.726, 480], [43.739, 484], [43.756, 488], [43.772, 495], [43.781, 498], [43.794, 495], [43.803, 492], [43.810, 489], [43.836, 488], [43.850, 485], [43.861, 486], [43.882, 486], [43.892, 487], [43.899, 486], [43.906, 485], [43.912, 485], [43.922, 486], [43.928, 488], [43.933, 489], [43.939, 488], [43.947, 486], [43.955, 482], [43.970, 479], [43.980, 474], [43.986, 471], [43.992, 470], [43.997, 470], [44.002, 471], [44.027, 472], [44.034, 471], [44.044, 471], [44.054, 472], [44.068, 473], [44.077, 474], [44.093, 474], [44.122, 475], [44.141, 477], [44.151, 480], [44.164, 480], [44.173, 482], [44.181, 482], [44.189, 482], [44.193, 481], [44.200, 480], [44.205, 479], [44.215, 480], [44.229, 480], [44.239, 478], [44.251, 476], [44.263, 475], [44.271, 475], [44.290, 472], [44.298, 472], [44.309, 471], [44.313, 468], [44.345, 467], [44.373, 466], [44.387, 464], [44.403, 465], [44.416, 467], [44.431, 470], [44.444, 473], [44.454, 475], [44.467, 476], [44.477, 475], [44.512, 473], [44.524, 468], [44.535, 469], [44.544, 470], [44.559, 472], [44.577, 477], [44.586, 483], [44.593, 486], [44.600, 486], [44.617, 485], [44.682, 483], [44.698, 482], [44.717, 479], [44.729, 479], [44.737, 479], [44.746, 479], [44.758, 479], [44.784, 480], [44.830, 484], [44.836, 484], [44.891, 482], [44.904, 476], [44.923, 476], [44.942, 476], [44.953, 475], [44.959, 474], [44.969, 474], [44.985, 474], [44.998, 475], [45.006, 475], [45.029, 475], [45.043, 475], [45.053, 474], [45.062, 473], [45.070, 473], [45.081, 472], [45.090, 471], [45.095, 471], [45.103, 470], [45.105, 470], [45.133, 468], [45.149, 468], [45.167, 467], [45.180, 466], [45.184, 466], [45.208, 465], [45.229, 464], [45.237, 464], [45.245, 464], [45.252, 464], [45.270, 463], [45.341, 462], [45.361, 462], [45.382, 463], [45.397, 463], [45.431, 464], [45.444, 465], [45.496, 470], [45.528, 473], [45.538, 473], [45.547, 473], [45.557, 471], [45.577, 471], [45.631, 469], [45.685, 470], [45.719, 471], [45.744, 474], [45.750, 475], [45.762, 478], [45.786, 479], [45.803, 479], [45.822, 478], [45.844, 480], [45.863, 480], [45.875, 478], [45.879, 475], [45.885, 474], [45.928, 469], [45.943, 467], [45.963, 465], [45.969, 465], [45.981, 463], [45.989, 462], [46.009, 461], [46.032, 460], [46.043, 460], [46.051, 459], [46.059, 459], [46.068, 459], [46.077, 460], [46.088, 461], [46.110, 461], [46.116, 459], [46.124, 459], [46.131, 459], [46.144, 459], [46.156, 459], [46.195, 459], [46.304, 458], [46.363, 460], [46.380, 461], [46.390, 461], [46.403, 461], [46.417, 462], [46.441, 460], [46.452, 458], [46.460, 458], [46.469, 458], [46.479, 458], [46.518, 458], [46.543, 458], [46.555, 458], [46.570, 458], [46.598, 457], [46.631, 458], [46.668, 458], [46.727, 458], [46.796, 457], [46.868, 455], [46.875, 456], [46.881, 456], [46.921, 456], [46.959, 455], [46.973, 456], [47.012, 456], [47.052, 456], [47.071, 457], [47.083, 457], [47.090, 457], [47.100, 457], [47.121, 458], [47.183, 458], [47.255, 464], [47.314, 465], [47.329, 466], [47.348, 469], [47.370, 471], [47.393, 466], [47.429, 466], [47.449, 468], [47.474, 467], [47.563, 469], [47.598, 471], [47.618, 476], [47.643, 477], [47.650, 475], [47.660, 473], [47.666, 472], [47.675, 472], [47.685, 473], [47.694, 474], [47.704, 473], [47.722, 473], [47.735, 473], [47.759, 472], [47.818, 470], [47.856, 471], [47.881, 472], [47.920, 472], [48.090, 473], [48.112, 470], [48.162, 470], [48.207, 474], [48.315, 472], [48.373, 473], [48.494, 473], [48.508, 477], [48.528, 479], [48.556, 478], [48.570, 475], [48.581, 473], [48.604, 475], [48.698, 478], [48.719, 475], [48.733, 477], [48.753, 478], [48.775, 478], [48.794, 483], [48.815, 484], [48.836, 484], [48.856, 488], [48.875, 492], [48.911, 495], [48.927, 498], [48.977, 499], [49.077, 504], [49.110, 475], [49.129, 475], [49.217, 475], [49.247, 473], [49.273, 474], [49.284, 474], [49.296, 475], [49.316, 475], [49.342, 477], [49.413, 478], [49.504, 476], [49.515, 475], [49.520, 474], [49.524, 474], [49.527, 474], [49.529, 473], [49.533, 473], [49.534, 472], [49.537, 472], [49.541, 472], [49.543, 471], [49.548, 471], [49.551, 470], [49.553, 470], [49.558, 470], [49.562, 470], [49.566, 470], [49.573, 469], [49.582, 469], [49.599, 469], [49.679, 470], [49.807, 469], [49.869, 470], [49.874, 469], [49.894, 469], [49.950, 469], [50.050, 469], [50.219, 470], [50.236, 475], [50.255, 477], [50.279, 477], [50.307, 475], [50.325, 471], [50.386, 470], [50.435, 471], [50.462, 471], [50.496, 474], [50.584, 480], [50.608, 486], [50.630, 488], [50.653, 488], [50.677, 486], [50.705, 485], [50.722, 482], [50.746, 483], [50.772, 481], [50.796, 479], [50.817, 475], [50.841, 473], [50.853, 473], [50.868, 473], [50.887, 473], [50.900, 471], [50.922, 473], [50.940, 472], [50.983, 471], [51.025, 472], [51.029, 470], [51.065, 470], [51.096, 471], [51.200, 471], [51.236, 471], [51.269, 470], [51.290, 469], [51.305, 470], [51.321, 470], [51.354, 470], [51.369, 470], [51.377, 469], [51.385, 469], [51.400, 469], [51.413, 469], [51.430, 469], [51.439, 469], [51.445, 469], [51.454, 469], [51.465, 469], [51.521, 468], [51.552, 468], [51.577, 469], [51.587, 469], [51.590, 469], [51.601, 469], [51.620, 470], [51.945, 469], [52.037, 469], [52.079, 470], [52.107, 470], [52.131, 469], [52.156, 469], [52.184, 469], [52.206, 470], [52.228, 470], [52.252, 471], [52.275, 473], [52.341, 476], [52.378, 475], [52.386, 475], [52.393, 475], [52.413, 477], [52.417, 477], [52.424, 478], [52.439, 481], [52.451, 481], [52.469, 483], [52.541, 482], [52.575, 477], [52.600, 476], [52.627, 476], [52.670, 476], [52.704, 476], [52.742, 477], [52.768, 477], [52.788, 477], [52.809, 476], [52.832, 477], [52.849, 477], [52.865, 477], [52.875, 477], [52.882, 478], [52.910, 478], [52.928, 479], [52.944, 479], [52.995, 478], [53.006, 474], [53.017, 473], [53.032, 473], [53.047, 473], [53.060, 473], [53.070, 472], [53.080, 471], [53.089, 471], [53.133, 471], [53.142, 472], [53.156, 472], [53.260, 472], [53.279, 473], [53.295, 472], [53.308, 472], [53.325, 472], [53.352, 472], [53.364, 472], [53.373, 472], [53.415, 472], [53.431, 473], [53.471, 473], [53.485, 473], [53.495, 473], [53.502, 474], [53.514, 474], [53.534, 475], [53.544, 476], [53.549, 476], [53.564, 475], [53.603, 475], [53.617, 473], [53.627, 473], [53.635, 474], [53.649, 474], [53.670, 475], [53.706, 476], [53.718, 476], [53.732, 476], [53.745, 476], [53.755, 477], [53.768, 477], [53.800, 477], [53.803, 477], [53.807, 477], [53.813, 477], [53.823, 477], [53.839, 478], [53.857, 478], [53.903, 477], [53.923, 475], [53.946, 476], [53.964, 479], [53.982, 481], [53.999, 479], [54.010, 477], [54.021, 477], [54.032, 477], [54.045, 478], [54.061, 479], [54.065, 480], [54.069, 480], [54.081, 480], [54.099, 480], [54.119, 480], [54.130, 480], [54.138, 480], [54.146, 479], [54.159, 479], [54.202, 479], [54.226, 479], [54.242, 480], [54.250, 480], [54.260, 480], [54.276, 480], [54.315, 480], [54.353, 480], [54.378, 480], [54.411, 480], [54.426, 479], [54.459, 478], [54.485, 478], [54.498, 479], [54.550, 480], [54.593, 478], [54.622, 480], [54.652, 482], [54.675, 493], [54.696, 487], [54.703, 484], [54.711, 484], [54.721, 484], [54.730, 483], [54.738, 482], [54.745, 482], [54.750, 481], [54.759, 481], [54.778, 481], [54.791, 479], [54.804, 478], [54.819, 478], [54.846, 477], [54.894, 477], [54.899, 475], [54.902, 475], [54.907, 475], [54.911, 476], [54.919, 477], [54.925, 478], [54.994, 479], [55.019, 480], [55.042, 480], [55.048, 480], [55.068, 480], [55.092, 479], [55.106, 480], [55.118, 479], [55.122, 479], [55.127, 479], [55.135, 479], [55.143, 479], [55.151, 479], [55.159, 478], [55.220, 477], [55.234, 477], [55.243, 477], [55.259, 477], [55.275, 479], [55.304, 481], [55.306, 483], [55.309, 483], [55.317, 483], [55.324, 485], [55.336, 485], [55.346, 486], [55.350, 487], [55.354, 487], [55.360, 487], [55.367, 487], [55.371, 487], [55.374, 487], [55.410, 487], [55.427, 488], [55.442, 489], [55.466, 489], [55.485, 489], [55.492, 489], [55.499, 490], [55.502, 490], [55.511, 490], [55.526, 489], [55.529, 489], [55.531, 489], [55.534, 489], [55.537, 489], [55.564, 489], [55.568, 485], [55.570, 484], [55.573, 484], [55.586, 483], [55.590, 483], [55.593, 483], [55.598, 483], [55.603, 483], [55.619, 482], [55.620, 482], [55.622, 482], [55.637, 482], [55.648, 482], [55.664, 483], [55.681, 484], [55.702, 485], [55.717, 487], [55.738, 489], [55.789, 492], [55.838, 493], [55.873, 495], [55.890, 496], [55.961, 495], [55.976, 497], [56.010, 498], [56.020, 497], [56.026, 497], [56.029, 497], [56.046, 497], [56.078, 497], [56.133, 497], [56.145, 497], [56.173, 497], [56.232, 499], [56.290, 500], [56.355, 501], [56.395, 500], [56.437, 502], [56.466, 503], [56.475, 503], [56.497, 507], [56.524, 506], [56.536, 505], [56.546, 505], [56.588, 503], [56.604, 503], [56.642, 503], [56.680, 504], [56.702, 504], [56.740, 504], [56.760, 504], [56.826, 505], [56.886, 508], [56.900, 507], [56.903, 507], [56.910, 506], [56.916, 506], [56.930, 506], [56.960, 506], [56.988, 505], [57.036, 506], [57.060, 505], [57.141, 504], [57.203, 504], [57.239, 505], [57.290, 500], [57.296, 499], [57.327, 499], [57.374, 499], [57.385, 497], [57.456, 497], [57.472, 496], [57.501, 496], [57.523, 496], [57.530, 496], [57.578, 496], [57.628, 494], [57.667, 491], [57.684, 495], [57.724, 493], [57.785, 493], [57.822, 492], [57.847, 491], [57.931, 491], [57.950, 492], [57.963, 492], [58.016, 492], [58.058, 494], [58.164, 496], [58.230, 492], [58.265, 494], [58.285, 496], [58.300, 497], [58.429, 496], [58.462, 495], [58.536, 494], [58.581, 496], [58.703, 496], [58.793, 494], [58.824, 493], [58.875, 492], [58.928, 493], [58.966, 492], [59.014, 493], [59.082, 497], [59.114, 497], [59.180, 495], [59.239, 498], [59.259, 502], [59.279, 502], [59.282, 502], [59.330, 503], [59.355, 503], [59.367, 502], [59.373, 502], [59.380, 501], [59.386, 501], [59.394, 501], [59.406, 501], [59.421, 500], [59.432, 500], [59.439, 500], [59.445, 500], [59.450, 499], [59.458, 499], [59.489, 499], [59.495, 500], [59.498, 500], [59.507, 501], [59.526, 502], [59.545, 504], [59.607, 503], [59.617, 503], [59.621, 503], [59.625, 503], [59.641, 504], [59.666, 504], [59.675, 505], [59.689, 505], [59.709, 503], [59.737, 504], [59.757, 504], [59.772, 504], [59.782, 504], [59.791, 505], [59.800, 506], [59.839, 509], [59.860, 508], [59.872, 507], [59.897, 511], [59.915, 516], [59.924, 515], [59.932, 513], [59.946, 508], [59.957, 504], [59.993, 497], [60.031, 501], [60.083, 504], [60.088, 505], [60.094, 506], [60.129, 506], [60.140, 506], [60.148, 507], [60.161, 510], [60.165, 510], [60.175, 510], [60.180, 509], [60.204, 506], [60.232, 505], [60.239, 505], [60.252, 505], [60.303, 506], [60.313, 507], [60.322, 506], [60.325, 505], [60.334, 504], [60.338, 504], [60.344, 504], [60.364, 504], [60.373, 502], [60.375, 502], [60.382, 502], [60.384, 503], [60.390, 504], [60.399, 504], [60.402, 505], [60.404, 506], [60.414, 506], [60.419, 507], [60.430, 508], [60.450, 506], [60.475, 504], [60.504, 502], [60.522, 502], [60.527, 502], [60.530, 503], [60.537, 503], [60.543, 503], [60.547, 503], [60.551, 503], [60.564, 503], [60.584, 503], [60.600, 503], [60.619, 503], [60.635, 503], [60.655, 503], [60.666, 503], [60.673, 502], [60.687, 502], [60.699, 502], [60.711, 502], [60.719, 501], [60.727, 502], [60.740, 502], [60.750, 501], [60.767, 501], [60.795, 502], [60.815, 501], [60.831, 501], [60.847, 500], [60.852, 501], [60.856, 501], [60.880, 501], [60.887, 501], [60.910, 501], [60.925, 502], [60.948, 502], [60.966, 502], [60.978, 503], [60.982, 502], [60.989, 503], [60.994, 503], [60.999, 503], [61.035, 503], [61.075, 504], [61.113, 507], [61.135, 507], [61.139, 505], [61.145, 505], [61.200, 505], [61.214, 507], [61.243, 508], [61.290, 507], [61.321, 508], [61.391, 509], [61.407, 511], [61.422, 511], [61.445, 509], [61.468, 508], [61.478, 508], [61.494, 509], [61.505, 510], [61.570, 508], [61.591, 508], [61.608, 507], [61.611, 507], [61.615, 508], [61.954, 508], [61.993, 514], [62.037, 514], [62.069, 517], [62.082, 517], [62.089, 517], [62.116, 518], [62.146, 521], [62.221, 520], [62.301, 519], [62.382, 517], [62.428, 515], [62.448, 514], [62.457, 513], [62.464, 513], [62.475, 512], [62.489, 512], [62.551, 512], [62.578, 510], [62.597, 511], [62.640, 510], [62.688, 514], [62.744, 514], [62.774, 513], [62.803, 515], [62.811, 517], [62.822, 517], [62.837, 517], [62.843, 517], [62.848, 517], [62.853, 517], [62.856, 517], [62.859, 517], [62.860, 517], [62.862, 517], [62.863, 517], [62.874, 516], [62.879, 516], [62.883, 516], [62.893, 517], [62.895, 517], [62.898, 517], [62.909, 517], [62.914, 517], [62.917, 517], [62.928, 517], [62.935, 517], [62.939, 518], [62.955, 518], [62.966, 518], [62.985, 517], [62.988, 517], [62.990, 517], [62.997, 517], [63.001, 517], [63.006, 516], [63.011, 516], [63.064, 515], [63.090, 516], [63.152, 514], [63.217, 514], [63.310, 512], [63.315, 512], [63.326, 512], [63.341, 513], [63.351, 513], [63.364, 513], [63.377, 513], [63.394, 514], [63.425, 514], [63.458, 515], [63.469, 514], [63.475, 514], [63.520, 512], [63.559, 513], [63.563, 514], [63.626, 515], [63.651, 514], [63.672, 515], [63.693, 516], [63.707, 517], [63.723, 518], [63.754, 519], [63.803, 518], [63.818, 517], [63.848, 518], [63.859, 518], [63.872, 518], [63.887, 517], [63.931, 517], [63.954, 515], [63.993, 515], [64.003, 515], [64.024, 516], [64.089, 519], [64.103, 519], [64.132, 517], [64.143, 517], [64.154, 517], [64.164, 518], [64.174, 518], [64.196, 519], [64.208, 519], [64.214, 520], [64.221, 520], [64.238, 520], [64.250, 519], [64.259, 519], [64.279, 518], [64.296, 519], [64.332, 520], [64.351, 521], [64.363, 522], [64.383, 525], [64.397, 525], [64.406, 524], [64.419, 522], [64.425, 522], [64.434, 523], [64.447, 523], [64.462, 523], [64.473, 524], [64.487, 524], [64.499, 523], [64.509, 523], [64.522, 524], [64.535, 524], [64.553, 523], [64.571, 522], [64.589, 522], [64.597, 523], [64.610, 524], [64.624, 526], [64.646, 529], [64.666, 530], [64.685, 532], [64.703, 534], [64.723, 534], [64.745, 530], [64.768, 526], [64.783, 526], [64.794, 526], [64.802, 528], [64.808, 529], [64.824, 529], [64.839, 526], [64.851, 526], [64.853, 526], [64.855, 526], [64.864, 526], [64.884, 525], [64.902, 523], [64.922, 521], [64.945, 520], [64.968, 520], [64.989, 520], [65.008, 521], [65.025, 521], [65.037, 522], [65.046, 523], [65.070, 523], [65.137, 523], [65.238, 523], [65.273, 524], [65.314, 523], [65.319, 523], [65.327, 524], [65.337, 524], [65.343, 524], [65.348, 523], [65.355, 523], [65.360, 523], [65.364, 523], [65.369, 523], [65.377, 523], [65.382, 523], [65.388, 524], [65.396, 524], [65.429, 524], [65.439, 523], [65.466, 524], [65.526, 525], [65.531, 525], [65.656, 525], [65.669, 525], [65.687, 523], [65.703, 521], [65.744, 522], [65.763, 524], [65.764, 524], [65.773, 525], [65.785, 525], [65.795, 525], [65.805, 525], [65.809, 525], [65.823, 525], [65.832, 525], [65.841, 525], [65.854, 525], [65.876, 526], [65.902, 526], [65.910, 526], [65.924, 526], [65.944, 526], [65.971, 526], [65.975, 526], [65.991, 526], [66.012, 526], [66.028, 527], [66.048, 528], [66.061, 528], [66.072, 528], [66.092, 527], [66.132, 528], [66.164, 527], [66.195, 526], [66.229, 527], [66.279, 525], [66.318, 526], [66.349, 527], [66.354, 527], [66.364, 526], [66.386, 526], [66.407, 527], [66.427, 527], [66.441, 527], [66.456, 527], [66.463, 526], [66.492, 527], [66.522, 527], [66.547, 527], [66.595, 527], [66.619, 527], [66.638, 528], [66.648, 528], [66.657, 528], [66.669, 528], [66.696, 528], [66.720, 528], [66.745, 528], [66.773, 528], [66.806, 528], [66.824, 528], [66.840, 529], [66.875, 529], [66.892, 529], [66.912, 529], [66.934, 529], [66.968, 529], [67.037, 530], [67.138, 530], [67.145, 530], [67.147, 530], [67.158, 530], [67.181, 532], [67.205, 533], [67.268, 531], [67.342, 530], [67.351, 531], [67.356, 531], [67.364, 531], [67.370, 531], [67.377, 531], [67.381, 531], [67.387, 531], [67.394, 531], [67.400, 531], [67.407, 531], [67.414, 531], [67.416, 532], [67.428, 531], [67.511, 532], [67.557, 531], [67.600, 530], [67.637, 531], [67.715, 533], [67.718, 533], [67.720, 533], [67.722, 532], [67.727, 532], [67.732, 532], [67.734, 532], [67.738, 532], [67.741, 532], [67.793, 532], [67.813, 534], [67.865, 532], [67.875, 533], [67.878, 533], [67.905, 533], [67.912, 533], [67.928, 533], [67.963, 533], [67.983, 534], [67.989, 534], [68.010, 535], [68.026, 536], [68.037, 535], [68.068, 535], [68.072, 536], [68.076, 536], [68.079, 536], [68.086, 536], [68.092, 535], [68.106, 535], [68.112, 535], [68.131, 535], [68.181, 535], [68.217, 534], [68.263, 534], [68.294, 535], [68.323, 534], [68.381, 534], [68.425, 536], [68.456, 536], [68.462, 535], [68.546, 535], [68.574, 537], [68.622, 538], [68.631, 538], [68.676, 537], [68.703, 538], [68.716, 537], [68.720, 537], [68.905, 535], [69.217, 534], [69.706, 538], [69.789, 537], [69.831, 538], [69.885, 538], [69.892, 538], [69.898, 539], [69.964, 540], [70.027, 541], [70.162, 543], [70.173, 543], [70.185, 543], [70.216, 545], [70.231, 546], [70.261, 545], [70.273, 546], [70.312, 548], [70.354, 550], [70.360, 550], [70.367, 550], [70.370, 550], [70.390, 549], [70.405, 549], [70.455, 549], [70.490, 549], [70.536, 548], [70.542, 548], [70.585, 545], [70.593, 544], [70.626, 543], [70.635, 542], [70.640, 542], [70.644, 541], [70.656, 541], [70.676, 541], [70.717, 540], [70.753, 540], [70.767, 541], [70.792, 542], [70.799, 542], [70.828, 541], [70.877, 541], [70.913, 541], [71.026, 541], [71.089, 542], [71.156, 543], [71.228, 544], [71.254, 543], [71.263, 543], [71.273, 543], [71.285, 543], [71.360, 542], [71.421, 542], [71.501, 542], [71.572, 542], [71.606, 542], [71.653, 542], [71.703, 542], [71.743, 543], [71.786, 544], [71.867, 545], [71.902, 546], [71.910, 546], [71.926, 546], [71.930, 546], [71.937, 545], [71.978, 543], [72.008, 543], [72.018, 544], [72.047, 544], [72.076, 544], [72.086, 545], [72.104, 545], [72.113, 546], [72.122, 546], [72.147, 547], [72.181, 546], [72.215, 546], [72.243, 546], [72.270, 546], [72.282, 545], [72.292, 545], [72.305, 545], [72.315, 545], [72.324, 545], [72.392, 546], [72.425, 546], [72.462, 549], [72.510, 547], [72.513, 547], [72.526, 547], [72.532, 547], [72.540, 547], [72.550, 547], [72.632, 548], [72.663, 549], [72.696, 550], [72.703, 550], [72.712, 550], [72.745, 549], [72.771, 550], [72.799, 551], [72.823, 551], [72.855, 550], [72.903, 550], [72.924, 550], [72.951, 550], [72.973, 549], [72.991, 549], [73.016, 548], [73.041, 548], [73.062, 548], [73.082, 549], [73.115, 551], [73.216, 555], [73.298, 555], [73.350, 553], [73.401, 553], [73.489, 553], [73.517, 551], [73.558, 551], [73.600, 552], [73.644, 552], [73.667, 551], [73.759, 550], [73.788, 551], [73.810, 554], [73.839, 556], [73.946, 553], [73.974, 553], [74.006, 553], [74.035, 552], [74.100, 554], [74.138, 554], [74.173, 554], [74.195, 555], [74.208, 556], [74.219, 557], [74.248, 557], [74.317, 557], [74.327, 557], [74.374, 557], [74.481, 559], [74.496, 560], [74.522, 560], [74.535, 561], [74.628, 560], [74.648, 559], [74.665, 560], [74.699, 564], [74.763, 562], [74.902, 565], [74.947, 563], [74.981, 564], [74.989, 565], [74.997, 564], [75.004, 564], [75.015, 562], [75.038, 561], [75.045, 562], [75.050, 562], [75.073, 563], [75.111, 566], [75.131, 566], [75.151, 567], [75.186, 567], [75.274, 566], [75.277, 566], [75.319, 568], [75.351, 568], [75.358, 568], [75.367, 568], [75.369, 568], [75.481, 580], [75.489, 580], [75.495, 581], [75.504, 580], [75.510, 579], [75.515, 578], [75.550, 573], [75.572, 573], [75.576, 574], [75.581, 574], [75.588, 575], [75.590, 575], [75.594, 576], [75.598, 576], [75.616, 576], [75.620, 576], [75.621, 576], [75.629, 576], [75.634, 576], [75.652, 576], [75.662, 576], [75.675, 576], [75.724, 576], [75.735, 572], [75.754, 570], [75.768, 568], [75.782, 567], [75.785, 567], [75.803, 566], [75.808, 567], [75.845, 568], [75.877, 567], [75.893, 567], [75.921, 565], [75.960, 563], [75.986, 564], [76.015, 565], [76.056, 565], [76.098, 564], [76.137, 564], [76.173, 563], [76.288, 566], [76.369, 565], [76.423, 564], [76.439, 565], [76.456, 565], [76.464, 565], [76.484, 565], [76.540, 564], [76.660, 564], [76.750, 566], [76.805, 567], [76.871, 566], [76.922, 568], [76.954, 568], [76.976, 569], [77.027, 571], [77.030, 571], [77.067, 573], [77.098, 574], [77.106, 575], [77.112, 575], [77.139, 574], [77.171, 575], [77.183, 576], [77.218, 577], [77.299, 575], [77.311, 574], [77.352, 571], [77.399, 570], [77.466, 569], [77.590, 569], [77.669, 568], [77.748, 570], [77.787, 569], [77.794, 568], [77.800, 568], [77.806, 568], [77.820, 568], [77.849, 568], [77.871, 568], [77.899, 569], [77.923, 569], [77.959, 569], [78.001, 569], [78.025, 567], [78.058, 568], [78.071, 569], [78.105, 568], [78.143, 570], [78.174, 571], [78.220, 571], [78.256, 571], [78.287, 570], [78.339, 570], [78.361, 570], [78.378, 570], [78.403, 570], [78.431, 570], [78.445, 570], [78.460, 570], [78.468, 570], [78.474, 570], [78.478, 571], [78.485, 571], [78.562, 571], [78.566, 572], [78.584, 572], [78.589, 575], [78.592, 576], [78.596, 577], [78.601, 577], [78.628, 577], [78.659, 577], [78.682, 578], [78.700, 579], [78.706, 579], [78.710, 578], [78.754, 577], [78.760, 572], [78.762, 572], [78.764, 572], [78.766, 572], [78.769, 572], [78.818, 572], [78.874, 577], [78.936, 575], [78.989, 576], [79.011, 580], [79.049, 578], [79.100, 576], [79.131, 574], [79.186, 575], [79.290, 575], [79.325, 575], [79.332, 574], [79.340, 574], [79.350, 573], [79.360, 573], [79.382, 574], [79.388, 576], [79.395, 576], [79.465, 576], [79.490, 575], [79.505, 573], [79.528, 573], [79.544, 574], [79.588, 574], [79.694, 576], [79.722, 577], [79.760, 578], [79.786, 578], [79.810, 581], [79.840, 581], [79.876, 578], [79.932, 578], [79.992, 579], [80.040, 581], [80.069, 581], [80.112, 581], [80.138, 579], [80.159, 581], [80.196, 581], [80.201, 580], [80.209, 580], [80.222, 580], [80.234, 579], [80.282, 580], [80.291, 581], [80.306, 581], [80.317, 582], [80.330, 582], [80.342, 581], [80.349, 581], [80.368, 581], [80.422, 582], [80.441, 584], [80.461, 583], [80.513, 584], [80.542, 584], [80.581, 585], [80.607, 584], [80.635, 586], [80.681, 586], [80.709, 586], [80.723, 585], [80.754, 584], [80.759, 584], [80.781, 584], [80.822, 583], [80.839, 582], [80.869, 581], [80.900, 582], [80.943, 581], [80.969, 581], [80.979, 581], [80.999, 581], [81.004, 581], [81.028, 581], [81.044, 582], [81.057, 581], [81.065, 581], [81.076, 581], [81.113, 582], [81.130, 582], [81.145, 581], [81.167, 582], [81.184, 582], [81.191, 582], [81.220, 582], [81.249, 583], [81.285, 581], [81.320, 581], [81.390, 581], [81.425, 581], [81.446, 582], [81.470, 581], [81.486, 581], [81.531, 583], [81.573, 584], [81.582, 583], [81.595, 582], [81.649, 581], [81.679, 581], [81.703, 582], [81.723, 583], [81.740, 582], [81.792, 581], [81.804, 582], [81.860, 584], [81.917, 584], [81.952, 585], [81.971, 584], [81.989, 585], [81.998, 585], [82.008, 584], [82.017, 584], [82.053, 582], [82.119, 585], [82.160, 585], [82.182, 586], [82.184, 586], [82.190, 585], [82.198, 585], [82.207, 585], [82.212, 585], [82.241, 585], [82.284, 585], [82.290, 586], [82.300, 586], [82.315, 586], [82.320, 586], [82.339, 586], [82.343, 586], [82.360, 587], [82.370, 588], [82.413, 588], [82.437, 587], [82.466, 587], [82.512, 589], [82.551, 589], [82.558, 589], [82.584, 589], [82.597, 588], [82.622, 588], [82.646, 590], [82.675, 590], [82.692, 587], [82.716, 587], [82.727, 587], [82.740, 588], [82.761, 589], [82.788, 590], [82.808, 589], [82.815, 588], [82.824, 589], [82.839, 590], [82.844, 590], [82.859, 590], [82.880, 590], [82.892, 592], [82.895, 593], [82.924, 593], [82.942, 593], [82.956, 592], [82.970, 589], [82.986, 589], [83.017, 589], [83.042, 591], [83.058, 591], [83.072, 591], [83.139, 592], [83.152, 593], [83.163, 593], [83.178, 592], [83.191, 593], [83.217, 595], [83.233, 596], [83.261, 597], [83.294, 598], [83.344, 598], [83.400, 603], [83.532, 609], [83.586, 605], [83.647, 605], [83.698, 605], [83.773, 604], [83.859, 604], [83.895, 605], [83.901, 605], [83.910, 605], [83.915, 605], [83.920, 605], [83.924, 604], [83.931, 604], [83.935, 604], [83.940, 605], [83.945, 605], [83.955, 605], [83.960, 605], [83.965, 605], [84.037, 606], [84.112, 607], [84.217, 609], [84.282, 611], [84.450, 614], [84.520, 614], [84.582, 613], [84.633, 614], [84.681, 615], [84.690, 616], [84.694, 616], [84.700, 616], [84.718, 616], [84.768, 616], [84.773, 616], [84.785, 617], [84.793, 616], [84.809, 615], [84.840, 613], [84.882, 612], [84.920, 612], [84.967, 612], [84.977, 612], [85.014, 613], [85.021, 614], [85.041, 614], [85.056, 614], [85.076, 616], [85.081, 617], [85.102, 617], [85.110, 616], [85.125, 617], [85.131, 617], [85.139, 617], [85.156, 617], [85.201, 616], [85.248, 616], [85.341, 616], [85.487, 617], [85.565, 616], [85.620, 615], [85.653, 617], [85.660, 617], [85.667, 617], [85.675, 617], [85.688, 617], [85.696, 617], [85.705, 617], [85.711, 616], [85.717, 616], [85.724, 617], [85.731, 617], [85.749, 616], [85.754, 616], [85.765, 616], [85.778, 616], [85.802, 617], [85.811, 617], [85.877, 616], [85.908, 615], [85.922, 616], [85.956, 615], [85.982, 615], [86.001, 616], [86.011, 618], [86.048, 619], [86.112, 617], [86.125, 619], [86.145, 614], [86.188, 610], [86.190, 609], [86.193, 609], [86.207, 609], [86.237, 609], [86.271, 608], [86.292, 608], [86.318, 608], [86.366, 607], [86.371, 607], [86.376, 607], [86.395, 607], [86.430, 607], [86.445, 608], [86.466, 608], [86.496, 608], [86.513, 607], [86.531, 607], [86.545, 607], [86.596, 607], [86.630, 608], [86.668, 608], [86.674, 608], [86.682, 608], [86.694, 608], [86.706, 609], [86.733, 609], [86.798, 608], [86.813, 610], [86.825, 609], [86.838, 609], [86.847, 609], [86.901, 609], [86.919, 610], [86.985, 612], [87.017, 611], [87.018, 610], [87.040, 610], [87.058, 609], [87.071, 610], [87.094, 609], [87.138, 609], [87.143, 610], [87.149, 610], [87.149, 609], [87.158, 609], [87.168, 610], [87.176, 610], [87.199, 610], [87.237, 611], [87.253, 611], [87.269, 609], [87.279, 609], [87.285, 609], [87.306, 609], [87.314, 610], [87.318, 609], [87.324, 609], [87.337, 609], [87.356, 609], [87.368, 610], [87.374, 610], [87.409, 610], [87.443, 611], [87.447, 611], [87.451, 611], [87.454, 611], [87.456, 611], [87.464, 611], [87.488, 612], [87.565, 612], [87.626, 611], [87.663, 613], [87.731, 613], [87.784, 613], [87.841, 614], [87.890, 613], [87.948, 615], [88.029, 614], [88.095, 614], [88.157, 614], [88.211, 616], [88.316, 617], [88.421, 617], [88.462, 619], [88.506, 617], [88.580, 618], [88.601, 618], [88.642, 618], [88.656, 618], [88.680, 617], [88.685, 617], [88.689, 617], [88.693, 617], [88.697, 617], [88.705, 617], [88.709, 617], [88.725, 617], [88.741, 617], [88.786, 619], [88.875, 621], [88.962, 621], [89.076, 621], [89.142, 622], [89.264, 623], [89.319, 622], [89.341, 622], [89.427, 622], [89.432, 622], [89.501, 623], [89.536, 623], [89.559, 624], [89.647, 627], [89.674, 627], [89.685, 628], [89.707, 627], [89.720, 626], [89.724, 626], [89.774, 626], [89.811, 626], [89.858, 628], [89.911, 629], [89.937, 628], [89.978, 627], [89.991, 628], [90.006, 628], [90.021, 628], [90.030, 627], [90.041, 628], [90.051, 628], [90.063, 627], [90.077, 627], [90.096, 628], [90.104, 628], [90.112, 628], [90.129, 627], [90.173, 627], [90.198, 627], [90.219, 627], [90.223, 627], [90.257, 627], [90.271, 627], [90.277, 627], [90.307, 626], [90.347, 627], [90.401, 627], [90.463, 628], [90.486, 629], [90.502, 630], [90.521, 629], [90.548, 629], [90.572, 628], [90.601, 628], [90.639, 629], [90.677, 629], [90.709, 629], [90.733, 629], [90.757, 629], [90.797, 630], [90.818, 630], [90.840, 630], [90.894, 630], [90.928, 630], [90.942, 631], [90.962, 631], [91.002, 632], [91.010, 632], [91.019, 632], [91.030, 632], [91.048, 632], [91.062, 631], [91.077, 631], [91.084, 631], [91.092, 631], [91.097, 631], [91.107, 631], [91.120, 631], [91.152, 632], [91.183, 632], [91.215, 632], [91.232, 633], [91.236, 633], [91.240, 633], [91.247, 632], [91.264, 632], [91.276, 632], [91.289, 632], [91.308, 632], [91.326, 632], [91.336, 632], [91.349, 632], [91.359, 632], [91.379, 632], [91.550, 632], [91.570, 633], [91.626, 633], [91.695, 636], [91.753, 632], [91.847, 633], [91.918, 634], [91.989, 635], [92.104, 635], [92.168, 636], [92.177, 636], [92.182, 636], [92.213, 636], [92.253, 636], [92.269, 636], [92.311, 636], [92.331, 638], [92.370, 638], [92.389, 637], [92.446, 638], [92.490, 638], [92.515, 638], [92.545, 639], [92.574, 637], [92.588, 636], [92.637, 637], [92.649, 637], [92.653, 637], [92.674, 639], [92.714, 638], [92.778, 639], [92.868, 639], [92.933, 640], [92.937, 640], [92.942, 639], [92.950, 639], [92.964, 640], [93.052, 642], [93.063, 642], [93.084, 642], [93.124, 642], [93.205, 642], [93.239, 643], [93.269, 642], [93.303, 642], [93.337, 642], [93.361, 643], [93.385, 644], [93.392, 644], [93.438, 643], [93.447, 642], [93.455, 641], [93.490, 640], [93.507, 640], [93.513, 641], [93.540, 641], [93.567, 641], [93.593, 642], [93.597, 642], [93.604, 641], [93.607, 641], [93.612, 641], [93.621, 641], [93.631, 641], [93.647, 641], [93.659, 641], [93.678, 640], [93.697, 640], [93.711, 641], [93.729, 641], [93.801, 642], [93.846, 642], [93.866, 642], [93.879, 641], [93.891, 642], [93.908, 641], [93.923, 642], [93.930, 643], [93.939, 643], [93.952, 642], [93.964, 642], [93.980, 642], [93.986, 642], [93.993, 642], [94.004, 642], [94.015, 642], [94.028, 642], [94.076, 643], [94.102, 642], [94.122, 642], [94.161, 643], [94.188, 643], [94.300, 644], [94.325, 644], [94.345, 644], [94.360, 645], [94.368, 645], [94.373, 645], [94.383, 645], [94.399, 645], [94.942, 647], [95.123, 650], [95.240, 650], [95.260, 649], [95.269, 649], [95.388, 651], [95.528, 650], [95.559, 651], [95.586, 651], [95.598, 651], [95.680, 652], [95.729, 653], [95.765, 652], [95.804, 652], [95.839, 654], [95.878, 652], [95.893, 653], [95.921, 654], [95.945, 654], [95.974, 653], [95.986, 654], [96.015, 654], [96.023, 654], [96.046, 655], [96.080, 656], [96.112, 657], [96.150, 657], [96.257, 656], [96.260, 656], [96.264, 656], [96.343, 655], [96.374, 656], [96.410, 657], [96.468, 656], [96.513, 656], [96.622, 660], [96.629, 661], [96.633, 661], [96.636, 661], [96.641, 662], [96.646, 662], [96.650, 662], [96.731, 662], [96.805, 660], [96.831, 658], [96.846, 657], [96.937, 658], [96.986, 659], [97.044, 659], [97.107, 659], [97.174, 659], [97.213, 659], [97.230, 660], [97.234, 660], [97.244, 660], [97.249, 660], [97.283, 660], [97.293, 662], [97.323, 663], [97.334, 666], [97.344, 667], [97.420, 667], [97.443, 667], [97.450, 668], [97.456, 668], [97.487, 669], [97.490, 669], [97.493, 669], [97.494, 668], [97.500, 668], [97.506, 669], [97.507, 669], [97.513, 669], [97.516, 669], [97.545, 669], [97.565, 669], [97.603, 669], [97.636, 673], [97.655, 674], [97.658, 672], [97.659, 672], [97.660, 672], [97.662, 672], [97.666, 672], [97.674, 671], [97.738, 671], [97.743, 671], [97.751, 671], [97.757, 671], [97.769, 671], [97.850, 673], [97.874, 670], [97.923, 670], [97.934, 671], [97.955, 670], [97.983, 674], [98.063, 676], [98.108, 674], [98.160, 676], [98.178, 677], [98.211, 676], [98.216, 677], [98.222, 677], [98.243, 678], [98.278, 682], [98.297, 682], [98.319, 682], [98.325, 685], [98.341, 685], [98.360, 687], [98.375, 688], [98.387, 690], [98.395, 691], [98.424, 690], [98.454, 688], [98.493, 688], [98.515, 688], [98.571, 691], [98.584, 691], [98.607, 691], [98.659, 691], [98.661, 690], [98.697, 690], [98.732, 690], [98.739, 688], [98.753, 687], [98.804, 698], [98.816, 700], [98.825, 701], [98.831, 700], [98.838, 700], [98.847, 700], [98.877, 702], [98.894, 703], [98.936, 706], [98.942, 704], [98.981, 702], [99.000, 700], [99.051, 698], [99.057, 698], [99.132, 699], [99.136, 699], [99.146, 699], [99.150, 699], [99.210, 699], [99.415, 699], [99.437, 691], [99.443, 689], [99.453, 689], [99.460, 689], [99.463, 688], [99.466, 688], [99.486, 688], [99.496, 686], [99.521, 685], [99.533, 681], [99.571, 679], [99.588, 679], [99.608, 680], [99.722, 683], [99.790, 685], [99.841, 686], [99.918, 685], [99.930, 686], [99.935, 685], [99.957, 683], [99.972, 684], [99.983, 685], [100.001, 686], [100.006, 686], [100.013, 686], [100.018, 686], [100.022, 686], [100.026, 686], [100.028, 686], [100.037, 686], [100.048, 686], [100.067, 686], [100.073, 686], [100.076, 686], [100.088, 686], [100.098, 686], [100.104, 687], [100.110, 687], [100.113, 688], [100.126, 688], [100.179, 688], [100.185, 691], [100.201, 691], [100.208, 691], [100.245, 691], [100.257, 693], [100.266, 693], [100.289, 694], [100.332, 696], [100.338, 696], [100.345, 696], [100.394, 696], [100.402, 695], [100.417, 695], [100.426, 695], [100.441, 695], [100.452, 695], [100.487, 695], [100.505, 696], [100.543, 696], [100.550, 695], [100.570, 695], [100.586, 695], [100.600, 694], [100.623, 694], [100.656, 695], [100.668, 694], [100.698, 695], [100.729, 695], [100.799, 696], [100.824, 696], [100.840, 696], [100.863, 696], [100.904, 697], [100.938, 697], [100.979, 697], [101.001, 697], [101.012, 697], [101.035, 699], [101.050, 700], [101.075, 699], [101.089, 699], [101.098, 699], [101.110, 700], [101.124, 700], [101.135, 700], [101.147, 701], [101.161, 702], [101.171, 701], [101.187, 700], [101.204, 700], [101.216, 699], [101.233, 700], [101.240, 701], [101.245, 701], [101.272, 701], [101.284, 701], [101.316, 701], [101.333, 701], [101.362, 701], [101.366, 701], [101.373, 702], [101.382, 702], [101.391, 702], [101.396, 702], [101.413, 703], [101.435, 704], [101.448, 705], [101.473, 705], [101.483, 705], [101.491, 705], [101.500, 705], [101.509, 705], [101.521, 705], [101.569, 706], [101.592, 706], [101.618, 705], [101.642, 705], [101.672, 705], [101.699, 707], [101.718, 708], [101.743, 710], [101.748, 711], [101.765, 713], [101.770, 712], [101.782, 711], [101.822, 711], [101.828, 711], [101.855, 711], [101.864, 711], [101.876, 711], [101.923, 713], [101.950, 713], [101.956, 713], [101.978, 714], [101.988, 714], [102.000, 714], [102.006, 713], [102.070, 715], [102.078, 715], [102.100, 715], [102.115, 715], [102.184, 715], [102.192, 715], [102.197, 715], [102.222, 715], [102.226, 716], [102.248, 716], [102.291, 716], [102.342, 715], [102.404, 715], [102.436, 716], [102.479, 716], [102.540, 716], [102.625, 717], [102.669, 718], [102.722, 719], [102.762, 720], [102.783, 721], [102.805, 721], [102.862, 721], [102.874, 723], [102.884, 723], [102.891, 724], [102.921, 724], [102.927, 725], [102.931, 725], [102.936, 725], [102.962, 725], [103.006, 726], [103.019, 727], [103.027, 727], [103.066, 727], [103.083, 729], [103.101, 730], [103.125, 730], [103.179, 730], [103.187, 732], [103.221, 733], [103.251, 735], [103.266, 737], [103.305, 737], [103.320, 738], [103.335, 738], [103.347, 738], [103.361, 738], [103.366, 738], [103.384, 738], [103.417, 738], [103.421, 739], [103.472, 739], [103.490, 739], [103.502, 739], [103.508, 739], [103.511, 739], [103.527, 739], [103.541, 739], [103.554, 740], [103.563, 740], [103.574, 739], [103.587, 739], [103.588, 739], [103.596, 739], [103.633, 739], [103.654, 741], [103.669, 742], [103.686, 742], [103.703, 742], [103.719, 742], [103.730, 742], [103.761, 742], [103.775, 741], [103.786, 741], [103.800, 742], [103.811, 742], [103.826, 742], [103.837, 743], [103.849, 744], [103.860, 745], [103.889, 746], [103.897, 748], [103.904, 747], [103.918, 747], [103.932, 747], [103.943, 746], [103.953, 746], [103.965, 746], [103.976, 746], [103.982, 746], [103.996, 748], [104.015, 751], [104.041, 752], [104.070, 751], [104.089, 751], [104.108, 751], [104.133, 748], [104.178, 748], [104.259, 749], [104.326, 750], [104.355, 749], [104.388, 749], [104.455, 750], [104.539, 750], [104.559, 751], [104.692, 752], [104.723, 753], [104.765, 753], [104.861, 754], [104.874, 755], [104.899, 755], [104.915, 754], [104.928, 754], [104.942, 754], [104.954, 754], [105.007, 754], [105.075, 755], [105.149, 756], [105.185, 758], [105.303, 758], [105.360, 760], [105.389, 762], [105.437, 763], [105.454, 765], [105.502, 765], [105.522, 766], [105.532, 765], [105.538, 765], [105.548, 765], [105.559, 765], [105.564, 765], [105.569, 765], [105.577, 766], [105.588, 766], [105.598, 766], [105.614, 767], [105.650, 767], [105.661, 767], [105.670, 768], [105.681, 768], [105.695, 768], [105.707, 768], [105.741, 769], [105.774, 769], [105.806, 769], [105.846, 769], [105.890, 771], [105.895, 771], [105.901, 771], [105.935, 772], [105.973, 771], [105.996, 772], [106.019, 772], [106.025, 773], [106.054, 772], [106.056, 772], [106.059, 772], [106.064, 773], [106.071, 773], [106.078, 774], [106.084, 774], [106.101, 775], [106.116, 775], [106.122, 775], [106.128, 775], [106.134, 775], [106.140, 775], [106.149, 774], [106.157, 774], [106.168, 775], [106.176, 776], [106.188, 777], [106.206, 777], [106.250, 780], [106.289, 781], [106.325, 781], [106.335, 781], [106.349, 781], [106.358, 780], [106.363, 779], [106.392, 778], [106.396, 778], [106.398, 778], [106.400, 778], [106.406, 778], [106.424, 779], [106.473, 779], [106.523, 780], [106.535, 780], [106.622, 782], [106.683, 782], [106.705, 784], [106.721, 786], [106.737, 789], [106.785, 790], [106.820, 792], [106.840, 795], [107.253, 805], [107.291, 805], [107.321, 805], [107.353, 805], [107.388, 806], [107.464, 808], [107.486, 807], [107.498, 806], [107.522, 807], [107.551, 808], [107.578, 810], [107.702, 814], [107.723, 812], [107.735, 811], [107.745, 810], [107.757, 809], [107.767, 808], [107.789, 808], [107.803, 808], [107.820, 808], [107.846, 807], [107.938, 807], [107.984, 808], [108.023, 809], [108.060, 811], [108.099, 811], [108.129, 810], [108.161, 809], [108.189, 809], [108.210, 811], [108.234, 812], [108.258, 812], [108.281, 812], [108.296, 811], [108.306, 811], [108.344, 811], [108.377, 811], [108.411, 811], [108.499, 814], [108.555, 817], [108.636, 822], [108.655, 823], [108.675, 824], [108.717, 829], [108.731, 829], [108.746, 827], [108.793, 827], [108.834, 828], [108.860, 828], [108.908, 826], [108.915, 825], [108.920, 825], [108.940, 826], [108.948, 826], [108.987, 826], [109.038, 825], [109.077, 825], [109.106, 826], [109.155, 828], [109.163, 828], [109.180, 828], [109.187, 828], [109.194, 828], [109.205, 828], [109.308, 830], [109.385, 833], [109.409, 833], [109.412, 833], [109.457, 833], [109.522, 836], [109.577, 838], [109.639, 840], [109.679, 840], [109.721, 841], [109.737, 841], [109.777, 841], [109.853, 841], [109.919, 842], [109.935, 842], [110.081, 847], [110.123, 848], [110.221, 852], [110.231, 852], [110.242, 852], [110.255, 853], [110.276, 853], [110.303, 853], [110.325, 854], [110.352, 855], [110.401, 857], [110.440, 858], [110.559, 868], [110.582, 869], [110.608, 867], [110.647, 867], [110.705, 869], [110.755, 870], [110.826, 871], [110.839, 872], [110.854, 872], [110.864, 873], [110.913, 877], [110.935, 878], [110.948, 879], [110.970, 879], [110.996, 879], [111.088, 887], [111.093, 888], [111.140, 899], [111.200, 904], [111.268, 909], [111.291, 910], [111.357, 911], [111.396, 913], [111.413, 914], [111.444, 916], [111.470, 921], [111.603, 931], [111.664, 935], [111.697, 937], [111.766, 946], [111.822, 952], [111.872, 953], [112.062, 974], [112.101, 977], [112.237, 977], [112.250, 984], [112.322, 985], [112.325, 987], [112.362, 987], [112.372, 987], [112.390, 987], [112.440, 988], [112.456, 989], [112.493, 995], [112.545, 994], [112.571, 989], [112.586, 986], [112.599, 983], [112.615, 978], [112.637, 972], [112.656, 961], [112.673, 954], [112.699, 951], [112.745, 946], [112.774, 944], [112.782, 942], [112.803, 942], [112.825, 944], [112.849, 945], [112.875, 946], [112.893, 948], [112.909, 949], [112.915, 948], [112.938, 947], [113.123, 945], [113.248, 934], [113.260, 933], [113.270, 932], [113.282, 931], [113.293, 930], [113.312, 928], [113.367, 925], [113.381, 926], [113.422, 925], [113.464, 925], [113.473, 936], [113.483, 938], [113.494, 941], [113.504, 942], [113.516, 941], [113.531, 938], [113.548, 931], [113.566, 924], [113.634, 913], [113.726, 912], [113.743, 923], [113.759, 920], [113.779, 913], [113.789, 909], [113.813, 907], [113.830, 904], [113.854, 903], [113.883, 902], [113.892, 902], [113.900, 902], [113.916, 903], [113.930, 904], [113.945, 902], [113.993, 899], [114.009, 904], [114.025, 904], [114.043, 905], [114.060, 905], [114.102, 906], [114.121, 906], [114.139, 904], [114.158, 900], [114.209, 897], [114.231, 884], [114.254, 885], [114.282, 887], [114.292, 890], [114.312, 890], [114.320, 889], [114.343, 883], [114.357, 883], [114.385, 881], [114.396, 880], [114.415, 879], [114.424, 878], [114.478, 874], [114.500, 872], [114.522, 870], [114.539, 869], [114.572, 865], [114.588, 864], [114.591, 863], [114.605, 862], [114.617, 860], [114.626, 860], [114.652, 859], [114.664, 858], [114.703, 857], [114.717, 859], [114.730, 863], [114.736, 864], [114.743, 864], [114.755, 863], [114.809, 854], [114.850, 851], [114.892, 847], [114.911, 844], [114.983, 837], [115.008, 831], [115.020, 831], [115.038, 827], [115.058, 822], [115.085, 819], [115.112, 818], [115.158, 815], [115.167, 814], [115.171, 812], [115.214, 812], [115.217, 809], [115.218, 807], [115.224, 807], [115.259, 806], [115.292, 801], [115.323, 794], [115.359, 787], [115.377, 779], [115.399, 777], [115.444, 774], [115.492, 767], [115.513, 758], [115.538, 755], [115.554, 753], [115.582, 752], [115.609, 750], [115.633, 749], [115.690, 746], [115.715, 740], [115.731, 738], [115.748, 738], [115.788, 738], [115.804, 731], [115.834, 729], [115.876, 731], [115.889, 732], [115.905, 731], [115.913, 730], [115.922, 730], [115.978, 727], [116.015, 707], [116.056, 704], [116.081, 700], [116.093, 700], [116.104, 699], [116.113, 698], [116.126, 699], [116.150, 700], [116.182, 699], [116.213, 695], [116.233, 693], [116.250, 691], [116.266, 690], [116.278, 689], [116.290, 689], [116.307, 688], [116.323, 687], [116.372, 686], [116.414, 686], [116.435, 685], [116.455, 684], [116.487, 683], [116.506, 682], [116.526, 681], [116.546, 679], [116.575, 678], [116.647, 676], [116.724, 672], [116.759, 669], [116.789, 667], [116.833, 665], [116.875, 664], [116.916, 667], [116.946, 668], [116.974, 663], [117.000, 658], [117.021, 655], [117.043, 654], [117.083, 653], [117.116, 652], [117.144, 652], [117.164, 651], [117.198, 651], [117.257, 649], [117.301, 648], [117.329, 648], [117.358, 646], [117.404, 644], [117.424, 644], [117.431, 644], [117.436, 643], [117.440, 643], [117.447, 643], [117.455, 643], [117.467, 643], [117.473, 642], [117.486, 642], [117.495, 641], [117.504, 641], [117.508, 641], [117.513, 642], [117.516, 642], [117.542, 642], [117.554, 641], [117.560, 640], [117.565, 640], [117.600, 640], [117.626, 638], [117.728, 635], [117.796, 627], [117.819, 622], [117.891, 621], [117.916, 618], [117.934, 616], [117.947, 617], [118.093, 617], [118.121, 607], [118.146, 605], [118.196, 604], [118.237, 600], [118.258, 597], [118.280, 597], [118.312, 595], [118.324, 594], [118.363, 593], [118.370, 589], [118.372, 589], [118.376, 590], [118.400, 596], [118.413, 594], [118.430, 591], [118.445, 592], [118.498, 597], [118.527, 597], [118.564, 586], [118.606, 579], [118.623, 578], [118.626, 577], [118.631, 578], [118.635, 578], [118.637, 578], [118.638, 578], [118.653, 579], [118.662, 579], [118.667, 579], [118.693, 576], [118.694, 576], [118.694, 576], [118.700, 576], [118.704, 575], [118.737, 572], [118.767, 572], [118.792, 572], [118.842, 570], [118.909, 567], [118.935, 567], [118.959, 568], [118.987, 569], [119.012, 569], [119.041, 566], [119.060, 567], [119.069, 567], [119.094, 569], [119.145, 567], [119.175, 564], [119.199, 563], [119.244, 561], [119.267, 560], [119.283, 558], [119.292, 557], [119.295, 557], [119.304, 557], [119.326, 558], [119.342, 558], [119.350, 558], [119.357, 557], [119.363, 556], [119.373, 555], [119.381, 554], [119.418, 552], [119.452, 552], [119.482, 553], [119.535, 552], [119.572, 549], [119.580, 549], [119.599, 548], [119.618, 547], [119.623, 547], [119.654, 547], [119.667, 546], [119.687, 545], [119.709, 545], [119.727, 544], [119.748, 543], [119.755, 543], [119.765, 543], [119.780, 542], [119.796, 542], [119.816, 541], [119.842, 540], [119.848, 539], [119.870, 538], [119.875, 538], [119.897, 537], [119.913, 537], [119.947, 537], [119.966, 536], [119.982, 536], [120.010, 534], [120.048, 534], [120.084, 534], [120.138, 532], [120.192, 530], [120.216, 531], [120.237, 530], [120.244, 530], [120.249, 530], [120.292, 530], [120.324, 530], [120.343, 528], [120.351, 528], [120.376, 528], [120.407, 527], [120.435, 526], [120.489, 525], [120.531, 525], [120.567, 526], [120.590, 525], [120.632, 524], [120.651, 525], [120.689, 523], [120.762, 521], [120.808, 520], [120.827, 520], [120.830, 520], [120.870, 519], [120.942, 516], [120.949, 516], [120.995, 514], [121.026, 515], [121.038, 514], [121.055, 514], [121.120, 514], [121.131, 513], [121.189, 512], [121.241, 511], [121.286, 510], [121.310, 511], [121.336, 511], [121.379, 509], [121.422, 507], [121.483, 507], [121.496, 507], [121.509, 507], [121.540, 506], [121.581, 505], [121.621, 504], [121.654, 505], [121.660, 505], [121.665, 505], [121.682, 504], [121.683, 504], [121.724, 501], [121.744, 500], [121.779, 499], [121.816, 499], [121.860, 498], [121.912, 499], [121.919, 499], [121.921, 499], [121.989, 499], [122.047, 497], [122.084, 497], [122.122, 497], [122.148, 497], [122.184, 496], [122.201, 495], [122.225, 494], [122.233, 494], [122.281, 494], [122.299, 495], [122.317, 495], [122.356, 494], [122.458, 494], [122.472, 494], [122.505, 495], [122.507, 495], [122.510, 495], [122.518, 495], [122.522, 494], [122.550, 493], [122.564, 493], [122.567, 493], [122.578, 492], [122.587, 491], [122.615, 491], [122.646, 490], [122.657, 489], [122.674, 488], [122.700, 489], [122.738, 487], [122.749, 486], [122.757, 486], [122.800, 484], [122.821, 484], [122.852, 484], [122.885, 484], [122.921, 483], [122.935, 484], [122.951, 484], [122.963, 484], [122.971, 485], [122.984, 485], [123.003, 486], [123.038, 486], [123.056, 484], [123.071, 484], [123.102, 484], [123.124, 483], [123.138, 482], [123.174, 482], [123.180, 481], [123.185, 481], [123.214, 480], [123.238, 480], [123.242, 480], [123.257, 479], [123.275, 478], [123.294, 477], [123.302, 477], [123.319, 477], [123.346, 476], [123.368, 476], [123.377, 476], [123.402, 476], [123.468, 474], [123.481, 474], [123.494, 474], [123.500, 474], [123.512, 473], [123.524, 473], [123.535, 473], [123.548, 473], [123.550, 472], [123.561, 472], [123.573, 472], [123.608, 471], [123.620, 471], [123.633, 471], [123.645, 470], [123.647, 470], [123.657, 470], [123.681, 470], [123.694, 469], [123.708, 469], [123.722, 469], [123.726, 469], [123.737, 469], [123.746, 469], [123.748, 469], [123.752, 469], [123.771, 469], [123.780, 469], [123.786, 468], [123.794, 468], [123.798, 468], [123.819, 468], [123.834, 467], [123.843, 467], [123.853, 467], [123.871, 466], [123.913, 465], [123.934, 465], [123.951, 465], [123.958, 464], [123.969, 464], [123.977, 463], [123.982, 463], [124.036, 463], [124.110, 461], [124.169, 461], [124.213, 462], [124.223, 461], [124.243, 460], [124.317, 457], [124.327, 457], [124.353, 457], [124.370, 456], [124.377, 456], [124.380, 456], [124.383, 456], [124.391, 456], [124.410, 458], [124.426, 459], [124.433, 458], [124.440, 458], [124.445, 457], [124.451, 457], [124.461, 457], [124.472, 456], [124.485, 455], [124.497, 455], [124.550, 455], [124.557, 455], [124.571, 455], [124.656, 453], [124.660, 452], [124.667, 453], [124.768, 451], [124.772, 451], [124.863, 450], [124.878, 449], [124.888, 449], [124.941, 448], [124.946, 448], [124.950, 447], [124.958, 447], [124.966, 448], [124.987, 449], [124.996, 449], [125.002, 449], [125.017, 449], [125.046, 448], [125.054, 447], [125.064, 446], [125.073, 448], [125.093, 447], [125.102, 447], [125.109, 446], [125.124, 444], [125.131, 444], [125.138, 444], [125.143, 444], [125.152, 445], [125.160, 445], [125.165, 445], [125.179, 445], [125.189, 444], [125.203, 444], [125.207, 444], [125.212, 444], [125.223, 444], [125.238, 444], [125.249, 444], [125.259, 444], [125.289, 439], [125.297, 439], [125.308, 439], [125.404, 439], [125.552, 440], [125.574, 440], [125.627, 440], [125.646, 441], [125.660, 441], [125.677, 441], [125.699, 440], [125.712, 439], [125.737, 440], [125.768, 440], [125.856, 439], [125.884, 438], [125.910, 436], [125.921, 436], [125.929, 435], [125.963, 436], [125.979, 438], [125.983, 438], [125.989, 438], [125.997, 438], [126.043, 438], [126.060, 436], [126.076, 436], [126.081, 436], [126.109, 436], [126.109, 436], [126.112, 436], [126.122, 435], [126.124, 435], [126.125, 435], [126.195, 435], [126.236, 436], [126.286, 434], [126.355, 433], [126.399, 433], [126.442, 432], [126.496, 432], [126.593, 431], [126.641, 433], [126.676, 432], [126.727, 434], [126.747, 433], [126.811, 432], [126.846, 432], [126.932, 431], [126.981, 432], [127.077, 432], [127.101, 430], [127.133, 430], [127.425, 430], [127.482, 430], [127.491, 434], [127.499, 435], [127.505, 435], [127.510, 434], [127.523, 434], [127.537, 434], [127.630, 435], [127.662, 436], [127.670, 433], [127.678, 431], [127.715, 434], [127.755, 436], [127.791, 435], [127.807, 432], [127.867, 427], [127.892, 427], [127.904, 427], [127.913, 427], [127.923, 427], [127.961, 426], [128.005, 426], [128.012, 426], [128.068, 426], [128.167, 423], [128.204, 424], [128.272, 425], [128.481, 422], [128.518, 422], [128.539, 423], [128.556, 422], [128.618, 422], [128.670, 420], [128.721, 420], [128.797, 421], [128.888, 421], [128.905, 420], [128.926, 419], [129.036, 420], [129.049, 419], [129.071, 418], [129.076, 418], [129.077, 418], [129.144, 417], [129.168, 417], [129.348, 420], [129.410, 419], [129.466, 418], [129.529, 416], [129.569, 413], [129.579, 414], [129.596, 415], [129.601, 416], [129.604, 417], [129.625, 414], [129.634, 414], [129.707, 415], [129.814, 415], [129.994, 414], [130.043, 412], [130.056, 412], [130.090, 413], [130.142, 413], [130.224, 410], [130.258, 410], [130.289, 409], [130.451, 411], [130.589, 410], [130.738, 407], [130.741, 407], [130.747, 408], [130.753, 408], [130.756, 408], [130.760, 408], [130.839, 408], [131.271, 407], [131.324, 405], [131.342, 405], [131.346, 405], [131.349, 405], [131.359, 404], [131.426, 404], [131.547, 402], [131.654, 402], [131.720, 403], [131.764, 403], [131.801, 402], [131.818, 401], [131.837, 400], [131.861, 399], [131.928, 400], [131.987, 400], [132.031, 400], [132.057, 400], [132.103, 400], [132.141, 400], [132.184, 399], [132.195, 399], [132.201, 399], [132.206, 398], [132.210, 398], [132.222, 397], [132.243, 397], [132.335, 398], [132.340, 397], [132.354, 397], [132.360, 398], [132.366, 398], [132.403, 397], [132.551, 397], [132.553, 397], [132.564, 397], [132.566, 397], [132.689, 397], [132.720, 396], [132.722, 396], [132.726, 396], [132.729, 396], [132.755, 396], [132.785, 398], [132.787, 398], [132.791, 398], [132.835, 398], [132.909, 396], [133.001, 396], [133.123, 396], [133.215, 394], [133.318, 393], [133.342, 394], [133.359, 393], [133.387, 393], [133.418, 392], [133.568, 393], [133.585, 395], [133.673, 396], [133.734, 398], [133.762, 396], [133.788, 393], [133.803, 393], [133.814, 394], [133.919, 390], [134.132, 390], [134.136, 389], [134.207, 389], [134.250, 389], [134.264, 388], [134.282, 388], [134.306, 388], [134.316, 388], [134.348, 389], [134.361, 389], [134.489, 389], [134.608, 386], [134.630, 387], [134.664, 387], [134.700, 386], [134.720, 386], [134.751, 385], [134.781, 388], [134.798, 388], [134.822, 385], [134.916, 385], [134.936, 386], [134.954, 386], [134.967, 386], [134.988, 387], [135.002, 388], [135.005, 388], [135.012, 389], [135.018, 389], [135.021, 389], [135.032, 388], [135.042, 388], [135.068, 387], [135.096, 387], [135.132, 387], [135.157, 387], [135.168, 386], [135.191, 385], [135.212, 384], [135.229, 384], [135.239, 385], [135.250, 385], [135.275, 385], [135.293, 386], [135.311, 386], [135.381, 384], [135.430, 384], [135.493, 384], [135.505, 383], [135.519, 384], [135.528, 384], [135.553, 384], [135.678, 384], [135.693, 385], [135.707, 384], [135.727, 382], [135.743, 382], [135.760, 382], [135.841, 384], [135.858, 384], [135.871, 385], [135.878, 385], [135.895, 386], [135.907, 386], [135.914, 386], [135.928, 386], [135.952, 386], [135.986, 385], [136.040, 388], [136.080, 394], [136.097, 396], [136.130, 399], [136.136, 399], [136.155, 398], [136.190, 395], [136.211, 395], [136.246, 394], [136.276, 395], [136.281, 395], [136.293, 396], [136.302, 396], [136.349, 395], [136.366, 395], [136.399, 393], [136.414, 393], [136.433, 393], [136.469, 394], [136.525, 392], [136.561, 393], [136.632, 392], [136.686, 389], [136.704, 389], [136.716, 389], [136.760, 388], [136.829, 386], [136.900, 386], [136.970, 382], [136.993, 380], [137.005, 379], [137.020, 378], [137.059, 378], [137.069, 377], [137.089, 377], [137.103, 377], [137.119, 377], [137.153, 376], [137.196, 375], [137.244, 376], [137.256, 376], [137.296, 375], [137.344, 375], [137.382, 376], [137.424, 377], [137.484, 375], [137.554, 374], [137.570, 374], [137.612, 374], [137.707, 375], [137.722, 375], [137.733, 374], [137.769, 373], [137.962, 374], [138.029, 372], [138.100, 371], [138.133, 370], [138.148, 370], [138.164, 370], [138.188, 369], [138.210, 369], [138.235, 370], [138.256, 370], [138.281, 369], [138.295, 368], [138.307, 369], [138.344, 369], [138.359, 371], [138.371, 372], [138.375, 372], [138.390, 372], [138.400, 373], [138.434, 374], [138.501, 373], [138.569, 372], [138.575, 372], [138.580, 372], [138.640, 371], [138.688, 372], [138.697, 371], [138.726, 370], [138.816, 371], [138.825, 371], [138.856, 370], [138.864, 370], [138.874, 370], [138.891, 370], [138.903, 370], [138.911, 370], [138.920, 371], [138.930, 371], [138.967, 371], [138.975, 371], [138.983, 371], [138.990, 370], [138.996, 370], [139.002, 370], [139.008, 370], [139.011, 370], [139.014, 370], [139.016, 370], [139.019, 370], [139.022, 370], [139.036, 370], [139.058, 370], [139.075, 371], [139.114, 371], [139.125, 371], [139.134, 371], [139.140, 371], [139.184, 369], [139.218, 370], [139.256, 371], [139.291, 369], [139.316, 370], [139.378, 370], [139.433, 370], [139.447, 370], [139.458, 370], [139.529, 369], [139.538, 369], [139.540, 369], [139.557, 369], [139.593, 368], [139.669, 369], [139.734, 368], [139.762, 369], [139.785, 368], [139.793, 368], [139.870, 369], [139.959, 368], [139.978, 368], [140.068, 368], [140.102, 367], [140.134, 367], [140.138, 369], [140.143, 368], [140.167, 368], [140.186, 368], [140.199, 368], [140.218, 368], [140.235, 367], [140.242, 366], [140.288, 366], [140.297, 366], [140.301, 366], [140.330, 365], [140.349, 366], [140.372, 366], [140.442, 366], [140.513, 365], [140.592, 366], [140.600, 366], [140.629, 366], [140.644, 365], [140.652, 365], [140.669, 365], [140.723, 366], [140.746, 364], [140.766, 363], [140.777, 362], [140.791, 362], [140.816, 363], [140.836, 362], [140.863, 361], [140.894, 361], [140.916, 361], [140.951, 360], [141.171, 360], [141.342, 359], [141.352, 359], [141.423, 359], [141.450, 359], [141.472, 359], [141.507, 359], [141.541, 358], [141.572, 358], [141.621, 358], [141.652, 359], [141.696, 360], [141.729, 362], [141.754, 361], [141.783, 360], [141.811, 359], [141.846, 358], [141.869, 358], [141.905, 358], [141.933, 358], [141.964, 358], [141.993, 357], [142.014, 357], [142.037, 357], [142.060, 357], [142.082, 357], [142.114, 358], [142.130, 357], [142.150, 357], [142.194, 357], [142.221, 358], [142.229, 357], [142.275, 357], [142.288, 361], [142.391, 361], [142.419, 361], [142.464, 363], [142.494, 362], [142.508, 360], [142.516, 360], [142.632, 353], [142.716, 353], [142.824, 353], [142.900, 354], [142.916, 353], [142.940, 353], [142.974, 354], [143.008, 354], [143.093, 359], [143.126, 359], [143.126, 359], [143.225, 361], [143.286, 360], [143.303, 360], [143.355, 359], [143.415, 359], [143.487, 359], [143.548, 360], [143.567, 361], [143.686, 364], [143.787, 370], [143.809, 371], [143.833, 372], [143.904, 373], [143.947, 373], [143.973, 373], [143.996, 373], [144.040, 373], [144.093, 373], [144.119, 373], [144.220, 373], [144.343, 373], [144.373, 374], [144.538, 375], [144.573, 379], [144.578, 380], [144.601, 380], [144.615, 380], [144.695, 379], [144.724, 374], [144.834, 373], [144.906, 368], [145.038, 365], [145.073, 363], [145.083, 363], [145.121, 364], [145.290, 368], [145.301, 368], [145.325, 368], [145.357, 369], [145.368, 368], [145.432, 365], [145.478, 362], [145.505, 361], [145.538, 360], [145.552, 359], [145.586, 359], [145.623, 356], [145.656, 353], [145.696, 352], [145.776, 352], [145.806, 351], [145.810, 349], [145.813, 349], [145.848, 349], [145.880, 350], [145.895, 350], [145.914, 350], [145.926, 349], [145.934, 349], [145.942, 348], [145.961, 349], [145.967, 350], [145.974, 351], [145.990, 351], [146.009, 351], [146.036, 350], [146.056, 350], [146.088, 350], [146.097, 350], [146.116, 351], [146.184, 350], [146.197, 350], [146.304, 348], [146.339, 348], [146.480, 349], [146.628, 347], [146.647, 347], [146.674, 346], [146.696, 346], [146.809, 346], [146.832, 347], [146.865, 346], [146.932, 346], [146.991, 346], [147.018, 346], [147.053, 346], [147.102, 345], [147.153, 345], [147.212, 347], [147.389, 347], [147.433, 347], [147.439, 348], [147.465, 347], [147.470, 347], [147.472, 347], [147.472, 347], [147.473, 347], [147.474, 347], [147.477, 347], [147.576, 355], [147.603, 355], [147.632, 353], [147.669, 351], [147.708, 351], [147.740, 351], [147.770, 350], [147.810, 349], [147.856, 349], [147.989, 346], [148.023, 346], [148.077, 344], [148.150, 342], [148.205, 342], [148.248, 341], [148.335, 339], [148.375, 337], [148.422, 336], [148.461, 336], [148.495, 336], [148.510, 336], [148.527, 337], [148.546, 337], [148.574, 335], [148.602, 335], [148.793, 335], [148.813, 335], [148.840, 336], [148.889, 337], [148.922, 337], [148.935, 337], [148.948, 338], [148.959, 338], [148.985, 339], [149.000, 339], [149.032, 340], [149.127, 341], [149.171, 342], [149.238, 343], [149.360, 340], [149.473, 336], [149.517, 337], [149.669, 333], [149.746, 332], [149.762, 331], [149.773, 331], [149.778, 331], [149.782, 331], [149.795, 330], [149.805, 331], [149.818, 331], [149.851, 331], [149.913, 332], [149.922, 332], [149.927, 332], [149.939, 332], [149.971, 332], [149.985, 332], [150.010, 331], [150.027, 331], [150.032, 331], [150.043, 331], [150.050, 331], [150.068, 331], [150.088, 331], [150.096, 331], [150.101, 331], [150.109, 331], [150.111, 330], [150.166, 329], [150.217, 329], [150.247, 330], [150.271, 330], [150.298, 333], [150.333, 334], [150.369, 337], [150.411, 338], [150.460, 340], [150.555, 342], [150.620, 343], [150.656, 345], [150.705, 344], [150.724, 344], [150.788, 345], [150.804, 345], [150.852, 344], [150.881, 344], [150.900, 343], [150.930, 342], [150.950, 341], [150.956, 341], [150.969, 339], [150.989, 338], [151.012, 337], [151.047, 336], [151.066, 335], [151.094, 334], [151.115, 333], [151.182, 330], [151.195, 330], [151.217, 329], [151.267, 327], [151.286, 326], [151.317, 326], [151.348, 325], [151.372, 325], [151.391, 324], [151.410, 323], [151.449, 320], [151.466, 319], [151.530, 317], [151.568, 317], [151.583, 317], [151.607, 317], [151.699, 312], [151.721, 310], [151.736, 308], [151.756, 306], [151.779, 304], [151.793, 304], [151.808, 305], [151.822, 305], [151.850, 306], [151.876, 305], [151.891, 303], [151.904, 303], [151.911, 303], [151.932, 304], [151.953, 304], [151.976, 305], [152.041, 307], [152.075, 308], [152.136, 310], [152.170, 314], [152.185, 314], [152.198, 314], [152.213, 315], [152.263, 317], [152.272, 317], [152.281, 317], [152.308, 319], [152.320, 319], [152.334, 320], [152.352, 321], [152.369, 322], [152.386, 323], [152.403, 325], [152.410, 325], [152.420, 327], [152.434, 329], [152.441, 329], [152.450, 330], [152.456, 330], [152.466, 329], [152.546, 321], [152.586, 318], [152.612, 317], [152.656, 314], [152.673, 313], [152.696, 312], [152.715, 312], [152.783, 313], [152.808, 313], [152.814, 312], [152.817, 312], [152.843, 310], [152.861, 309], [152.907, 308], [152.936, 308], [152.973, 307], [153.006, 307], [153.085, 306], [153.114, 305], [153.202, 303], [153.257, 303], [153.270, 303], [153.277, 303], [153.337, 305], [153.421, 305], [153.478, 303], [153.496, 301], [153.509, 300], [153.533, 299], [153.575, 298], [153.665, 298], [153.755, 294], [153.788, 294], [153.798, 295], [153.826, 295], [153.852, 294], [153.871, 294], [153.880, 294], [153.887, 294], [153.894, 294], [153.903, 292], [153.924, 292], [153.928, 292], [153.932, 292], [153.937, 292], [153.975, 292], [154.032, 295], [154.079, 296], [154.112, 297], [154.125, 297], [154.214, 297], [154.306, 293], [154.354, 294], [154.477, 295], [154.483, 297], [154.509, 298], [154.525, 300], [154.574, 300], [154.591, 300], [154.602, 300], [154.617, 300], [154.622, 300], [154.633, 300], [154.643, 299], [154.665, 298], [154.681, 297], [154.702, 296], [154.731, 296], [154.744, 294], [154.762, 293], [154.780, 291], [154.792, 290], [154.823, 290], [154.855, 292], [154.878, 292], [154.884, 292], [154.906, 292], [154.944, 291], [154.958, 290], [154.962, 289], [154.975, 289], [154.980, 288], [154.991, 288], [155.007, 287], [155.033, 286], [155.045, 286], [155.056, 286], [155.069, 286], [155.089, 286], [155.106, 285], [155.113, 285], [155.156, 285], [155.173, 286], [155.189, 284], [155.206, 284], [155.231, 284], [155.257, 286], [155.352, 287], [155.404, 284], [155.441, 281], [155.455, 281], [155.544, 282], [155.558, 282], [155.665, 283], [155.668, 283], [155.674, 283], [155.681, 284], [155.734, 284], [155.790, 281], [155.914, 281], [156.028, 283], [156.125, 285], [156.152, 289], [156.163, 288], [156.194, 291], [156.214, 292], [156.240, 293], [156.266, 294], [156.311, 294], [156.377, 293], [156.457, 294], [156.544, 295], [156.547, 295], [156.571, 294], [156.610, 295], [156.618, 295], [156.698, 295], [156.728, 296], [156.812, 296], [156.853, 296], [156.894, 296], [156.928, 296], [157.040, 297], [157.062, 299], [157.115, 301], [157.139, 302], [157.207, 304], [157.267, 306], [157.353, 309], [157.526, 314], [157.569, 317], [157.637, 322], [157.789, 338], [157.845, 343], [157.910, 347], [157.984, 349], [158.091, 347], [158.171, 348], [158.185, 349], [158.225, 350], [158.243, 350], [158.259, 350], [158.292, 351], [158.377, 353], [158.397, 354], [158.408, 354], [158.482, 348], [158.548, 340], [158.556, 340], [158.563, 341], [158.593, 344], [158.611, 343], [158.663, 340], [158.669, 340], [158.676, 340], [158.737, 342], [158.770, 342], [158.793, 343], [158.810, 344], [158.861, 345], [158.875, 346], [158.892, 346], [158.911, 347], [158.966, 350], [158.986, 351], [159.004, 352], [159.034, 352], [159.111, 354], [159.118, 353], [159.134, 352], [159.160, 350], [159.205, 348], [159.247, 347], [159.283, 347], [159.315, 346], [159.332, 345], [159.343, 344], [159.352, 344], [159.375, 342], [159.385, 342], [159.400, 342], [159.411, 341], [159.438, 340], [159.459, 338], [159.497, 337], [159.508, 335], [159.520, 335], [159.533, 335], [159.568, 335], [159.588, 333], [159.615, 331], [159.637, 327], [159.647, 326], [159.660, 326], [159.678, 325], [159.705, 325], [159.842, 326], [159.848, 326], [159.853, 326], [159.915, 326], [160.026, 322], [160.046, 316], [160.060, 317], [160.067, 317], [160.076, 317], [160.151, 315], [160.185, 314], [160.203, 315], [160.207, 315], [160.211, 315], [160.255, 315], [160.267, 314], [160.308, 314], [160.346, 315], [160.391, 314], [160.419, 314], [160.445, 313], [160.454, 313], [160.461, 313], [160.491, 313], [160.547, 312], [160.551, 312], [160.555, 312], [160.561, 312], [160.633, 313], [160.772, 314], [160.789, 316], [160.873, 313], [160.883, 311], [160.894, 311], [160.900, 310], [160.913, 310], [160.923, 310], [160.942, 311], [161.042, 309], [161.090, 309], [161.100, 309], [161.187, 310], [161.283, 309], [161.396, 309], [161.422, 309], [161.441, 308], [161.465, 308], [161.482, 307], [161.493, 307], [161.498, 307], [161.504, 307], [161.510, 307], [161.545, 307], [161.554, 306], [161.588, 307], [161.595, 307], [161.612, 307], [161.624, 307], [161.640, 307], [161.679, 307], [161.691, 307], [161.696, 307], [161.707, 307], [161.711, 307], [161.712, 307], [161.756, 307], [161.768, 307], [161.783, 308], [161.794, 307], [161.809, 306], [161.816, 306], [161.821, 305], [161.862, 305], [161.916, 304], [161.935, 304], [161.966, 304], [162.035, 302], [162.060, 302], [162.089, 301], [162.106, 301], [162.119, 302], [162.125, 302], [162.136, 302], [162.203, 301], [162.207, 303], [162.210, 303], [162.222, 303], [162.234, 302], [162.244, 301], [162.256, 301], [162.318, 305], [162.331, 305], [162.338, 305], [162.347, 305], [162.353, 305], [162.373, 306], [162.388, 306], [162.397, 307], [162.406, 308], [162.453, 312], [162.487, 315], [162.521, 317], [162.532, 317], [162.556, 316], [162.560, 316], [162.569, 316], [162.579, 317], [162.613, 317], [162.635, 317], [162.751, 317], [162.784, 316], [162.865, 314], [162.872, 314], [162.891, 313], [162.906, 313], [162.918, 313], [162.985, 312], [162.993, 312], [163.003, 312], [163.012, 312], [163.061, 311], [163.079, 311], [163.096, 312], [163.120, 312], [163.200, 312], [163.228, 314], [163.325, 314], [163.342, 313], [163.357, 313], [163.384, 313], [163.432, 313], [163.463, 311], [163.479, 310], [163.498, 310], [163.569, 310], [163.596, 310], [163.652, 310], [163.671, 310], [163.716, 310], [163.730, 310], [163.745, 310], [163.760, 310], [163.775, 310], [163.807, 310], [163.822, 311], [163.839, 311], [163.851, 310], [163.872, 310], [163.891, 311], [163.941, 311], [163.953, 312], [163.996, 312], [164.033, 313], [164.083, 313], [164.215, 313], [164.248, 314], [164.254, 314], [164.278, 314], [164.396, 315], [164.549, 309], [164.575, 305], [164.600, 305], [164.637, 305], [164.680, 304], [164.737, 304], [164.767, 304], [164.799, 304], [164.829, 304], [164.865, 304], [164.927, 302], [164.962, 301], [164.970, 301], [164.979, 301], [165.020, 300], [165.060, 298], [165.065, 297], [165.111, 296], [165.132, 294], [165.140, 293], [165.158, 292], [165.170, 292], [165.194, 293], [165.223, 293], [165.251, 293], [165.275, 293], [165.296, 292], [165.318, 292], [165.342, 291], [165.359, 292], [165.389, 292], [165.454, 292], [165.669, 292], [165.698, 292], [165.733, 292], [165.762, 292], [165.809, 292], [165.822, 291], [165.840, 291], [165.844, 291], [165.919, 291], [166.003, 296], [166.050, 299], [166.084, 301], [166.133, 304], [166.138, 305], [166.188, 305], [166.227, 306], [166.261, 306], [166.305, 306], [166.372, 305], [166.397, 306], [166.449, 306], [166.472, 306], [166.516, 306], [166.522, 306], [166.530, 306], [166.600, 305], [166.620, 305], [166.642, 305], [166.648, 304], [166.652, 304], [166.655, 304], [166.664, 304], [166.732, 304], [166.747, 304], [166.778, 303], [166.786, 303], [166.794, 302], [166.820, 301], [166.886, 296], [166.955, 296], [166.969, 296], [167.026, 296], [167.044, 295], [167.056, 295], [167.076, 294], [167.154, 294], [167.182, 292], [167.244, 291], [167.271, 290], [167.280, 289], [167.351, 289], [167.366, 289], [167.381, 289], [167.398, 289], [167.413, 289], [167.465, 290], [167.514, 290], [167.626, 289], [167.683, 288], [167.762, 289], [167.797, 289], [167.806, 290], [167.813, 290], [167.823, 290], [167.839, 290], [167.909, 289], [167.919, 288], [167.929, 288], [167.939, 287], [167.953, 287], [167.985, 287], [168.044, 287], [168.057, 286], [168.081, 286], [168.125, 286], [168.144, 285], [168.155, 285], [168.160, 285], [168.173, 285], [168.190, 285], [168.211, 285], [168.237, 285], [168.267, 284], [168.309, 283], [168.328, 283], [168.356, 282], [168.373, 280], [168.391, 281], [168.405, 281], [168.423, 282], [168.440, 282], [168.468, 281], [168.475, 280], [168.481, 279], [168.492, 279], [168.532, 278], [168.540, 278], [168.552, 278], [168.561, 278], [168.569, 278], [168.579, 278], [168.587, 278], [168.593, 277], [168.604, 277], [168.614, 277], [168.623, 278], [168.636, 278], [168.698, 278], [168.775, 282], [168.796, 279], [168.809, 278], [168.858, 277], [168.886, 276], [168.902, 275], [168.932, 274], [168.961, 275], [168.967, 274], [168.973, 274], [168.982, 274], [168.990, 274], [168.998, 274], [169.006, 273], [169.031, 273], [169.041, 272], [169.047, 272], [169.053, 272], [169.104, 272], [169.119, 273], [169.160, 272], [169.205, 273], [169.235, 272], [169.247, 272], [169.339, 271], [169.400, 269], [169.412, 270], [169.427, 270], [169.528, 269], [169.539, 270], [169.544, 269], [169.561, 269], [169.566, 268], [169.570, 268], [169.585, 268], [169.623, 268], [169.655, 268], [169.668, 269], [169.675, 269], [169.691, 269], [169.722, 269], [169.744, 270], [169.753, 269], [169.755, 269], [169.765, 269], [169.775, 269], [169.803, 269], [169.853, 269], [169.915, 269], [169.919, 269], [169.930, 269], [169.954, 268], [169.979, 267], [169.984, 266], [169.992, 266], [169.998, 267], [170.009, 268], [170.014, 269], [170.035, 269], [170.055, 272], [170.073, 272], [170.088, 270], [170.099, 268], [170.111, 268], [170.114, 268], [170.118, 269], [170.121, 269], [170.125, 269], [170.129, 270], [170.133, 270], [170.137, 270], [170.152, 271], [170.169, 270], [170.178, 269], [170.192, 268], [170.230, 266], [170.275, 265], [170.300, 266], [170.308, 266], [170.455, 267], [170.461, 267], [170.470, 267], [170.499, 266], [170.503, 266], [170.597, 265], [170.604, 265], [170.668, 265], [170.746, 264], [170.795, 264], [170.801, 263], [170.837, 263], [170.847, 263], [170.853, 264], [170.919, 262], [170.972, 263], [171.002, 263], [171.036, 263], [171.083, 261], [171.134, 261], [171.150, 260], [171.153, 260], [171.155, 260], [171.171, 260], [171.233, 260], [171.256, 261], [171.263, 261], [171.270, 261], [171.277, 262], [171.284, 262], [171.293, 262], [171.419, 261], [171.431, 260], [171.444, 261], [171.458, 262], [171.541, 262], [171.555, 260], [171.563, 259], [171.610, 260], [171.616, 260], [171.618, 260], [171.634, 260], [171.640, 261], [171.646, 261], [171.653, 261], [171.662, 261], [171.668, 262], [171.675, 263], [171.711, 261], [171.763, 260], [171.769, 260], [171.781, 259], [171.825, 259], [171.828, 258], [171.832, 258], [171.842, 258], [171.845, 258], [171.963, 258], [172.110, 260], [172.140, 261], [172.364, 261], [172.373, 260], [172.378, 259], [172.383, 259], [172.431, 259], [172.456, 259], [172.496, 260], [172.512, 261], [172.542, 262], [172.670, 260], [172.725, 257], [172.975, 257], [172.978, 256], [172.983, 256], [173.054, 257], [173.133, 260], [173.199, 257], [173.214, 259], [173.248, 260], [173.301, 260], [173.345, 255], [173.502, 251], [173.676, 248], [173.742, 248], [173.841, 247], [173.894, 247], [173.972, 245], [173.998, 245], [174.022, 245], [174.033, 245], [174.043, 245], [174.057, 245], [174.066, 245], [174.070, 245], [174.073, 245], [174.105, 243], [174.120, 243], [174.130, 242], [174.181, 242], [174.238, 243], [174.253, 243], [174.288, 242], [174.296, 242], [174.620, 241], [174.680, 240], [174.892, 238], [174.971, 241], [174.980, 241], [174.984, 240], [174.990, 240], [174.997, 241], [175.048, 238], [175.050, 238], [175.051, 238], [175.060, 240], [175.063, 241], [175.111, 241], [175.121, 240], [175.126, 240], [175.296, 237], [175.333, 238], [175.454, 238], [175.500, 236], [175.701, 234], [175.770, 235], [175.813, 235], [175.825, 235], [175.844, 234], [176.143, 229], [176.162, 229], [176.171, 229], [176.239, 232], [176.249, 232], [176.268, 231], [176.271, 231], [176.443, 227], [176.613, 227], [176.630, 227], [176.902, 224], [176.933, 224], [176.958, 224], [176.982, 224], [177.002, 224], [177.029, 225], [177.054, 226], [177.094, 224], [177.218, 224], [177.511, 224], [177.569, 224], [177.627, 223], [177.751, 223], [177.869, 229], [177.916, 225], [177.917, 225], [177.939, 223], [177.953, 222], [178.181, 223], [178.191, 223], [178.195, 222], [178.202, 222], [178.530, 219], [178.578, 219], [178.596, 219], [178.602, 219], [178.619, 219], [178.654, 219], [178.665, 220], [178.672, 220], [178.686, 220], [178.920, 221], [178.939, 219], [178.950, 219], [179.004, 219], [179.011, 218], [179.018, 217], [179.059, 216], [179.077, 219], [179.109, 219], [179.122, 218], [179.126, 218], [179.131, 218], [179.135, 218], [179.168, 218], [179.175, 219], [179.180, 219], [179.186, 219], [179.253, 219], [179.262, 219], [179.269, null], [179.289, null], [179.329, 219], [179.338, 219], [179.342, 219], [179.643, 216], [179.670, 216], [179.920, 218], [179.976, 218], [179.988, 217], [179.994, 217], [180.013, 217], [180.022, 218], [180.215, 218], [180.221, 217], [180.227, 217], [180.230, 217], [180.241, 218], [180.389, 216], [180.419, 215], [180.429, 215], [180.434, 215], [180.439, 215], [180.441, 215], [180.442, 215], [180.446, 215], [180.448, 215], [180.449, 215], [180.452, 215], [180.538, 216], [180.575, 216], [180.645, 216], [180.744, 217], [180.767, 218], [180.782, 218], [180.804, 218], [180.817, 218], [181.104, 214], [181.204, 214], [181.218, 214], [181.225, 214], [181.230, 214], [181.234, 214], [181.237, 214], [181.242, 215], [181.264, 216], [181.268, 216], [181.271, 215], [181.274, 215], [181.308, 215], [181.342, 214], [181.360, 215], [181.371, 214], [181.378, 213], [181.409, 213], [181.422, 213], [181.446, 213], [181.462, 213], [181.479, 212], [181.486, 212], [181.512, 211], [181.553, 212], [181.647, 211], [181.668, 211], [181.683, 211], [181.708, 211], [181.929, 211], [181.950, 211], [181.984, 211], [181.995, 211], [182.104, 208], [182.114, 207], [182.201, 207], [182.205, 207], [182.208, 207], [182.227, 207], [182.556, 203], [182.592, 206], [182.644, 206], [182.787, 206], [182.841, 205], [182.853, 205], [183.088, 202], [183.220, 203], [183.224, 203], [183.232, 203], [183.236, 203], [183.248, 202], [183.258, 201], [183.264, 201], [183.273, 200], [183.277, 200], [183.283, 200], [183.463, 199], [183.673, 198], [183.802, 197], [183.897, 199], [184.002, 197], [184.093, 196], [184.102, 196], [184.165, 196], [184.368, 195], [184.378, 194], [184.386, 194], [184.391, 195], [184.409, 195], [184.474, 195], [184.535, 194], [184.588, 193], [184.620, 194], [184.808, 194], [184.898, 193], [184.946, 192], [185.139, 191], [185.363, 192], [185.386, 192], [185.395, 192], [185.419, 192], [185.433, 192], [185.533, 193], [185.597, 194], [185.650, 195], [185.665, 195], [185.708, 194], [185.711, 194], [185.723, 194], [185.731, 194], [185.742, 193], [185.768, 193], [185.775, 193], [185.892, 195], [185.996, 193], [186.030, 193], [186.047, 193], [186.054, 193], [186.070, 194], [186.074, 195], [186.080, 196], [186.084, 197], [186.103, 194], [186.146, 192], [186.397, 194], [186.413, 194], [186.453, 196], [186.467, 197], [186.528, 197], [186.576, 196], [186.595, 197], [186.612, 197], [186.624, 197], [186.651, 195], [186.673, 193], [186.724, 189], [186.729, 189], [186.738, 188], [186.747, 188], [186.764, 188], [186.807, 187], [186.831, 188], [186.851, 187], [186.882, 186], [186.942, 186], [187.002, 187], [187.042, 187], [187.061, 187], [187.079, 187], [187.090, 187], [187.106, 188], [187.126, 188], [187.143, 188], [187.168, 188], [187.217, 188], [187.239, 188], [187.255, 189], [187.268, 188], [187.380, 188], [187.388, 189], [187.391, 189], [187.534, 189], [187.857, 188], [187.989, 190], [188.019, 193], [188.046, 194], [188.134, 194], [188.184, 197], [188.228, 198], [188.240, 198], [188.244, 197], [188.272, 197], [188.277, 198], [188.281, 198], [188.293, 198], [188.300, 198], [188.304, 198], [188.314, 197], [188.322, 198], [188.330, 197], [188.366, 196], [188.525, 196], [188.581, 196], [188.595, 196], [188.596, 196], [188.599, 196], [188.603, 196], [188.621, 197], [188.772, 200], [188.785, 200], [188.793, 199], [188.905, 199], [189.014, 198], [189.045, 198], [189.053, 198], [189.056, 198], [189.061, 198], [189.064, 198], [189.217, 200], [189.276, 200], [189.295, 200], [189.323, 201], [189.352, 201], [189.391, 202], [189.513, 202], [189.522, 202], [189.530, 202], [189.549, 202], [189.726, 202], [189.734, 203], [189.770, 202], [189.780, 202], [189.783, 202], [189.786, 202], [189.789, 202], [189.794, 202], [189.798, 202], [189.802, 202], [189.806, 202], [189.831, 203], [189.838, 204], [189.846, 204], [189.854, 204], [189.859, 204], [189.867, 204], [189.878, 204], [189.888, 203], [189.900, 202], [189.904, 202], [189.907, 202], [189.913, 202], [189.918, 202], [189.963, 202], [190.098, 201], [190.103, 202], [190.114, 202], [190.147, 202], [190.165, 201], [190.187, 201], [190.203, 201], [190.233, 201], [190.245, 200], [190.281, 200], [190.310, 200], [190.316, 201], [190.330, 201], [190.337, 202], [190.350, 201], [190.366, 201], [190.396, 200], [190.413, 199], [190.428, 199], [190.439, 199], [190.457, 199], [190.462, 200], [190.492, 200], [190.522, 198], [190.541, 199], [190.577, 199], [190.582, 199], [190.596, 199], [190.623, 200], [190.630, 200], [190.659, 201], [190.667, 201], [190.687, 202], [190.720, 199], [190.730, 199], [190.770, 199], [190.773, 198], [190.793, 197], [190.866, 197], [190.907, 197], [190.913, 197], [190.930, 197], [190.973, 197], [191.135, 198], [191.136, 199], [191.168, 198], [191.170, 198], [191.176, 198], [191.196, 199], [191.198, 199], [191.201, 199], [191.206, 199], [191.250, 199], [191.263, 200], [191.285, 201], [191.326, 201], [191.334, 199], [191.341, 199], [191.428, 200], [191.483, 199], [191.529, 197], [191.581, 197], [191.634, 197], [191.648, 196], [191.683, 196], [191.702, 196], [191.847, 196], [191.935, 197], [192.012, 196], [192.064, 195], [192.111, 194], [192.143, 193], [192.196, 192], [192.213, 193], [192.217, 193], [192.226, 193], [192.232, 193], [192.241, 193], [192.268, 192], [192.294, 192], [192.353, 192], [192.404, 192], [192.405, 191], [192.415, 191], [192.627, 190], [192.661, 191], [192.685, 189], [192.839, 189], [192.994, 189], [193.408, 184], [193.468, 184], [193.475, 185], [193.480, 185], [193.488, 185], [193.672, 187], [193.712, 186], [193.831, 187], [193.924, 190], [193.997, 192], [194.079, 193], [194.111, 194], [194.122, 194], [194.186, 195], [194.555, 197], [194.712, 198], [194.727, 199], [194.740, 198], [194.750, 198], [194.755, 198], [194.765, 198], [194.777, 197], [194.791, 197], [194.798, 197], [194.814, 197], [194.822, 197], [194.852, 197], [194.872, 197], [194.904, 197], [194.941, 197], [195.146, 197], [195.303, 198], [195.390, 198], [195.495, 199], [195.503, 199], [195.509, 200], [195.514, 200], [195.543, 200], [195.557, 200], [195.561, 200], [195.684, 200], [195.804, 200], [195.815, 201], [195.935, 200], [196.031, 199], [196.127, 198], [196.156, 197], [196.212, 196], [196.222, 196], [196.293, 195], [196.308, 195], [196.423, 196], [196.432, 196], [196.452, 197], [196.511, 193], [196.516, 192], [196.523, 192], [196.558, 195], [196.581, 194], [196.584, 193], [196.592, 193], [196.599, 193], [196.603, 193], [196.607, 193], [196.611, 193], [196.639, 194], [196.659, 195], [196.679, 194], [196.694, 194], [196.711, 193], [196.777, 193], [196.812, 195], [196.817, 195], [196.819, 195], [196.831, 194], [196.834, 194], [196.847, 194], [196.967, 194], [197.116, 193], [197.149, 196], [197.388, 196], [197.392, 196], [197.396, 196], [197.460, 196], [197.511, 196], [197.547, 195], [197.716, 195], [197.754, 197], [197.764, 198], [197.832, 198], [197.843, 199], [197.850, 199], [197.874, 199], [197.883, 200], [197.927, 200], [197.942, 201], [197.952, 201], [197.961, 200], [197.967, 200], [197.973, 200], [197.988, 200], [198.006, 200], [198.024, 199], [198.051, 198], [198.065, 197], [198.073, 197], [198.097, 197], [198.102, 196], [198.108, 196], [198.112, 196], [198.126, 196], [198.177, 195], [198.241, 193], [198.243, 193], [198.256, 193], [198.268, 192], [198.271, 192], [198.274, 192], [198.278, 192], [198.282, 192], [198.286, 192], [198.290, 192], [198.293, 192], [198.297, 192], [198.305, 192], [198.309, 192], [198.340, 192], [198.372, 193], [198.389, 193], [198.408, 192], [198.422, 191], [198.437, 191], [198.470, 191], [198.506, 191], [198.524, 197], [198.531, 196], [198.539, 196], [198.553, 195], [198.557, 196], [198.616, 196], [198.675, 192], [198.756, 192], [198.833, 191], [198.908, 192], [198.987, 191], [199.068, 191], [199.153, 191], [199.238, 191], [199.326, 191], [199.407, 189], [199.574, 190], [199.654, 189], [199.664, 189], [199.738, 189], [199.745, 188], [199.748, 188], [199.751, 188], [199.755, 188], [199.760, 189], [199.765, 189], [199.767, 189], [199.770, 189], [199.774, 189], [199.781, 189], [199.798, 188], [199.831, 188], [199.860, 187], [199.863, 187], [199.867, 187], [199.872, 187], [199.876, 187], [199.880, 187], [199.882, 187], [199.904, 186], [199.909, 187], [199.913, 187], [199.916, 187], [199.943, 187], [199.974, 188], [200.000, 190], [200.006, 190], [200.016, 191], [200.022, 191], [200.040, 190], [200.047, 190], [200.058, 190], [200.095, 190], [200.104, 191], [200.134, 194], [200.157, 191], [200.333, 190], [200.343, 190], [200.348, 190], [200.371, 191], [200.418, 192], [200.425, 192], [200.433, 192], [200.440, 192], [200.445, 192], [200.447, 192], [200.450, 192], [200.454, 192], [200.463, 192], [200.468, 193], [200.473, 193], [200.474, 193], [200.479, 193], [200.484, 193], [200.489, 194], [200.534, 196], [200.539, 196], [200.543, 196], [200.553, 194], [200.645, 197], [200.654, 197], [200.725, 199], [200.792, 200], [200.799, 200], [200.810, 200], [200.816, 200], [200.829, 200], [200.840, 200], [200.842, 200], [200.846, 200], [200.855, 200], [200.887, 200], [200.901, 200], [200.925, 201], [200.953, 203], [201.178, 215], [201.190, 214], [201.197, 214], [201.200, 214], [201.208, 215], [201.212, 215], [201.223, 215], [201.303, 215], [201.310, 217], [201.357, 217], [201.363, 218], [201.368, 218], [201.373, 218], [201.413, 219], [201.419, 224], [201.425, 225], [201.441, 226], [201.466, 225], [201.477, 223], [201.483, 224], [201.521, 227], [201.525, 226], [201.529, 226], [201.539, 225], [201.545, 225], [201.550, 225], [201.559, 224], [201.569, 224], [201.605, 224], [201.659, 224], [201.704, 226], [201.730, 226], [201.777, 221], [201.782, 221], [201.795, 222], [201.808, 222], [201.820, 223], [201.824, 223], [201.830, 223], [201.836, 223], [201.859, 223], [201.865, 225], [201.923, 228], [202.042, 234], [202.081, 235], [202.100, 236], [202.150, 237], [202.192, 240], [202.215, 241], [202.222, 241], [202.275, 242], [202.337, 242], [202.358, 242], [202.379, 242], [202.458, 241], [202.479, 242], [202.491, 242], [202.502, 243], [202.562, 243], [202.617, 244], [202.623, 244], [202.628, 245], [202.687, 245], [202.699, 244], [202.705, 243], [202.724, 243], [202.730, 244], [202.748, 244], [202.775, 244], [202.784, 244], [202.791, 245], [202.810, 245], [202.843, 245], [202.855, 244], [202.871, 244], [202.886, 244], [202.899, 244], [202.929, 244], [202.940, 244], [202.975, 244], [203.054, 245], [203.073, 238], [203.105, 237], [203.115, 237], [203.128, 237], [203.147, 237], [203.180, 237], [203.215, 238], [203.224, 238], [203.228, 239], [203.238, 239], [203.253, 239], [203.254, 238], [203.265, 238], [203.331, 236], [203.342, 238], [203.345, 237], [203.350, 236], [203.379, 236], [203.420, 234], [203.427, 231], [203.490, 232], [203.497, 230], [203.503, 230], [203.504, 230], [203.506, 230], [203.515, 230], [203.522, 231], [203.589, 231], [203.605, 232], [203.607, 230], [203.680, 229], [203.689, 227], [203.798, 226], [203.805, 226], [203.815, 227], [203.847, 227], [203.860, 225], [203.873, 223], [203.891, 220], [203.900, 221], [203.908, 221], [203.910, 222], [203.915, 222], [203.922, 222], [203.928, 222], [203.935, 221], [203.942, 221], [203.965, 224], [203.975, 226], [203.984, 227], [204.014, 223], [204.015, 223], [204.020, 223], [204.031, 224], [204.036, 224], [204.064, 222], [204.118, 216], [204.133, 217], [204.178, 220], [204.180, 221], [204.189, 222], [204.191, 222], [204.192, 222], [204.201, 223], [204.205, 223], [204.302, 218], [204.370, 213], [204.467, 212], [204.474, 211], [204.485, 211], [204.488, 211], [204.495, 209], [204.509, 206], [204.512, 206], [204.555, 206], [204.564, 206], [204.590, 205], [204.598, 205], [204.607, 205], [204.660, 203], [204.727, 204], [204.730, 204], [204.734, 205], [204.744, 205], [204.761, 203], [204.799, 205], [204.827, 207], [204.841, 206], [204.853, 205], [204.879, 204], [204.897, 204], [204.908, 205], [204.912, 205], [204.927, 205], [204.939, 204], [204.942, 204], [204.943, 204], [204.995, 208], [205.028, 210], [205.040, 211], [205.169, 204], [205.180, 202], [205.187, 202], [205.193, 202], [205.201, 201], [205.203, 201], [205.207, 202], [205.223, 202], [205.226, 202], [205.229, 202], [205.232, 203], [205.280, 204], [205.283, 204], [205.287, 203], [205.290, 203], [205.299, 202], [205.314, 201], [205.332, 201], [205.340, 201], [205.348, 200], [205.358, 200], [205.368, 200], [205.381, 203], [205.392, 203], [205.399, 203], [205.408, 203], [205.411, 203], [205.421, 204], [205.431, 203], [205.442, 203], [205.453, 203], [205.466, 203], [205.480, 203], [205.486, 203], [205.533, 203], [205.541, 202], [205.543, 202], [205.555, 201], [205.570, 201], [205.589, 201], [205.591, 201], [205.597, 201], [205.600, 201], [205.604, 201], [205.609, 201], [205.613, 201], [205.615, 201], [205.619, 201], [205.622, 200], [205.631, 200], [205.634, 200], [205.636, 200], [205.647, 200], [205.650, 200], [205.658, 200], [205.663, 200], [205.664, 199], [205.666, 199], [205.675, 199], [205.676, 199], [205.683, 199], [205.689, 198], [205.693, 199], [205.698, 199], [205.700, 199], [205.704, 199], [205.714, 199], [205.748, 199], [205.763, 200], [205.779, 203], [205.781, 203], [205.786, 204], [205.840, 203], [205.843, 202], [205.851, 202], [205.894, 209], [205.959, 210], [205.963, 210], [205.970, 210], [205.976, 210], [205.978, 210], [206.037, 207], [206.059, 204], [206.144, 206], [206.168, 203], [206.184, 203], [206.186, 203], [206.195, 203], [206.201, 203], [206.203, 203], [206.211, 204], [206.260, 200], [206.312, 189], [206.384, 189], [206.393, 189], [206.400, 190], [206.547, 190], [206.554, 188], [206.563, 186], [206.571, 185], [206.591, 186], [206.644, 190], [206.653, 189], [206.720, 189], [206.746, 192], [206.782, 193], [206.803, 188], [206.807, 183], [206.812, 184], [206.816, 184], [206.848, 184], [206.888, 186], [206.920, 188], [206.938, 189], [206.955, 191], [206.958, 193], [206.967, 192], [206.973, 191], [206.977, 190], [207.023, 190], [207.032, 188], [207.041, 187], [207.048, 186], [207.053, 186], [207.060, 186], [207.064, 186], [207.069, 185], [207.078, 184], [207.087, 182], [207.091, 181], [207.096, 181], [207.104, 180], [207.110, 181], [207.119, 182], [207.122, 182], [207.134, 182], [207.139, 183], [207.146, 184], [207.153, 185], [207.161, 187], [207.163, 185], [207.214, 185], [207.224, 183], [207.249, 182], [207.258, 187], [207.291, 189], [207.404, 192], [207.404, 193], [207.407, 193], [207.410, 194], [207.418, 194], [207.447, 194], [207.452, 193], [207.461, 192], [207.470, 190], [207.511, 190], [207.514, 190], [207.521, 190], [207.543, 190], [207.556, 188], [207.574, 184], [207.597, 179], [207.613, 176], [207.623, 176], [207.625, 175], [207.627, 175], [207.636, 175], [207.639, 173], [207.643, 173], [207.647, 173], [207.652, 173], [207.662, 174], [207.665, 174], [207.676, 174], [207.684, 175], [207.691, 175], [207.694, 175], [207.697, 175], [207.705, 175], [207.709, 175], [207.711, 175], [207.713, 175], [207.726, 175], [207.729, 173], [207.732, 173], [207.735, 173], [207.738, 173], [207.747, 173], [207.750, 174], [207.757, 173], [207.768, 172], [207.773, 173], [207.782, 173], [207.857, 191], [207.917, 191], [207.920, 189], [207.925, 188], [207.934, 182], [207.959, 174], [207.964, 174], [207.966, 173], [207.968, 172], [207.976, 172], [207.983, 171], [207.985, 171], [207.987, 172], [207.991, 172], [208.003, 172], [208.003, 172], [208.011, 172], [208.020, 172], [208.021, 172], [208.026, 172], [208.031, 172], [208.036, 172], [208.037, 172], [208.053, 172], [208.062, 174], [208.067, 175], [208.071, 175], [208.074, 176], [208.079, 177], [208.196, 178], [208.258, 184], [208.266, 177], [208.273, 174], [208.341, 172], [208.410, 174], [208.417, 174], [208.427, 174], [208.478, 173], [208.481, 176], [208.483, 176], [208.485, 176], [208.489, 176], [208.491, 175], [208.561, 175], [208.568, 173], [208.576, 174], [208.583, 176], [208.635, 182], [208.663, 176], [208.669, 176], [208.677, 176], [208.705, 182], [208.713, 183], [208.733, 182], [208.754, 188], [208.798, 187], [208.804, 186], [208.811, 186], [208.840, 183], [208.871, 183], [208.907, 185], [208.918, 185], [208.974, 191], [208.994, 191], [209.009, 192], [209.050, 188], [209.062, 188], [209.070, 188], [209.070, 188], [209.112, 188], [209.121, 184], [209.149, 184], [209.188, 185]]}, "geometry" : {"type" : "MultiLineString", "coordinates" : [[[15.4379579, 47.0708156], [15.4381956, 47.0708964]], [[15.4379579, 47.0708156], [15.4379153, 47.0709329]], [[15.4379153, 47.0709329], [15.4378317, 47.0710737]], [[15.4378317, 47.0710737], [15.4378129, 47.0711053]], [[15.4378129, 47.0711053], [15.4378013, 47.0711248]], [[15.4378013, 47.0711248], [15.4377938, 47.0711408]], [[15.4377938, 47.0711408], [15.4377808, 47.0711684]], [[15.4377808, 47.0711684], [15.437642, 47.0714637]], [[15.4375785, 47.0714515], [15.437642, 47.0714637]], [[15.4375584, 47.0714459], [15.4375785, 47.0714515]], [[15.4375536, 47.071454], [15.4375584, 47.0714459]], [[15.4375495, 47.071461], [15.4375536, 47.071454]], [[15.437541, 47.0714754], [15.4375495, 47.071461]], [[15.437541, 47.0714754], [15.4371989, 47.0713854]], [[15.4371989, 47.0713854], [15.436713, 47.0712552]], [[15.436713, 47.0712552], [15.4363474, 47.0711333]], [[15.4363474, 47.0711333], [15.4360699, 47.0710514]], [[15.4360699, 47.0710514], [15.4359253, 47.0710128]], [[15.4359253, 47.0710128], [15.4357942, 47.0709837]], [[15.4357942, 47.0709837], [15.4357463, 47.0709738]], [[15.4357463, 47.0709738], [15.4356241, 47.0709565]], [[15.4356241, 47.0709565], [15.4355249, 47.0709446]], [[15.4355249, 47.0709446], [15.4354753, 47.0709385]], [[15.435473, 47.0709523], [15.4354753, 47.0709385]], [[15.4354638, 47.0710079], [15.435473, 47.0709523]], [[15.4354615, 47.0710289], [15.4354638, 47.0710079]], [[15.4354586, 47.0710553], [15.4354615, 47.0710289]], [[15.4354282, 47.0712629], [15.4354586, 47.0710553]], [[15.4354252, 47.0712836], [15.4354282, 47.0712629]], [[15.4353775, 47.0714776], [15.4354252, 47.0712836]], [[15.4353259, 47.0716885], [15.4353775, 47.0714776]], [[15.4353085, 47.0717644], [15.4353259, 47.0716885]], [[15.4352996, 47.0718031], [15.4353085, 47.0717644]], [[15.4352312, 47.0721019], [15.4352996, 47.0718031]], [[15.4351738, 47.0723526], [15.4352312, 47.0721019]], [[15.4351424, 47.0724858], [15.4351738, 47.0723526]], [[15.4351343, 47.07252], [15.4351424, 47.0724858]], [[15.4351094, 47.0726299], [15.4351343, 47.07252]], [[15.435091, 47.0727718], [15.4351094, 47.0726299]], [[15.435042, 47.0731501], [15.435091, 47.0727718]], [[15.435042, 47.0731501], [15.4350564, 47.0732422]], [[15.4350564, 47.0732422], [15.4349109, 47.0739924]], [[15.4349109, 47.0739924], [15.4348446, 47.0740164]], [[15.4348345, 47.07407], [15.4348446, 47.0740164]], [[15.4348325, 47.0740806], [15.4348345, 47.07407]], [[15.43467, 47.0746852], [15.4348325, 47.0740806]], [[15.4346043, 47.0748977], [15.43467, 47.0746852]], [[15.4343473, 47.0755464], [15.4346043, 47.0748977]], [[15.4342967, 47.0756754], [15.4343473, 47.0755464]], [[15.4341636, 47.0759416], [15.4342967, 47.0756754]], [[15.4339927, 47.0763258], [15.4341636, 47.0759416]], [[15.4339735, 47.0763641], [15.4339927, 47.0763258]], [[15.4338675, 47.0764433], [15.4339735, 47.0763641]], [[15.4338263, 47.0764862], [15.4338675, 47.0764433]], [[15.4337694, 47.0766001], [15.4338263, 47.0764862]], [[15.4334327, 47.0772514], [15.4337694, 47.0766001]], [[15.4333554, 47.0774154], [15.4334327, 47.0772514]], [[15.4333518, 47.0774255], [15.4333554, 47.0774154]], [[15.4333607, 47.0774823], [15.4333518, 47.0774255]], [[15.4334075, 47.0775616], [15.4333607, 47.0774823]], [[15.4334294, 47.077612], [15.4334075, 47.0775616]], [[15.4334823, 47.0777029], [15.4334294, 47.077612]], [[15.4334823, 47.0777029], [15.4334567, 47.0777584]], [[15.4334567, 47.0777584], [15.4333334, 47.0780047]], [[15.4333334, 47.0780047], [15.4332336, 47.078215]], [[15.4332336, 47.078215], [15.4331855, 47.0783162]], [[15.4331855, 47.0783162], [15.433112, 47.078471]], [[15.4332463, 47.0785094], [15.433112, 47.078471]], [[15.4332758, 47.0785178], [15.4332463, 47.0785094]], [[15.4337373, 47.0786498], [15.4332758, 47.0785178]], [[15.4337373, 47.0786498], [15.4337315, 47.0786673]], [[15.4337315, 47.0786673], [15.4337273, 47.07868]], [[15.4337273, 47.07868], [15.4336755, 47.0788369]], [[15.4336755, 47.0788369], [15.4336115, 47.0789331]], [[15.4336115, 47.0789331], [15.4333615, 47.07937]], [[15.4333615, 47.07937], [15.4333137, 47.0794505]], [[15.4333137, 47.0794505], [15.4331152, 47.0797876]], [[15.4331152, 47.0797876], [15.4331024, 47.0798455]], [[15.4331024, 47.0798455], [15.4330901, 47.0799012]], [[15.4330901, 47.0799012], [15.4329697, 47.0801103]], [[15.4329697, 47.0801103], [15.4327202, 47.080509]], [[15.4327202, 47.080509], [15.43269, 47.080551]], [[15.43269, 47.080551], [15.4326605, 47.0805766]], [[15.4326605, 47.0805766], [15.4326255, 47.0806088]], [[15.4326255, 47.0806088], [15.4325681, 47.080657]], [[15.4325681, 47.080657], [15.4325297, 47.0806904]], [[15.4325297, 47.0806904], [15.4324833, 47.0807441]], [[15.4324833, 47.0807441], [15.4319099, 47.0814079]], [[15.4319099, 47.0814079], [15.4318749, 47.0814462]], [[15.4318749, 47.0814462], [15.4315402, 47.0818563]], [[15.4315402, 47.0818563], [15.4314687, 47.0819548]], [[15.4314687, 47.0819548], [15.4312293, 47.0822845]], [[15.4312293, 47.0822845], [15.4312227, 47.0823274]], [[15.4312227, 47.0823274], [15.431097, 47.082529]], [[15.431097, 47.082529], [15.4311105, 47.0825349]], [[15.4311105, 47.0825349], [15.4311441, 47.0825494]], [[15.4311441, 47.0825494], [15.431185, 47.0825638]], [[15.431185, 47.0825638], [15.4311971, 47.0825681]], [[15.4311971, 47.0825681], [15.4312281, 47.082579]], [[15.4312281, 47.082579], [15.4313022, 47.0826193]], [[15.4312329, 47.082649], [15.4313022, 47.0826193]], [[15.4311025, 47.0828226], [15.4312329, 47.082649]], [[15.4309834, 47.0829811], [15.4311025, 47.0828226]], [[15.4309172, 47.0830692], [15.4309834, 47.0829811]], [[15.4307116, 47.0833644], [15.4309172, 47.0830692]], [[15.4306699, 47.0834085], [15.4307116, 47.0833644]], [[15.4305888, 47.0834824], [15.4306699, 47.0834085]], [[15.4304668, 47.0836158], [15.4305888, 47.0834824]], [[15.4303464, 47.0837568], [15.4304668, 47.0836158]], [[15.430327, 47.0837782], [15.4303464, 47.0837568]], [[15.4302964, 47.083826], [15.430327, 47.0837782]], [[15.4299922, 47.0844776], [15.4302964, 47.083826]], [[15.4299769, 47.0845129], [15.4299922, 47.0844776]], [[15.4299404, 47.084605], [15.4299769, 47.0845129]], [[15.4299438, 47.084638], [15.4299404, 47.084605]], [[15.4300338, 47.0847208], [15.4299438, 47.084638]], [[15.4300551, 47.0847834], [15.4300338, 47.0847208]], [[15.4300215, 47.0848962], [15.4300551, 47.0847834]], [[15.4300253, 47.0849925], [15.4300215, 47.0848962]], [[15.4300199, 47.0850766], [15.4300253, 47.0849925]], [[15.4299242, 47.0852425], [15.4300199, 47.0850766]], [[15.4298596, 47.0852605], [15.4299242, 47.0852425]], [[15.42978, 47.085286], [15.4298596, 47.0852605]], [[15.4297204, 47.0853387], [15.42978, 47.085286]], [[15.4296622, 47.0853846], [15.4297204, 47.0853387]], [[15.4296152, 47.0854453], [15.4296622, 47.0853846]], [[15.4295768, 47.085495], [15.4296152, 47.0854453]], [[15.4295158, 47.0855738], [15.4295768, 47.085495]], [[15.4294079, 47.0856281], [15.4295158, 47.0855738]], [[15.4292642, 47.0857379], [15.4294079, 47.0856281]], [[15.4290666, 47.0860046], [15.4292642, 47.0857379]], [[15.4288702, 47.0862603], [15.4290666, 47.0860046]], [[15.4286906, 47.0864943], [15.4288702, 47.0862603]], [[15.4286151, 47.0865632], [15.4286906, 47.0864943]], [[15.4284459, 47.0867174], [15.4286151, 47.0865632]], [[15.428374, 47.0867867], [15.4284459, 47.0867174]], [[15.4282849, 47.0868503], [15.428374, 47.0867867]], [[15.4281551, 47.0869245], [15.4282849, 47.0868503]], [[15.4280908, 47.0869688], [15.4281551, 47.0869245]], [[15.4280484, 47.086993], [15.4280908, 47.0869688]], [[15.4276112, 47.0872209], [15.4280484, 47.086993]], [[15.427592, 47.0872304], [15.4276112, 47.0872209]], [[15.4275276, 47.087262], [15.427592, 47.0872304]], [[15.4274505, 47.0872976], [15.4275276, 47.087262]], [[15.4274366, 47.087304], [15.4274505, 47.0872976]], [[15.4267508, 47.0876203], [15.4274366, 47.087304]], [[15.4266504, 47.0876757], [15.4267508, 47.0876203]], [[15.4266195, 47.0877134], [15.4266504, 47.0876757]], [[15.4265972, 47.0877414], [15.4266195, 47.0877134]], [[15.4265632, 47.0877751], [15.4265972, 47.0877414]], [[15.4264946, 47.0878499], [15.4265632, 47.0877751]], [[15.4264317, 47.0879272], [15.4264946, 47.0878499]], [[15.4264165, 47.0879539], [15.4264317, 47.0879272]], [[15.4263929, 47.0880018], [15.4264165, 47.0879539]], [[15.4263731, 47.0880428], [15.4263929, 47.0880018]], [[15.4263503, 47.08809], [15.4263731, 47.0880428]], [[15.4263198, 47.0881531], [15.4263503, 47.08809]], [[15.4262416, 47.0883674], [15.4263198, 47.0881531]], [[15.4261947, 47.0884959], [15.4262416, 47.0883674]], [[15.4261751, 47.0886232], [15.4261947, 47.0884959]], [[15.4261149, 47.0887994], [15.4261751, 47.0886232]], [[15.4260831, 47.0889085], [15.4261149, 47.0887994]], [[15.4260203, 47.089019], [15.4260831, 47.0889085]], [[15.4257792, 47.0894284], [15.4260203, 47.089019]], [[15.4256372, 47.089719], [15.4257792, 47.0894284]], [[15.4256002, 47.089792], [15.4256372, 47.089719]], [[15.4255512, 47.0898676], [15.4256002, 47.089792]], [[15.4255153, 47.089923], [15.4255512, 47.0898676]], [[15.4254969, 47.0899478], [15.4255153, 47.089923]], [[15.4254434, 47.0900221], [15.4254969, 47.0899478]], [[15.4254374, 47.0900292], [15.4254434, 47.0900221]], [[15.4253541, 47.0901267], [15.4254374, 47.0900292]], [[15.425149, 47.0903665], [15.4253541, 47.0901267]], [[15.424896, 47.0906128], [15.425149, 47.0903665]], [[15.4245217, 47.0909947], [15.424896, 47.0906128]], [[15.4243443, 47.0911758], [15.4245217, 47.0909947]], [[15.4243181, 47.0912075], [15.4243443, 47.0911758]], [[15.4242806, 47.0912862], [15.4243181, 47.0912075]], [[15.4242368, 47.0913354], [15.4242806, 47.0912862]], [[15.4242002, 47.0913621], [15.4242368, 47.0913354]], [[15.4240368, 47.091496], [15.4242002, 47.0913621]], [[15.4238306, 47.091668], [15.4240368, 47.091496]], [[15.423755, 47.0917335], [15.4238306, 47.091668]], [[15.4236869, 47.0917879], [15.423755, 47.0917335]], [[15.4235943, 47.0918619], [15.4236869, 47.0917879]], [[15.4234949, 47.0919303], [15.4235943, 47.0918619]], [[15.423116, 47.0921909], [15.4234949, 47.0919303]], [[15.4228898, 47.0924721], [15.423116, 47.0921909]], [[15.4226366, 47.0928486], [15.4228898, 47.0924721]], [[15.4225594, 47.0929633], [15.4226366, 47.0928486]], [[15.4224976, 47.0930949], [15.4225594, 47.0929633]], [[15.4224716, 47.0931525], [15.4224976, 47.0930949]], [[15.4224567, 47.0932326], [15.4224716, 47.0931525]], [[15.4224487, 47.0933241], [15.4224567, 47.0932326]], [[15.4224487, 47.0933241], [15.4224327, 47.093325]], [[15.4224327, 47.093325], [15.4224067, 47.0933293]], [[15.4224067, 47.0933293], [15.4223524, 47.0933459]], [[15.4223524, 47.0933459], [15.4223302, 47.0933567]], [[15.4223302, 47.0933567], [15.4222517, 47.093404]], [[15.4222517, 47.093404], [15.4221929, 47.0934507]], [[15.4221929, 47.0934507], [15.4218656, 47.0937184]], [[15.4218656, 47.0937184], [15.421683, 47.0938585]], [[15.421683, 47.0938585], [15.4216381, 47.0938929]], [[15.4216381, 47.0938929], [15.4213438, 47.0940595]], [[15.4213438, 47.0940595], [15.4212567, 47.0941114]], [[15.4212567, 47.0941114], [15.4211902, 47.0941511]], [[15.4211902, 47.0941511], [15.4209091, 47.0943187]], [[15.4209091, 47.0943187], [15.4208432, 47.0943601]], [[15.4208432, 47.0943601], [15.4207536, 47.0944262]], [[15.4207536, 47.0944262], [15.4204748, 47.0946694]], [[15.4204748, 47.0946694], [15.4204417, 47.0947051]], [[15.4204417, 47.0947051], [15.4203428, 47.0948117]], [[15.4203428, 47.0948117], [15.4203341, 47.0948245]], [[15.4203341, 47.0948245], [15.420311, 47.0948454]], [[15.420311, 47.0948454], [15.4201275, 47.0951812]], [[15.4201275, 47.0951812], [15.4200813, 47.0952656]], [[15.4200813, 47.0952656], [15.420063, 47.0952991]], [[15.420063, 47.0952991], [15.4200351, 47.0953501]], [[15.4200351, 47.0953501], [15.419899, 47.0957134]], [[15.4198149, 47.0960352], [15.419899, 47.0957134]], [[15.4197857, 47.0960714], [15.4198149, 47.0960352]], [[15.4196236, 47.0962726], [15.4197857, 47.0960714]], [[15.4195446, 47.0963707], [15.4196236, 47.0962726]], [[15.4195075, 47.0964112], [15.4195446, 47.0963707]], [[15.4193932, 47.0965427], [15.4195075, 47.0964112]], [[15.4194497, 47.096575], [15.4193932, 47.0965427]], [[15.4194497, 47.096575], [15.4194634, 47.0965814]], [[15.4194634, 47.0965814], [15.4194751, 47.0965869]], [[15.4194751, 47.0965869], [15.4194992, 47.0966256]], [[15.4194992, 47.0966256], [15.4194713, 47.0966627]], [[15.4194713, 47.0966627], [15.4193364, 47.0967664]], [[15.4193364, 47.0967664], [15.4192168, 47.0968711]], [[15.4192168, 47.0968711], [15.4190196, 47.0970415]], [[15.4190196, 47.0970415], [15.4189014, 47.0971385]], [[15.4189014, 47.0971385], [15.418722, 47.0972827]], [[15.418722, 47.0972827], [15.4187412, 47.0973364]], [[15.4187412, 47.0973364], [15.4187152, 47.0973455]], [[15.4187152, 47.0973455], [15.4186945, 47.0973659]], [[15.4186945, 47.0973659], [15.4186392, 47.097426]], [[15.4186392, 47.097426], [15.41863, 47.0974363]], [[15.41863, 47.0974363], [15.4186624, 47.0975047]], [[15.4186624, 47.0975047], [15.418658, 47.0975449]], [[15.418658, 47.0975449], [15.4186088, 47.0975969]], [[15.4186088, 47.0975969], [15.4184398, 47.0977423]], [[15.4184398, 47.0977423], [15.4182828, 47.0979185]], [[15.4182828, 47.0979185], [15.4181072, 47.098112]], [[15.4181072, 47.098112], [15.418, 47.0982395]], [[15.418, 47.0982395], [15.4179484, 47.0983009]], [[15.4179484, 47.0983009], [15.4179091, 47.0983474]], [[15.4179091, 47.0983474], [15.4178242, 47.098448]], [[15.4178242, 47.098448], [15.4176626, 47.0986513]], [[15.4176626, 47.0986513], [15.4175238, 47.0988205]], [[15.4175238, 47.0988205], [15.4173977, 47.0989839]], [[15.4173977, 47.0989839], [15.4171362, 47.0993135]], [[15.4171362, 47.0993135], [15.4169532, 47.0995423]], [[15.4169532, 47.0995423], [15.4168394, 47.0996846]], [[15.4168394, 47.0996846], [15.4166226, 47.0999589]], [[15.4166226, 47.0999589], [15.4165767, 47.100025]], [[15.4165439, 47.1000639], [15.4165767, 47.100025]], [[15.41648, 47.1001397], [15.4165439, 47.1000639]], [[15.4164314, 47.1002041], [15.41648, 47.1001397]], [[15.4164314, 47.1002041], [15.4164105, 47.1002269]], [[15.4164105, 47.1002269], [15.4163874, 47.1002558]], [[15.4163874, 47.1002558], [15.4162497, 47.1004677]], [[15.4162497, 47.1004677], [15.4161632, 47.1006008]], [[15.4161632, 47.1006008], [15.4159367, 47.1009996]], [[15.4159367, 47.1009996], [15.415648, 47.101522]], [[15.415648, 47.101522], [15.4155913, 47.1016377]], [[15.4155913, 47.1016377], [15.4154906, 47.1018098]], [[15.4154906, 47.1018098], [15.4154132, 47.1019422]], [[15.4154132, 47.1019422], [15.4150005, 47.1026478]], [[15.4150005, 47.1026478], [15.4149543, 47.1027268]], [[15.4149543, 47.1027268], [15.4147022, 47.1031613]], [[15.4147022, 47.1031613], [15.41467, 47.1032389]], [[15.41467, 47.1032389], [15.4146497, 47.103274]], [[15.4146497, 47.103274], [15.4146172, 47.1033303]], [[15.4146172, 47.1033303], [15.4145265, 47.1034872]], [[15.4145265, 47.1034872], [15.4145196, 47.1035384]], [[15.4145196, 47.1035384], [15.4144483, 47.1036604]], [[15.4144483, 47.1036604], [15.4143704, 47.1037946]], [[15.4143704, 47.1037946], [15.4142488, 47.1040106]], [[15.4142488, 47.1040106], [15.4142139, 47.1040743]], [[15.4142139, 47.1040743], [15.4142266, 47.1040779]], [[15.4142266, 47.1040779], [15.4142506, 47.1040848]], [[15.4142506, 47.1040848], [15.4143172, 47.1041031]], [[15.4143172, 47.1041031], [15.4143362, 47.1041102]], [[15.4143362, 47.1041102], [15.4143476, 47.1041344]], [[15.4143476, 47.1041344], [15.4143243, 47.1041705]], [[15.4143243, 47.1041705], [15.4142552, 47.1042772]], [[15.4142552, 47.1042772], [15.4142451, 47.1042928]], [[15.4142451, 47.1042928], [15.4141963, 47.1044533]], [[15.4141963, 47.1044533], [15.4140994, 47.1046023]], [[15.4140994, 47.1046023], [15.4140221, 47.1047282]], [[15.4140221, 47.1047282], [15.4138715, 47.1049857]], [[15.4138715, 47.1049857], [15.413827, 47.1050562]], [[15.413827, 47.1050562], [15.4137937, 47.1051088]], [[15.4137937, 47.1051088], [15.4137848, 47.1051221]], [[15.4137848, 47.1051221], [15.4135809, 47.1054053]], [[15.4135809, 47.1054053], [15.4133751, 47.1056807]], [[15.4133751, 47.1056807], [15.4132219, 47.1058734]], [[15.4132219, 47.1058734], [15.4127724, 47.1063556]], [[15.4127724, 47.1063556], [15.412261, 47.1068281]], [[15.412261, 47.1068281], [15.4116443, 47.1072904]], [[15.4116443, 47.1072904], [15.4111221, 47.1075795]], [[15.4111221, 47.1075795], [15.4103787, 47.107933]], [[15.4103787, 47.107933], [15.4097735, 47.1081654]], [[15.4097735, 47.1081654], [15.4092525, 47.1083427]], [[15.4092525, 47.1083427], [15.4083328, 47.1086011]], [[15.4083328, 47.1086011], [15.4079103, 47.1087145]], [[15.4079103, 47.1087145], [15.4077398, 47.1087603]], [[15.4077398, 47.1087603], [15.4071113, 47.1089287]], [[15.4071113, 47.1089287], [15.4060566, 47.1091827]], [[15.4060566, 47.1091827], [15.4055229, 47.1093114]], [[15.4055229, 47.1093114], [15.4049813, 47.1094627]], [[15.4049813, 47.1094627], [15.4043729, 47.1096119]], [[15.4043729, 47.1096119], [15.4038186, 47.1097157]], [[15.4038186, 47.1097157], [15.4033405, 47.1098011]], [[15.4033405, 47.1098011], [15.4032599, 47.1098321]], [[15.4032599, 47.1098321], [15.4032114, 47.1098514]], [[15.4032114, 47.1098514], [15.4032016, 47.1098414]], [[15.4032016, 47.1098414], [15.4031854, 47.1098251]], [[15.4031854, 47.1098251], [15.403174, 47.1098136]], [[15.403174, 47.1098136], [15.403159, 47.1097985]], [[15.403159, 47.1097985], [15.4030512, 47.109828]], [[15.4030512, 47.109828], [15.4029726, 47.1098329]], [[15.4029726, 47.1098329], [15.4027895, 47.1098472]], [[15.4027895, 47.1098472], [15.4027363, 47.1098498]], [[15.4027363, 47.1098498], [15.4026186, 47.1098379]], [[15.4026186, 47.1098379], [15.4021636, 47.1098657]], [[15.4021636, 47.1098657], [15.401917, 47.1098901]], [[15.401917, 47.1098901], [15.4015514, 47.1099136]], [[15.4015514, 47.1099136], [15.4009086, 47.1099188]], [[15.4009086, 47.1099188], [15.4003232, 47.1099014]], [[15.4003232, 47.1099014], [15.3999296, 47.1098909]], [[15.3999296, 47.1098909], [15.3992305, 47.1098692]], [[15.3992305, 47.1098692], [15.3984713, 47.1098657]], [[15.3984713, 47.1098657], [15.397578, 47.1098448]], [[15.397578, 47.1098448], [15.3970681, 47.1098275]], [[15.3970681, 47.1098275], [15.3964776, 47.109824]], [[15.3964776, 47.109824], [15.3962207, 47.1098222]], [[15.3962207, 47.1098222], [15.395965, 47.1098245]], [[15.395965, 47.1098245], [15.3950064, 47.1098647]], [[15.3950064, 47.1098647], [15.3941238, 47.1099273]], [[15.3941238, 47.1099273], [15.3936046, 47.1099531]], [[15.3936046, 47.1099531], [15.3933987, 47.1099501]], [[15.3933987, 47.1099501], [15.3931788, 47.1099535]], [[15.3931788, 47.1099535], [15.3929199, 47.1099608]], [[15.3929199, 47.1099608], [15.3927465, 47.109976]], [[15.3927465, 47.109976], [15.392603, 47.1099882]], [[15.392603, 47.1099882], [15.3921993, 47.1100225]], [[15.3921993, 47.1100225], [15.3919946, 47.1100402]], [[15.3919946, 47.1100402], [15.3917429, 47.1100545]], [[15.3917429, 47.1100545], [15.3909247, 47.1101243]], [[15.3909247, 47.1101243], [15.3902974, 47.1101768]], [[15.3902974, 47.1101768], [15.390017, 47.1101995]], [[15.390017, 47.1101995], [15.3898635, 47.1102066]], [[15.3898635, 47.1102066], [15.3891591, 47.1102585]], [[15.3891591, 47.1102585], [15.3884099, 47.1103055]], [[15.3884099, 47.1103055], [15.3878961, 47.1103295]], [[15.3878961, 47.1103295], [15.3875064, 47.1103539]], [[15.3875064, 47.1103539], [15.3865989, 47.110405]], [[15.3865989, 47.110405], [15.3861173, 47.1104326]], [[15.3861173, 47.1104326], [15.3850718, 47.1104893]], [[15.3850718, 47.1104893], [15.3844408, 47.1105243]], [[15.3844408, 47.1105243], [15.3838341, 47.1105602]], [[15.3838341, 47.1105602], [15.3828738, 47.1106154]], [[15.3828738, 47.1106154], [15.3823909, 47.1106472]], [[15.3823909, 47.1106472], [15.3821804, 47.1106709]], [[15.3821804, 47.1106709], [15.3819551, 47.1107028]], [[15.3819551, 47.1107028], [15.3816698, 47.1107536]], [[15.3816698, 47.1107536], [15.3809978, 47.1109111]], [[15.3809978, 47.1109111], [15.3805816, 47.1110562]], [[15.3805816, 47.1110562], [15.3800984, 47.111258]], [[15.3800984, 47.111258], [15.3795462, 47.1115647]], [[15.3795462, 47.1115647], [15.379266, 47.1117503]], [[15.379266, 47.1117503], [15.3790551, 47.111946]], [[15.3790551, 47.111946], [15.3789027, 47.1121307]], [[15.3789027, 47.1121307], [15.3787302, 47.1123399]], [[15.3787302, 47.1123399], [15.3786493, 47.1124361]], [[15.3786493, 47.1124361], [15.3785023, 47.1126355]], [[15.3785023, 47.1126355], [15.3784335, 47.1127395]], [[15.3784335, 47.1127395], [15.37813, 47.1132863]], [[15.37813, 47.1132863], [15.3779802, 47.1134936]], [[15.3779802, 47.1134936], [15.3774279, 47.1141225]], [[15.3774279, 47.1141225], [15.3770716, 47.1145634]], [[15.3770716, 47.1145634], [15.376527, 47.115266]], [[15.376527, 47.115266], [15.3759359, 47.1161233]], [[15.3759359, 47.1161233], [15.3755487, 47.1167187]], [[15.3755487, 47.1167187], [15.3752932, 47.1173019]], [[15.3752932, 47.1173019], [15.3748234, 47.1184718]], [[15.3748234, 47.1184718], [15.3745472, 47.1191445]], [[15.3745472, 47.1191445], [15.3744757, 47.119285]], [[15.3744757, 47.119285], [15.3742007, 47.1196235]], [[15.3742007, 47.1196235], [15.3738688, 47.1199254]], [[15.3738688, 47.1199254], [15.3738603, 47.1200022]], [[15.3738603, 47.1200022], [15.3738323, 47.1200458]], [[15.3738323, 47.1200458], [15.3737427, 47.1201091]], [[15.3737427, 47.1201091], [15.3736827, 47.1201559]], [[15.3736827, 47.1201559], [15.3736057, 47.1202249]], [[15.3736057, 47.1202249], [15.3735879, 47.1202356]], [[15.3735879, 47.1202356], [15.3734979, 47.1202896]], [[15.3734979, 47.1202896], [15.3734233, 47.1203344]], [[15.3734233, 47.1203344], [15.3731681, 47.1204025]], [[15.3731681, 47.1204025], [15.3729281, 47.1205038]], [[15.3729281, 47.1205038], [15.3725781, 47.1206759]], [[15.3725781, 47.1206759], [15.3723994, 47.1207947]], [[15.3723994, 47.1207947], [15.3722039, 47.1209246]], [[15.3722039, 47.1209246], [15.3720951, 47.1209645]], [[15.3720951, 47.1209645], [15.3718857, 47.1210028]], [[15.3718857, 47.1210028], [15.3713105, 47.1211016]], [[15.3713105, 47.1211016], [15.3709645, 47.1211486]], [[15.3709645, 47.1211486], [15.3708378, 47.1211506]], [[15.3708378, 47.1211506], [15.3706779, 47.1211242]], [[15.3706779, 47.1211242], [15.370525, 47.1210882]], [[15.370525, 47.1210882], [15.369094, 47.1211928]], [[15.369094, 47.1211928], [15.3689263, 47.1212051]], [[15.3689263, 47.1212051], [15.3674436, 47.1213131]], [[15.3674436, 47.1213131], [15.3673544, 47.1213238]], [[15.3673544, 47.1213238], [15.3669126, 47.1213607]], [[15.3669126, 47.1213607], [15.3665576, 47.1213883]], [[15.3665576, 47.1213883], [15.3660156, 47.1214326]], [[15.3660156, 47.1214326], [15.3649207, 47.1215119]], [[15.3649207, 47.1215119], [15.3647175, 47.1215432]], [[15.3647175, 47.1215432], [15.3644681, 47.1215764]], [[15.3644681, 47.1215764], [15.3644206, 47.1216067]], [[15.3644206, 47.1216067], [15.364385, 47.1216393]], [[15.364385, 47.1216393], [15.3643546, 47.1216614]], [[15.3643546, 47.1216614], [15.3642939, 47.1216775]], [[15.3642668, 47.1215693], [15.3642939, 47.1216775]], [[15.364248, 47.1215389], [15.3642668, 47.1215693]], [[15.364222, 47.1214982], [15.364248, 47.1215389]], [[15.3641888, 47.1214434], [15.364222, 47.1214982]], [[15.3641762, 47.1214231], [15.3641888, 47.1214434]], [[15.3641441, 47.1212776], [15.3641762, 47.1214231]], [[15.3641558, 47.1211415], [15.3641441, 47.1212776]], [[15.3641441, 47.121091], [15.3641558, 47.1211415]], [[15.3641342, 47.1210483], [15.3641441, 47.121091]], [[15.3641185, 47.1209969], [15.3641342, 47.1210483]], [[15.363909, 47.1209774], [15.3641185, 47.1209969]], [[15.3637103, 47.1209584], [15.363909, 47.1209774]], [[15.3634926, 47.1209427], [15.3637103, 47.1209584]], [[15.3633878, 47.1209418], [15.3634926, 47.1209427]], [[15.3628231, 47.120961], [15.3633878, 47.1209418]], [[15.3626718, 47.1209661], [15.3628231, 47.120961]], [[15.3623715, 47.1209765], [15.3626718, 47.1209661]], [[15.3621477, 47.1209884], [15.3623715, 47.1209765]], [[15.3619313, 47.1210031], [15.3621477, 47.1209884]], [[15.3616954, 47.1210856], [15.3619313, 47.1210031]], [[15.3614955, 47.1211899], [15.3616954, 47.1210856]], [[15.3612813, 47.1212921], [15.3614955, 47.1211899]], [[15.3606185, 47.1215452], [15.3612813, 47.1212921]], [[15.3591595, 47.1216952], [15.3606185, 47.1215452]], [[15.3580986, 47.1219211], [15.3591595, 47.1216952]], [[15.3573687, 47.1220981], [15.3580986, 47.1219211]], [[15.3566236, 47.1223583], [15.3573687, 47.1220981]], [[15.3563334, 47.1224596], [15.3566236, 47.1223583]], [[15.3558208, 47.1226336], [15.3563334, 47.1224596]], [[15.3556187, 47.1226806], [15.3558208, 47.1226336]], [[15.3554214, 47.1227264], [15.3556187, 47.1226806]], [[15.3552742, 47.1227808], [15.3554214, 47.1227264]], [[15.3549812, 47.1229162], [15.3552742, 47.1227808]], [[15.3548283, 47.1230263], [15.3549812, 47.1229162]], [[15.3542013, 47.1233513], [15.3548283, 47.1230263]], [[15.3540595, 47.1234392], [15.3542013, 47.1233513]], [[15.3538176, 47.1235891], [15.3540595, 47.1234392]], [[15.3530645, 47.1240801], [15.3538176, 47.1235891]], [[15.3528534, 47.1242178], [15.3530645, 47.1240801]], [[15.3523243, 47.1244924], [15.3528534, 47.1242178]], [[15.3522012, 47.124559], [15.3523243, 47.1244924]], [[15.3521061, 47.1246075], [15.3522012, 47.124559]], [[15.3520601, 47.1246249], [15.3521061, 47.1246075]], [[15.3520601, 47.1246249], [15.3520752, 47.1246467]], [[15.3520752, 47.1246467], [15.3521276, 47.1247339]], [[15.3521276, 47.1247339], [15.3521623, 47.1247743]], [[15.3521623, 47.1247743], [15.3522556, 47.124849]], [[15.3521251, 47.1248607], [15.3522556, 47.124849]], [[15.351913, 47.1249086], [15.3521251, 47.1248607]], [[15.3516068, 47.12496], [15.351913, 47.1249086]], [[15.3514516, 47.1249873], [15.3516068, 47.12496]], [[15.3511957, 47.1250324], [15.3514516, 47.1249873]], [[15.3509769, 47.125071], [15.3511957, 47.1250324]], [[15.3505963, 47.1251345], [15.3509769, 47.125071]], [[15.3504307, 47.1251622], [15.3505963, 47.1251345]], [[15.350372, 47.125172], [15.3504307, 47.1251622]], [[15.3502037, 47.1252001], [15.350372, 47.125172]], [[15.350155, 47.1252138], [15.3502037, 47.1252001]], [[15.3499808, 47.125263], [15.350155, 47.1252138]], [[15.3499482, 47.1252722], [15.3499808, 47.125263]], [[15.3498, 47.1253236], [15.3499482, 47.1252722]], [[15.3497446, 47.1253479], [15.3498, 47.1253236]], [[15.3497061, 47.125363], [15.3497446, 47.1253479]], [[15.3496751, 47.1253958], [15.3497061, 47.125363]], [[15.3496667, 47.1254123], [15.3496751, 47.1253958]], [[15.3496453, 47.1254543], [15.3496667, 47.1254123]], [[15.3495144, 47.1254514], [15.3496453, 47.1254543]], [[15.3493942, 47.1254833], [15.3495144, 47.1254514]], [[15.3493354, 47.1255132], [15.3493942, 47.1254833]], [[15.3492863, 47.1255381], [15.3493354, 47.1255132]], [[15.3492391, 47.125562], [15.3492863, 47.1255381]], [[15.3491237, 47.1256251], [15.3492391, 47.125562]], [[15.3491128, 47.1256312], [15.3491237, 47.1256251]], [[15.3490466, 47.1256684], [15.3491128, 47.1256312]], [[15.3489893, 47.1257022], [15.3490466, 47.1256684]], [[15.3489578, 47.1257207], [15.3489893, 47.1257022]], [[15.3489188, 47.1257437], [15.3489578, 47.1257207]], [[15.3488345, 47.1258028], [15.3489188, 47.1257437]], [[15.3487745, 47.1258446], [15.3488345, 47.1258028]], [[15.3487308, 47.125875], [15.3487745, 47.1258446]], [[15.3486299, 47.1259453], [15.3487308, 47.125875]], [[15.348532, 47.1260135], [15.3486299, 47.1259453]], [[15.3485003, 47.1260356], [15.348532, 47.1260135]], [[15.3482298, 47.1262259], [15.3485003, 47.1260356]], [[15.3481598, 47.1262751], [15.3482298, 47.1262259]], [[15.3481007, 47.1263167], [15.3481598, 47.1262751]], [[15.3479811, 47.1264015], [15.3481007, 47.1263167]], [[15.3479455, 47.1264267], [15.3479811, 47.1264015]], [[15.3477037, 47.1265981], [15.3479455, 47.1264267]], [[15.3476461, 47.126639], [15.3477037, 47.1265981]], [[15.3473019, 47.126883], [15.3476461, 47.126639]], [[15.3472506, 47.1269193], [15.3473019, 47.126883]], [[15.3472353, 47.1269302], [15.3472506, 47.1269193]], [[15.3472013, 47.1269495], [15.3472353, 47.1269302]], [[15.3468654, 47.1271809], [15.3472013, 47.1269495]], [[15.3467458, 47.1272692], [15.3468654, 47.1271809]], [[15.3466599, 47.1273326], [15.3467458, 47.1272692]], [[15.3464644, 47.127477], [15.3466599, 47.1273326]], [[15.3464264, 47.1275029], [15.3464644, 47.127477]], [[15.3463863, 47.1275301], [15.3464264, 47.1275029]], [[15.3463234, 47.1275729], [15.3463863, 47.1275301]], [[15.3460458, 47.1277618], [15.3463234, 47.1275729]], [[15.3459009, 47.1278654], [15.3460458, 47.1277618]], [[15.3457925, 47.1279432], [15.3459009, 47.1278654]], [[15.3455808, 47.1280913], [15.3457925, 47.1279432]], [[15.3453884, 47.1282259], [15.3455808, 47.1280913]], [[15.345314, 47.1282779], [15.3453884, 47.1282259]], [[15.3452665, 47.1283111], [15.345314, 47.1282779]], [[15.3451311, 47.1283999], [15.3452665, 47.1283111]], [[15.3449876, 47.1285008], [15.3451311, 47.1283999]], [[15.3449156, 47.1285515], [15.3449876, 47.1285008]], [[15.3447886, 47.1286408], [15.3449156, 47.1285515]], [[15.3447358, 47.128678], [15.3447886, 47.1286408]], [[15.3444809, 47.1288573], [15.3447358, 47.128678]], [[15.344311, 47.1289768], [15.3444809, 47.1288573]], [[15.3442731, 47.1290034], [15.344311, 47.1289768]], [[15.3441131, 47.1291159], [15.3442731, 47.1290034]], [[15.3440641, 47.1291504], [15.3441131, 47.1291159]], [[15.3440143, 47.1291854], [15.3440641, 47.1291504]], [[15.3439188, 47.129253], [15.3440143, 47.1291854]], [[15.3438463, 47.1293004], [15.3439188, 47.129253]], [[15.3436961, 47.1294069], [15.3438463, 47.1293004]], [[15.3436094, 47.1294672], [15.3436961, 47.1294069]], [[15.3433857, 47.129622], [15.3436094, 47.1294672]], [[15.3432157, 47.1297357], [15.3433857, 47.129622]], [[15.3431612, 47.1297721], [15.3432157, 47.1297357]], [[15.3431247, 47.1297965], [15.3431612, 47.1297721]], [[15.343029, 47.1298616], [15.3431247, 47.1297965]], [[15.3429184, 47.1299368], [15.343029, 47.1298616]], [[15.342721, 47.130071], [15.3429184, 47.1299368]], [[15.3426606, 47.130112], [15.342721, 47.130071]], [[15.342644, 47.1301233], [15.3426606, 47.130112]], [[15.342544, 47.1301913], [15.342644, 47.1301233]], [[15.3423555, 47.1303195], [15.342544, 47.1301913]], [[15.3422386, 47.1303989], [15.3423555, 47.1303195]], [[15.3421701, 47.1304455], [15.3422386, 47.1303989]], [[15.3420827, 47.1305007], [15.3421701, 47.1304455]], [[15.3416011, 47.1308176], [15.3420827, 47.1305007]], [[15.3415361, 47.1308579], [15.3416011, 47.1308176]], [[15.3412453, 47.1310439], [15.3415361, 47.1308579]], [[15.3408912, 47.1312704], [15.3412453, 47.1310439]], [[15.3408821, 47.1312762], [15.3408912, 47.1312704]], [[15.3406665, 47.1314141], [15.3408821, 47.1312762]], [[15.3406523, 47.1314232], [15.3406665, 47.1314141]], [[15.3404323, 47.1315639], [15.3406523, 47.1314232]], [[15.3403511, 47.1316243], [15.3404323, 47.1315639]], [[15.3402616, 47.1316826], [15.3403511, 47.1316243]], [[15.3402142, 47.1317151], [15.3402616, 47.1316826]], [[15.339962, 47.1319062], [15.3402142, 47.1317151]], [[15.3398519, 47.13199], [15.339962, 47.1319062]], [[15.3396737, 47.1321308], [15.3398519, 47.13199]], [[15.339611, 47.1321803], [15.3396737, 47.1321308]], [[15.3395576, 47.1322225], [15.339611, 47.1321803]], [[15.3394836, 47.132281], [15.3395576, 47.1322225]], [[15.3391174, 47.1325698], [15.3394836, 47.132281]], [[15.3390665, 47.1326098], [15.3391174, 47.1325698]], [[15.3389999, 47.132662], [15.3390665, 47.1326098]], [[15.338869, 47.1327647], [15.3389999, 47.132662]], [[15.3387776, 47.1328364], [15.338869, 47.1327647]], [[15.3387009, 47.1329023], [15.3387776, 47.1328364]], [[15.3384671, 47.133103], [15.3387009, 47.1329023]], [[15.3382284, 47.1332972], [15.3384671, 47.133103]], [[15.3381385, 47.1333703], [15.3382284, 47.1332972]], [[15.3378848, 47.1335791], [15.3381385, 47.1333703]], [[15.3375106, 47.133887], [15.3378848, 47.1335791]], [[15.337256, 47.1340966], [15.3375106, 47.133887]], [[15.3370157, 47.1343006], [15.337256, 47.1340966]], [[15.336768, 47.1345021], [15.3370157, 47.1343006]], [[15.3365449, 47.1346703], [15.336768, 47.1345021]], [[15.3365223, 47.1346842], [15.3365449, 47.1346703]], [[15.3362728, 47.1348382], [15.3365223, 47.1346842]], [[15.3362438, 47.1348561], [15.3362728, 47.1348382]], [[15.3362086, 47.1348769], [15.3362438, 47.1348561]], [[15.3361177, 47.1349308], [15.3362086, 47.1348769]], [[15.3360565, 47.134966], [15.3361177, 47.1349308]], [[15.3358881, 47.1350627], [15.3360565, 47.134966]], [[15.3356633, 47.1351901], [15.3358881, 47.1350627]], [[15.3355389, 47.135259], [15.3356633, 47.1351901]], [[15.3354699, 47.1352972], [15.3355389, 47.135259]], [[15.3350823, 47.1355207], [15.3354699, 47.1352972]], [[15.3349584, 47.1355877], [15.3350823, 47.1355207]], [[15.3349039, 47.1356172], [15.3349584, 47.1355877]], [[15.3347632, 47.1356973], [15.3349039, 47.1356172]], [[15.3346999, 47.1357333], [15.3347632, 47.1356973]], [[15.3345579, 47.1358127], [15.3346999, 47.1357333]], [[15.3344602, 47.1358673], [15.3345579, 47.1358127]], [[15.3344085, 47.1358961], [15.3344602, 47.1358673]], [[15.3343065, 47.1359551], [15.3344085, 47.1358961]], [[15.3342104, 47.1360106], [15.3343065, 47.1359551]], [[15.3340259, 47.1361065], [15.3342104, 47.1360106]], [[15.3338206, 47.1362097], [15.3340259, 47.1361065]], [[15.3334993, 47.1363411], [15.3338206, 47.1362097]], [[15.3333197, 47.1364082], [15.3334993, 47.1363411]], [[15.3327667, 47.1366148], [15.3333197, 47.1364082]], [[15.3326306, 47.1366656], [15.3327667, 47.1366148]], [[15.3322347, 47.1368258], [15.3326306, 47.1366656]], [[15.3318261, 47.1369912], [15.3322347, 47.1368258]], [[15.3316972, 47.1370378], [15.3318261, 47.1369912]], [[15.331589, 47.1370785], [15.3316972, 47.1370378]], [[15.331589, 47.1370785], [15.3316167, 47.1371108]], [[15.3312967, 47.1372148], [15.3316167, 47.1371108]], [[15.3310591, 47.1372745], [15.3312967, 47.1372148]], [[15.3308135, 47.1373325], [15.3310591, 47.1372745]], [[15.3306303, 47.1374045], [15.3308135, 47.1373325]], [[15.3303825, 47.1375095], [15.3306303, 47.1374045]], [[15.3302904, 47.1375614], [15.3303825, 47.1375095]], [[15.3301415, 47.1376582], [15.3302904, 47.1375614]], [[15.3300999, 47.1376892], [15.3301415, 47.1376582]], [[15.3300154, 47.1377485], [15.3300999, 47.1376892]], [[15.3298502, 47.1378559], [15.3300154, 47.1377485]], [[15.3296511, 47.1380304], [15.3298502, 47.1378559]], [[15.3295729, 47.1381344], [15.3296511, 47.1380304]], [[15.3295138, 47.1382183], [15.3295729, 47.1381344]], [[15.3294709, 47.1382895], [15.3295138, 47.1382183]], [[15.3294253, 47.138419], [15.3294709, 47.1382895]], [[15.3294039, 47.1385157], [15.3294253, 47.138419]], [[15.3293958, 47.1385814], [15.3294039, 47.1385157]], [[15.3294119, 47.1387073], [15.3293958, 47.1385814]], [[15.32942, 47.1388022], [15.3294119, 47.1387073]], [[15.3294468, 47.1388925], [15.32942, 47.1388022]], [[15.329475, 47.1389782], [15.3294468, 47.1388925]], [[15.3295152, 47.1390549], [15.329475, 47.1389782]], [[15.3295514, 47.139105], [15.3295152, 47.1390549]], [[15.3296332, 47.139209], [15.3295514, 47.139105]], [[15.3296989, 47.1392902], [15.3296332, 47.139209]], [[15.3297915, 47.1393595], [15.3296989, 47.1392902]], [[15.3298706, 47.1394125], [15.3297915, 47.1393595]], [[15.3299512, 47.1394563], [15.3298706, 47.1394125]], [[15.3299913, 47.1394781], [15.3299512, 47.1394563]], [[15.3300905, 47.1395238], [15.3299913, 47.1394781]], [[15.3301951, 47.1395575], [15.3300905, 47.1395238]], [[15.3303292, 47.1395949], [15.3301951, 47.1395575]], [[15.3304701, 47.1396259], [15.3303292, 47.1395949]], [[15.3306712, 47.1396688], [15.3304701, 47.1396259]], [[15.3309515, 47.139739], [15.3306712, 47.1396688]], [[15.3311259, 47.139781], [15.3309515, 47.139739]], [[15.3316811, 47.1399461], [15.3311259, 47.139781]], [[15.331952, 47.1400519], [15.3316811, 47.1399461]], [[15.3320217, 47.1400921], [15.331952, 47.1400519]], [[15.3322309, 47.1402079], [15.3320217, 47.1400921]], [[15.3323396, 47.1402663], [15.3322309, 47.1402079]], [[15.3325447, 47.1403895], [15.3323396, 47.1402663]], [[15.3326534, 47.1404652], [15.3325447, 47.1403895]], [[15.3327902, 47.1405509], [15.3326534, 47.1404652]], [[15.3329377, 47.1406586], [15.3327902, 47.1405509]], [[15.3330852, 47.1407626], [15.3329377, 47.1406586]], [[15.3332126, 47.1408948], [15.3330852, 47.1407626]], [[15.33334, 47.141028], [15.3332126, 47.1408948]], [[15.3334299, 47.141132], [15.33334, 47.141028]], [[15.3334916, 47.1411913], [15.3334299, 47.141132]], [[15.3335439, 47.1413053], [15.3334916, 47.1411913]], [[15.333623, 47.1414276], [15.3335439, 47.1413053]], [[15.3336605, 47.1415078], [15.333623, 47.1414276]], [[15.3337263, 47.1416584], [15.3336605, 47.1415078]], [[15.3337879, 47.1418481], [15.3337263, 47.1416584]], [[15.3337987, 47.141901], [15.3337879, 47.1418481]], [[15.3338134, 47.1419986], [15.3337987, 47.141901]], [[15.3338215, 47.1421436], [15.3338134, 47.1419986]], [[15.3338175, 47.1422869], [15.3338215, 47.1421436]], [[15.3337987, 47.1426271], [15.3338175, 47.1422869]], [[15.3337786, 47.1427366], [15.3337987, 47.1426271]], [[15.3337397, 47.1429902], [15.3337786, 47.1427366]], [[15.3337225, 47.1431198], [15.3337397, 47.1429902]], [[15.333737, 47.1431726], [15.3337225, 47.1431198]], [[15.3337303, 47.1432757], [15.333737, 47.1431726]], [[15.33369, 47.1434444], [15.3337303, 47.1432757]], [[15.3336659, 47.1435256], [15.33369, 47.1434444]], [[15.3335841, 47.1437691], [15.3336659, 47.1435256]], [[15.3335586, 47.1438394], [15.3335841, 47.1437691]], [[15.3334406, 47.1441322], [15.3335586, 47.1438394]], [[15.3334084, 47.1442344], [15.3334406, 47.1441322]], [[15.3333923, 47.1443174], [15.3334084, 47.1442344]], [[15.333273, 47.1446521], [15.3333923, 47.1443174]], [[15.3331858, 47.1449121], [15.333273, 47.1446521]], [[15.3330034, 47.1453609], [15.3331858, 47.1449121]], [[15.3328921, 47.14566], [15.3330034, 47.1453609]], [[15.3328559, 47.1457403], [15.3328921, 47.14566]], [[15.3328197, 47.1458105], [15.3328559, 47.1457403]], [[15.3327202, 47.1458226], [15.3328197, 47.1458105]], [[15.3327202, 47.1458226], [15.3326459, 47.1460099]], [[15.3326459, 47.1460099], [15.3326456, 47.1460106]], [[15.3326456, 47.1460106], [15.3324982, 47.1463824]], [[15.3324982, 47.1463824], [15.3323428, 47.1468042]], [[15.3323428, 47.1468042], [15.3321158, 47.1474555]], [[15.3321158, 47.1474555], [15.3320721, 47.1475806]], [[15.3320721, 47.1475806], [15.3320042, 47.1477664]], [[15.3320042, 47.1477664], [15.3319732, 47.1478514]], [[15.3319732, 47.1478514], [15.3319114, 47.1479622]], [[15.3319114, 47.1479622], [15.331878, 47.1480222]], [[15.331878, 47.1480222], [15.3318554, 47.1480611]], [[15.3318554, 47.1480611], [15.3316304, 47.1484487]], [[15.3316304, 47.1484487], [15.3315857, 47.148516]], [[15.3315857, 47.148516], [15.3314721, 47.148676]], [[15.3314721, 47.148676], [15.331155, 47.1490837]], [[15.331155, 47.1490837], [15.3309518, 47.149345]], [[15.3309518, 47.149345], [15.3307947, 47.1495399]], [[15.3307947, 47.1495399], [15.3299864, 47.1505367]], [[15.3299864, 47.1505367], [15.3298375, 47.1507043]], [[15.3298375, 47.1507043], [15.3296714, 47.1508355]], [[15.3296714, 47.1508355], [15.3295672, 47.1509018]], [[15.3295672, 47.1509018], [15.3294012, 47.1509796]], [[15.3294012, 47.1509796], [15.329361, 47.1509919]], [[15.329361, 47.1509919], [15.3285114, 47.1512526]], [[15.3285114, 47.1512526], [15.3281993, 47.1513279]], [[15.3281993, 47.1513279], [15.3281052, 47.1513563]], [[15.3281052, 47.1513563], [15.3280344, 47.151385]], [[15.3280344, 47.151385], [15.3279486, 47.1514395]], [[15.3279486, 47.1514395], [15.3278273, 47.1515685]], [[15.3278273, 47.1515685], [15.3276601, 47.1517729]], [[15.3276601, 47.1517729], [15.3276296, 47.1518102]], [[15.3276296, 47.1518102], [15.3269953, 47.1516207]], [[15.3269953, 47.1516207], [15.3268933, 47.1515904]], [[15.3268933, 47.1515904], [15.3268536, 47.1515784]], [[15.3267845, 47.151664], [15.3268536, 47.1515784]], [[15.3266977, 47.1518229], [15.3267845, 47.151664]], [[15.3264107, 47.1522921], [15.3266977, 47.1518229]], [[15.3260657, 47.1528558], [15.3264107, 47.1522921]], [[15.3257475, 47.1534097], [15.3260657, 47.1528558]], [[15.3256807, 47.1535202], [15.3257475, 47.1534097]], [[15.3255066, 47.1538521], [15.3256807, 47.1535202]], [[15.3253869, 47.1540786], [15.3255066, 47.1538521]], [[15.3252717, 47.1543178], [15.3253869, 47.1540786]], [[15.3252267, 47.1544282], [15.3252717, 47.1543178]], [[15.325111, 47.1546802], [15.3252267, 47.1544282]], [[15.3249819, 47.1550358], [15.325111, 47.1546802]], [[15.3249107, 47.1552621], [15.3249819, 47.1550358]], [[15.3248306, 47.1555678], [15.3249107, 47.1552621]], [[15.3248016, 47.155701], [15.3248306, 47.1555678]], [[15.3247438, 47.1559643], [15.3248016, 47.155701]], [[15.3246882, 47.1563502], [15.3247438, 47.1559643]], [[15.3246748, 47.1565968], [15.3246882, 47.1563502]], [[15.3246739, 47.1566592], [15.3246748, 47.1565968]], [[15.3246659, 47.1572037], [15.3246739, 47.1566592]], [[15.324677, 47.1575048], [15.3246659, 47.1572037]], [[15.3247193, 47.1579543], [15.324677, 47.1575048]], [[15.3247927, 47.1583205], [15.3247193, 47.1579543]], [[15.3248996, 47.1588388], [15.3247927, 47.1583205]], [[15.3249708, 47.1591005], [15.3248996, 47.1588388]], [[15.3251555, 47.1598208], [15.3249708, 47.1591005]], [[15.3251956, 47.1600009], [15.3251555, 47.1598208]], [[15.3253803, 47.1607197], [15.3251956, 47.1600009]], [[15.3254003, 47.1607893], [15.3253803, 47.1607197]], [[15.3254485, 47.1608318], [15.3254003, 47.1607893]], [[15.3254793, 47.1609213], [15.3254485, 47.1608318]], [[15.3255238, 47.1610832], [15.3254793, 47.1609213]], [[15.3256173, 47.161401], [15.3255238, 47.1610832]], [[15.3256596, 47.1616068], [15.3256173, 47.161401]], [[15.3257175, 47.1618716], [15.3256596, 47.1616068]], [[15.325733, 47.1620047], [15.3257175, 47.1618716]], [[15.3258042, 47.1623951], [15.325733, 47.1620047]], [[15.3258332, 47.1625616], [15.3258042, 47.1623951]], [[15.3259489, 47.1631093], [15.3258332, 47.1625616]], [[15.3260001, 47.1633908], [15.3259489, 47.1631093]], [[15.3261781, 47.1641708], [15.3260001, 47.1633908]], [[15.3262293, 47.1644976], [15.3261781, 47.1641708]], [[15.3262538, 47.1645944], [15.3262293, 47.1644976]], [[15.326365, 47.1651792], [15.3262538, 47.1645944]], [[15.3264452, 47.1655227], [15.326365, 47.1651792]], [[15.3265084, 47.1657223], [15.3264452, 47.1655227]], [[15.3265498, 47.1659131], [15.3265084, 47.1657223]], [[15.3266098, 47.1661355], [15.3265498, 47.1659131]], [[15.32669, 47.166538], [15.3266098, 47.1661355]], [[15.3267411, 47.1666847], [15.32669, 47.166538]], [[15.3268324, 47.166777], [15.3267411, 47.1666847]], [[15.3270126, 47.1668587], [15.3268324, 47.166777]], [[15.3270638, 47.1669223], [15.3270126, 47.1668587]], [[15.3270735, 47.167012], [15.3270638, 47.1669223]], [[15.3270735, 47.167012], [15.3270623, 47.1670508]], [[15.3270623, 47.1670508], [15.3270516, 47.1670653]], [[15.3270516, 47.1670653], [15.3270301, 47.1670699]], [[15.3270301, 47.1670699], [15.3269376, 47.1670644]], [[15.3269376, 47.1670644], [15.3268906, 47.1670672]], [[15.3268906, 47.1670672], [15.326845, 47.167079]], [[15.326845, 47.167079], [15.3267646, 47.1671319]], [[15.3267646, 47.1671319], [15.3267458, 47.1671857]], [[15.3267458, 47.1671857], [15.3267525, 47.1672495]], [[15.3267525, 47.1672495], [15.3267914, 47.1674583]], [[15.3267914, 47.1674583], [15.3268102, 47.1675923]], [[15.3268102, 47.1675923], [15.3268048, 47.1676562]], [[15.3268048, 47.1676562], [15.3268062, 47.1677163]], [[15.3268062, 47.1677163], [15.326845, 47.1679443]], [[15.326845, 47.1679443], [15.3268665, 47.1680993]], [[15.3268665, 47.1680993], [15.326896, 47.1682944]], [[15.326896, 47.1682944], [15.3269309, 47.1684622]], [[15.3269309, 47.1684622], [15.3270113, 47.1688515]], [[15.3270113, 47.1688515], [15.3270449, 47.1690812]], [[15.3270449, 47.1690812], [15.3270811, 47.1692709]], [[15.3270811, 47.1692709], [15.3271361, 47.1695654]], [[15.3271361, 47.1695654], [15.3271602, 47.1696802]], [[15.3271602, 47.1696802], [15.3272071, 47.1699036]], [[15.3272071, 47.1699036], [15.3272434, 47.1700495]], [[15.3272434, 47.1700495], [15.3272809, 47.1701662]], [[15.3272809, 47.1701662], [15.3273375, 47.1703308]], [[15.3273375, 47.1703308], [15.3274016, 47.1705327]], [[15.3274016, 47.1705327], [15.3275545, 47.1708755]], [[15.3275545, 47.1708755], [15.3280278, 47.1720207]], [[15.3280278, 47.1720207], [15.3280607, 47.1720864]], [[15.3280607, 47.1720864], [15.3281173, 47.1721995]], [[15.3281173, 47.1721995], [15.3282807, 47.1726163]], [[15.3282807, 47.1726163], [15.3281981, 47.1726314]], [[15.3283024, 47.1729126], [15.3281981, 47.1726314]], [[15.3283764, 47.1732648], [15.3283024, 47.1729126]], [[15.3283832, 47.173304], [15.3283764, 47.1732648]], [[15.3283958, 47.1733765], [15.3283832, 47.173304]], [[15.3284557, 47.1733727], [15.3283958, 47.1733765]], [[15.3285272, 47.1736981], [15.3284557, 47.1733727]], [[15.328605, 47.1740102], [15.3285272, 47.1736981]], [[15.3286435, 47.17408], [15.328605, 47.1740102]], [[15.3287034, 47.1741189], [15.3286435, 47.17408]], [[15.3287727, 47.1741896], [15.3287034, 47.1741189]], [[15.328778, 47.1742585], [15.3287727, 47.1741896]], [[15.3287656, 47.1743017], [15.328778, 47.1742585]], [[15.3287326, 47.1743621], [15.3287656, 47.1743017]], [[15.3287242, 47.1744004], [15.3287326, 47.1743621]], [[15.3287814, 47.1745801], [15.3287242, 47.1744004]], [[15.3288322, 47.1747416], [15.3287814, 47.1745801]], [[15.3289861, 47.1751691], [15.3288322, 47.1747416]], [[15.3290971, 47.1754482], [15.3289861, 47.1751691]], [[15.3292379, 47.1757912], [15.3290971, 47.1754482]], [[15.3293872, 47.1761228], [15.3292379, 47.1757912]], [[15.3295516, 47.1764575], [15.3293872, 47.1761228]], [[15.3296819, 47.1766744], [15.3295516, 47.1764575]], [[15.3303447, 47.177685], [15.3296819, 47.1766744]], [[15.3307537, 47.1782681], [15.3303447, 47.177685]], [[15.3316419, 47.1793461], [15.3307537, 47.1782681]], [[15.3316786, 47.1793929], [15.3316419, 47.1793461]], [[15.332582, 47.1804359], [15.3316786, 47.1793929]], [[15.3333999, 47.1813591], [15.332582, 47.1804359]], [[15.333947, 47.1820169], [15.3333999, 47.1813591]], [[15.3342902, 47.1824723], [15.333947, 47.1820169]], [[15.3348313, 47.1834141], [15.3342902, 47.1824723]], [[15.3351348, 47.1838611], [15.3348313, 47.1834141]], [[15.3354395, 47.1842546], [15.3351348, 47.1838611]], [[15.3357221, 47.1846262], [15.3354395, 47.1842546]], [[15.3360075, 47.1848909], [15.3357221, 47.1846262]], [[15.336943, 47.1856607], [15.3360075, 47.1848909]], [[15.3377254, 47.186258], [15.336943, 47.1856607]], [[15.3379325, 47.1863533], [15.3377254, 47.186258]], [[15.338231, 47.1865857], [15.3379325, 47.1863533]], [[15.3384447, 47.1867863], [15.338231, 47.1865857]], [[15.3393934, 47.1874906], [15.3384447, 47.1867863]], [[15.3399456, 47.1878782], [15.3393934, 47.1874906]], [[15.3404019, 47.1881667], [15.3399456, 47.1878782]], [[15.3421986, 47.1891591], [15.3404019, 47.1881667]], [[15.3423496, 47.1892029], [15.3421986, 47.1891591]], [[15.342464, 47.1893075], [15.3423496, 47.1892029]], [[15.343622, 47.1899427], [15.342464, 47.1893075]], [[15.3443664, 47.190307], [15.343622, 47.1899427]], [[15.3448551, 47.1904803], [15.3443664, 47.190307]], [[15.3454176, 47.1906622], [15.3448551, 47.1904803]], [[15.3456373, 47.1907274], [15.3454176, 47.1906622]], [[15.3459375, 47.1908259], [15.3456373, 47.1907274]], [[15.3461784, 47.1909376], [15.3459375, 47.1908259]], [[15.3463599, 47.1910716], [15.3461784, 47.1909376]], [[15.3466038, 47.1913555], [15.3463599, 47.1910716]], [[15.3466697, 47.1914426], [15.3466038, 47.1913555]], [[15.3466723, 47.1914764], [15.3466697, 47.1914426]], [[15.3466761, 47.1915258], [15.3466723, 47.1914764]], [[15.3466989, 47.1918208], [15.3466761, 47.1915258]], [[15.3466989, 47.1921061], [15.3466989, 47.1918208]], [[15.3465432, 47.1942022], [15.3466989, 47.1921061]], [[15.3465422, 47.1942152], [15.3465432, 47.1942022]], [[15.3465381, 47.1942702], [15.3465422, 47.1942152]], [[15.3465344, 47.1943319], [15.3465381, 47.1942702]], [[15.3464944, 47.1949784], [15.3465344, 47.1943319]], [[15.3464521, 47.195098], [15.3464944, 47.1949784]], [[15.346394, 47.1953436], [15.3464521, 47.195098]], [[15.3463464, 47.1955708], [15.346394, 47.1953436]], [[15.3462077, 47.1962347], [15.3463464, 47.1955708]], [[15.3459632, 47.1973633], [15.3462077, 47.1962347]], [[15.3458709, 47.1978157], [15.3459632, 47.1973633]], [[15.3458116, 47.1982658], [15.3458709, 47.1978157]], [[15.3457665, 47.1987185], [15.3458116, 47.1982658]], [[15.3457885, 47.198839], [15.3457665, 47.1987185]], [[15.3457822, 47.1990759], [15.3457885, 47.198839]], [[15.3457639, 47.1997273], [15.3457822, 47.1990759]], [[15.3457694, 47.1998995], [15.3457639, 47.1997273]], [[15.3457823, 47.2001154], [15.3457694, 47.1998995]], [[15.345804, 47.2005707], [15.3457823, 47.2001154]], [[15.345819, 47.2008841], [15.345804, 47.2005707]], [[15.3458242, 47.2009322], [15.345819, 47.2008841]], [[15.3458359, 47.2009754], [15.3458242, 47.2009322]], [[15.3458801, 47.2010363], [15.3458359, 47.2009754]], [[15.3459002, 47.2010597], [15.3458801, 47.2010363]], [[15.345927, 47.2010767], [15.3459002, 47.2010597]], [[15.345945, 47.2010875], [15.345927, 47.2010767]], [[15.3459994, 47.2011105], [15.345945, 47.2010875]], [[15.3460346, 47.2011254], [15.3459994, 47.2011105]], [[15.3460372, 47.2011894], [15.3460346, 47.2011254]], [[15.3460386, 47.2012658], [15.3460372, 47.2011894]], [[15.3459814, 47.2012852], [15.3460386, 47.2012658]], [[15.3459275, 47.2013222], [15.3459814, 47.2012852]], [[15.3458941, 47.2013574], [15.3459275, 47.2013222]], [[15.3458729, 47.2014147], [15.3458941, 47.2013574]], [[15.3458729, 47.2014147], [15.3459746, 47.202964]], [[15.3459746, 47.202964], [15.3459819, 47.2034557]], [[15.3459819, 47.2034557], [15.3459632, 47.2034912]], [[15.3459632, 47.2034912], [15.3459216, 47.2035158]], [[15.3459216, 47.2035158], [15.3458961, 47.2035468]], [[15.3458961, 47.2035468], [15.3456681, 47.2039158]], [[15.3456681, 47.2039158], [15.3456292, 47.2039687]], [[15.3456292, 47.2039687], [15.3454306, 47.2042497]], [[15.3454306, 47.2042497], [15.3449995, 47.2048588]], [[15.3449995, 47.2048588], [15.3448568, 47.2050575]], [[15.3448568, 47.2050575], [15.344747, 47.2052922]], [[15.344747, 47.2052922], [15.3447253, 47.2053308]], [[15.3447253, 47.2053308], [15.3447629, 47.2054146]], [[15.3447629, 47.2054146], [15.3446191, 47.2057137]], [[15.3446191, 47.2057137], [15.3445905, 47.2057754]], [[15.3445905, 47.2057754], [15.3444459, 47.2060971]], [[15.3444459, 47.2060971], [15.3443103, 47.2064424]], [[15.3443103, 47.2064424], [15.3442272, 47.206708]], [[15.3442272, 47.206708], [15.3441552, 47.2069743]], [[15.3441552, 47.2069743], [15.3440783, 47.2072551]], [[15.3440783, 47.2072551], [15.3440776, 47.2072705]], [[15.3440776, 47.2072705], [15.3440846, 47.2072875]], [[15.3440846, 47.2072875], [15.3440943, 47.2073054]], [[15.3440943, 47.2073054], [15.3440972, 47.2073204]], [[15.3440972, 47.2073204], [15.3440952, 47.2073378]], [[15.3440952, 47.2073378], [15.344044, 47.2075078]], [[15.344044, 47.2075078], [15.344034, 47.207536]], [[15.344034, 47.207536], [15.3440208, 47.2075752]], [[15.3440208, 47.2075752], [15.3439536, 47.2077776]], [[15.3439536, 47.2077776], [15.3438534, 47.2080261]], [[15.3438534, 47.2080261], [15.3438414, 47.2080672]], [[15.3438414, 47.2080672], [15.3438359, 47.2081001]], [[15.3438359, 47.2081001], [15.3438332, 47.2081392]], [[15.3438332, 47.2081392], [15.343833, 47.2081674]], [[15.343833, 47.2081674], [15.3438305, 47.2081885]], [[15.3438305, 47.2081885], [15.3438249, 47.2082218]], [[15.3438249, 47.2082218], [15.3438157, 47.2082517]], [[15.3438157, 47.2082517], [15.3437953, 47.2083159]], [[15.3437953, 47.2083159], [15.3437764, 47.2083589]], [[15.3437764, 47.2083589], [15.3437652, 47.2083831]], [[15.3437652, 47.2083831], [15.3437322, 47.2084423]], [[15.3437322, 47.2084423], [15.3437161, 47.2084728]], [[15.3437161, 47.2084728], [15.3437026, 47.2085014]], [[15.3437026, 47.2085014], [15.3436713, 47.2085827]], [[15.3436713, 47.2085827], [15.3436456, 47.2086438]], [[15.3436456, 47.2086438], [15.3435143, 47.2089695]], [[15.3435143, 47.2089695], [15.3434967, 47.2090109]], [[15.3434967, 47.2090109], [15.3434809, 47.2090458]], [[15.3434809, 47.2090458], [15.3434399, 47.2091494]], [[15.3434399, 47.2091494], [15.3434068, 47.2092501]], [[15.3434068, 47.2092501], [15.3433856, 47.2093216]], [[15.3433856, 47.2093216], [15.3433693, 47.2093898]], [[15.3433693, 47.2093898], [15.3433548, 47.209467]], [[15.3433548, 47.209467], [15.3433468, 47.2095071]], [[15.3433468, 47.2095071], [15.343341, 47.2095469]], [[15.343341, 47.2095469], [15.3433393, 47.2096023]], [[15.3433393, 47.2096023], [15.3433437, 47.2096714]], [[15.3433437, 47.2096714], [15.343351, 47.2097426]], [[15.343351, 47.2097426], [15.3433478, 47.2098366]], [[15.3433478, 47.2098366], [15.3433352, 47.2099865]], [[15.3433352, 47.2099865], [15.3433209, 47.2101043]], [[15.3433209, 47.2101043], [15.3433047, 47.2101779]], [[15.3433047, 47.2101779], [15.3432817, 47.2102618]], [[15.3432817, 47.2102618], [15.3432489, 47.2103576]], [[15.3432489, 47.2103576], [15.3432081, 47.2104675]], [[15.3432081, 47.2104675], [15.343156, 47.210594]], [[15.343156, 47.210594], [15.3431189, 47.2106671]], [[15.3431189, 47.2106671], [15.3430365, 47.2108188]], [[15.3430365, 47.2108188], [15.3429515, 47.2109702]], [[15.3429515, 47.2109702], [15.3428383, 47.2111641]], [[15.3428383, 47.2111641], [15.3427125, 47.2113923]], [[15.3427125, 47.2113923], [15.3426178, 47.2115711]], [[15.3426178, 47.2115711], [15.3425644, 47.2116849]], [[15.3425644, 47.2116849], [15.3425217, 47.2117814]], [[15.3425217, 47.2117814], [15.3424559, 47.211934]], [[15.3424559, 47.211934], [15.3423885, 47.2121175]], [[15.3423885, 47.2121175], [15.3423321, 47.2122744]], [[15.3423321, 47.2122744], [15.3423079, 47.2123594]], [[15.3423079, 47.2123594], [15.3422756, 47.2125155]], [[15.3422756, 47.2125155], [15.3422434, 47.2127078]], [[15.3422434, 47.2127078], [15.3422139, 47.2129083]], [[15.3422139, 47.2129083], [15.3420531, 47.2138751]], [[15.3420531, 47.2138751], [15.3419352, 47.2142301]], [[15.3419352, 47.2142301], [15.341689, 47.214884]], [[15.3415857, 47.2148705], [15.341689, 47.214884]], [[15.3414164, 47.2153072], [15.3415857, 47.2148705]], [[15.3412378, 47.2157386], [15.3414164, 47.2153072]], [[15.3410427, 47.2160808], [15.3412378, 47.2157386]], [[15.3408437, 47.21634], [15.3410427, 47.2160808]], [[15.3405962, 47.2165969], [15.3408437, 47.21634]], [[15.340304, 47.2168286], [15.3405962, 47.2165969]], [[15.3399734, 47.2170378], [15.340304, 47.2168286]], [[15.3393456, 47.2174151], [15.3399734, 47.2170378]], [[15.3390676, 47.2175869], [15.3393456, 47.2174151]], [[15.3387291, 47.2178085], [15.3390676, 47.2175869]], [[15.3382784, 47.2181377], [15.3387291, 47.2178085]], [[15.3379883, 47.2184211], [15.3382784, 47.2181377]], [[15.337808, 47.2186247], [15.3379883, 47.2184211]], [[15.3376854, 47.2187883], [15.337808, 47.2186247]], [[15.3375523, 47.2190094], [15.3376854, 47.2187883]], [[15.337491, 47.2191589], [15.3375523, 47.2190094]], [[15.3374457, 47.2193011], [15.337491, 47.2191589]], [[15.3373991, 47.2195259], [15.3374457, 47.2193011]], [[15.3373892, 47.2196711], [15.3373991, 47.2195259]], [[15.3373947, 47.2198512], [15.3373892, 47.2196711]], [[15.3374123, 47.2199729], [15.3373947, 47.2198512]], [[15.3374392, 47.2201043], [15.3374123, 47.2199729]], [[15.3375203, 47.2203711], [15.3374392, 47.2201043]], [[15.3376179, 47.2205771], [15.3375203, 47.2203711]], [[15.3376864, 47.2206991], [15.3376179, 47.2205771]], [[15.3378156, 47.2209102], [15.3376864, 47.2206991]], [[15.3379816, 47.2211373], [15.3378156, 47.2209102]], [[15.338151, 47.2213531], [15.3379816, 47.2211373]], [[15.3383789, 47.2216031], [15.338151, 47.2213531]], [[15.3386066, 47.2218259], [15.3383789, 47.2216031]], [[15.3388513, 47.2220404], [15.3386066, 47.2218259]], [[15.3391106, 47.2222525], [15.3388513, 47.2220404]], [[15.339363, 47.2224332], [15.3391106, 47.2222525]], [[15.3396864, 47.222653], [15.339363, 47.2224332]], [[15.3408624, 47.223386], [15.3396864, 47.222653]], [[15.341453, 47.2238821], [15.3408624, 47.223386]], [[15.3419371, 47.2244005], [15.341453, 47.2238821]], [[15.342235, 47.2248024], [15.3419371, 47.2244005]], [[15.3423842, 47.2250279], [15.342235, 47.2248024]], [[15.3424589, 47.2251675], [15.3423842, 47.2250279]], [[15.342514, 47.2252823], [15.3424589, 47.2251675]], [[15.3425922, 47.2255016], [15.342514, 47.2252823]], [[15.342638, 47.2256833], [15.3425922, 47.2255016]], [[15.3426483, 47.2257673], [15.342638, 47.2256833]], [[15.3426645, 47.2260736], [15.3426483, 47.2257673]], [[15.3426601, 47.2263223], [15.3426645, 47.2260736]], [[15.3426211, 47.2265559], [15.3426601, 47.2263223]], [[15.3425239, 47.2269288], [15.3426211, 47.2265559]], [[15.3423796, 47.2273687], [15.3425239, 47.2269288]], [[15.3423338, 47.2275084], [15.3423796, 47.2273687]], [[15.342304, 47.2276044], [15.3423338, 47.2275084]], [[15.3422885, 47.2276499], [15.342304, 47.2276044]], [[15.3421971, 47.2278603], [15.3422885, 47.2276499]], [[15.3421298, 47.2279625], [15.3421971, 47.2278603]], [[15.3418909, 47.22826], [15.3421298, 47.2279625]], [[15.3414402, 47.2287165], [15.3418909, 47.22826]], [[15.341405, 47.2287522], [15.3414402, 47.2287165]], [[15.3414879, 47.2287808], [15.341405, 47.2287522]], [[15.3414404, 47.2288404], [15.3414879, 47.2287808]], [[15.3412432, 47.2291166], [15.3414404, 47.2288404]], [[15.3412157, 47.2291579], [15.3412432, 47.2291166]], [[15.341207, 47.2291981], [15.3412157, 47.2291579]], [[15.3411933, 47.2292829], [15.341207, 47.2291981]], [[15.3411845, 47.2293338], [15.3411933, 47.2292829]], [[15.3411258, 47.2294101], [15.3411845, 47.2293338]], [[15.3410109, 47.2294881], [15.3411258, 47.2294101]], [[15.3408867, 47.2297241], [15.3410109, 47.2294881]], [[15.3403072, 47.2304552], [15.3408867, 47.2297241]], [[15.3400993, 47.2306625], [15.3403072, 47.2304552]], [[15.3399949, 47.2307503], [15.3400993, 47.2306625]], [[15.3396201, 47.2310375], [15.3399949, 47.2307503]], [[15.3393329, 47.2312575], [15.3396201, 47.2310375]], [[15.3392214, 47.2313381], [15.3393329, 47.2312575]], [[15.3388854, 47.2315811], [15.3392214, 47.2313381]], [[15.3387943, 47.231647], [15.3388854, 47.2315811]], [[15.3387159, 47.2317037], [15.3387943, 47.231647]], [[15.3371472, 47.2328758], [15.3387159, 47.2317037]], [[15.3361405, 47.2336153], [15.3371472, 47.2328758]], [[15.3352037, 47.2342904], [15.3361405, 47.2336153]], [[15.3347812, 47.2345394], [15.3352037, 47.2342904]], [[15.3346516, 47.2346177], [15.3347812, 47.2345394]], [[15.3344635, 47.2347348], [15.3346516, 47.2346177]], [[15.3341748, 47.2348989], [15.3344635, 47.2347348]], [[15.3339497, 47.235018], [15.3341748, 47.2348989]], [[15.3335947, 47.2352026], [15.3339497, 47.235018]], [[15.3333726, 47.2353094], [15.3335947, 47.2352026]], [[15.3330355, 47.2354632], [15.3333726, 47.2353094]], [[15.3325785, 47.2356457], [15.3330355, 47.2354632]], [[15.3320564, 47.2358476], [15.3325785, 47.2356457]], [[15.3311054, 47.2361834], [15.3320564, 47.2358476]], [[15.3307856, 47.2363052], [15.3311054, 47.2361834]], [[15.3304863, 47.2364487], [15.3307856, 47.2363052]], [[15.3302947, 47.2365566], [15.3304863, 47.2364487]], [[15.3301251, 47.2366651], [15.3302947, 47.2365566]], [[15.3300181, 47.23675], [15.3301251, 47.2366651]], [[15.3298039, 47.236935], [15.3300181, 47.23675]], [[15.3297103, 47.2370208], [15.3298039, 47.236935]], [[15.3295232, 47.2372085], [15.3297103, 47.2370208]], [[15.329185, 47.2375984], [15.3295232, 47.2372085]], [[15.3286937, 47.2381426], [15.329185, 47.2375984]], [[15.3281929, 47.2386432], [15.3286937, 47.2381426]], [[15.3280865, 47.23865], [15.3281929, 47.2386432]], [[15.3279533, 47.2387877], [15.3280865, 47.23865]], [[15.3277825, 47.2389502], [15.3279533, 47.2387877]], [[15.3277825, 47.2389502], [15.3277732, 47.2390407]], [[15.3277732, 47.2390407], [15.3277652, 47.2391117]], [[15.3277652, 47.2391117], [15.3275598, 47.2392528]], [[15.3275598, 47.2392528], [15.3275238, 47.2392774]], [[15.3275238, 47.2392774], [15.3274265, 47.2392709]], [[15.3274265, 47.2392709], [15.3273287, 47.2392615]], [[15.3272934, 47.2392857], [15.3273287, 47.2392615]], [[15.3269786, 47.2394749], [15.3272934, 47.2392857]], [[15.3265381, 47.2397357], [15.3269786, 47.2394749]], [[15.3264374, 47.2397929], [15.3265381, 47.2397357]], [[15.3264374, 47.2397929], [15.3264754, 47.2398433]], [[15.3264754, 47.2398433], [15.3263568, 47.2399136]], [[15.3263568, 47.2399136], [15.3258164, 47.2402168]], [[15.3258164, 47.2402168], [15.3256861, 47.2402918]], [[15.3256861, 47.2402918], [15.3254338, 47.2404818]], [[15.3254338, 47.2404818], [15.3251827, 47.2406904]], [[15.3251827, 47.2406904], [15.32494, 47.2409069]], [[15.32494, 47.2409069], [15.3246997, 47.2411623]], [[15.3246997, 47.2411623], [15.3245196, 47.241371]], [[15.3245196, 47.241371], [15.3241787, 47.2418111]], [[15.3241787, 47.2418111], [15.3239208, 47.2421277]], [[15.3239208, 47.2421277], [15.3235286, 47.2426253]], [[15.3235286, 47.2426253], [15.32311, 47.2431746]], [[15.32311, 47.2431746], [15.322846, 47.2434827]], [[15.322846, 47.2434827], [15.3228205, 47.2435161]], [[15.3228205, 47.2435161], [15.3227391, 47.2436422]], [[15.3227391, 47.2436422], [15.3222427, 47.2442802]], [[15.3222427, 47.2442802], [15.3220767, 47.2444912]], [[15.3220767, 47.2444912], [15.3217322, 47.2449218]], [[15.3217322, 47.2449218], [15.3215766, 47.2451244]], [[15.3215766, 47.2451244], [15.3215079, 47.2452095]], [[15.3215079, 47.2452095], [15.3212178, 47.2455179]], [[15.3212178, 47.2455179], [15.320918, 47.245774]], [[15.320918, 47.245774], [15.3206457, 47.2459622]], [[15.3206457, 47.2459622], [15.3199538, 47.2463014]], [[15.3199538, 47.2463014], [15.3178592, 47.2472124]], [[15.3178592, 47.2472124], [15.3174272, 47.2474749]], [[15.3174272, 47.2474749], [15.3171311, 47.2477464]], [[15.3171311, 47.2477464], [15.3169255, 47.2480236]], [[15.3169255, 47.2480236], [15.3167465, 47.2484019]], [[15.3167465, 47.2484019], [15.3166549, 47.2487613]], [[15.3166549, 47.2487613], [15.3166327, 47.2491312]], [[15.3166327, 47.2491312], [15.3166948, 47.2494429]], [[15.3166948, 47.2494429], [15.3168189, 47.2498075]], [[15.3168189, 47.2498075], [15.3169525, 47.2501182]], [[15.3169525, 47.2501182], [15.3174539, 47.2511595]], [[15.3174539, 47.2511595], [15.3177924, 47.2518601]], [[15.3177924, 47.2518601], [15.3179616, 47.2520857]], [[15.3179616, 47.2520857], [15.3181165, 47.2522949]], [[15.3181165, 47.2522949], [15.3181577, 47.2523464]], [[15.3181577, 47.2523464], [15.3182352, 47.2524431]], [[15.3182352, 47.2524431], [15.3183322, 47.2525642]], [[15.3183322, 47.2525642], [15.3186041, 47.2528613]], [[15.3186041, 47.2528613], [15.3187782, 47.2530388]], [[15.3187782, 47.2530388], [15.3190619, 47.2533169]], [[15.3190619, 47.2533169], [15.3194936, 47.2537869]], [[15.3194936, 47.2537869], [15.320028, 47.2543678]], [[15.320028, 47.2543678], [15.3203618, 47.2548973]], [[15.3203618, 47.2548973], [15.3207024, 47.25558]], [[15.3207024, 47.25558], [15.3207721, 47.2557893]], [[15.3208369, 47.2562342], [15.3207721, 47.2557893]], [[15.3208631, 47.2574777], [15.3208369, 47.2562342]], [[15.3210517, 47.2583569], [15.3208631, 47.2574777]], [[15.3209759, 47.2583611], [15.3210517, 47.2583569]], [[15.3208907, 47.2583655], [15.3209759, 47.2583611]], [[15.3211132, 47.259094], [15.3208907, 47.2583655]], [[15.3212973, 47.2598847], [15.3211132, 47.259094]], [[15.321607, 47.2609338], [15.3212973, 47.2598847]], [[15.3217931, 47.2613741], [15.321607, 47.2609338]], [[15.3218967, 47.2616185], [15.3217931, 47.2613741]], [[15.321919, 47.2616671], [15.3218967, 47.2616185]], [[15.3218948, 47.2617113], [15.321919, 47.2616671]], [[15.3218712, 47.2617546], [15.3218948, 47.2617113]], [[15.3218632, 47.2618704], [15.3218712, 47.2617546]], [[15.3219349, 47.2620729], [15.3218632, 47.2618704]], [[15.3219048, 47.2621283], [15.3219349, 47.2620729]], [[15.3216093, 47.2622946], [15.3219048, 47.2621283]], [[15.3214667, 47.2623663], [15.3216093, 47.2622946]], [[15.3212891, 47.262457], [15.3214667, 47.2623663]], [[15.3212278, 47.2625329], [15.3212891, 47.262457]], [[15.321247, 47.262623], [15.3212278, 47.2625329]], [[15.3213041, 47.2626755], [15.321247, 47.262623]], [[15.3213801, 47.2627031], [15.3213041, 47.2626755]], [[15.3214562, 47.2627259], [15.3213801, 47.2627031]], [[15.3215991, 47.2627851], [15.3214562, 47.2627259]], [[15.3217559, 47.2629285], [15.3215991, 47.2627851]], [[15.3219254, 47.263088], [15.3217559, 47.2629285]], [[15.3220845, 47.2632571], [15.3219254, 47.263088]], [[15.3226133, 47.2637802], [15.3220845, 47.2632571]], [[15.3226171, 47.263824], [15.3226133, 47.2637802]], [[15.322572, 47.2639582], [15.3226171, 47.263824]], [[15.3225804, 47.2640108], [15.322572, 47.2639582]], [[15.3226059, 47.2640799], [15.3225804, 47.2640108]], [[15.3227426, 47.264181], [15.3226059, 47.2640799]], [[15.3228934, 47.2643972], [15.3227426, 47.264181]], [[15.3231239, 47.2645561], [15.3228934, 47.2643972]], [[15.3233234, 47.2646585], [15.3231239, 47.2645561]], [[15.3234513, 47.2647274], [15.3233234, 47.2646585]], [[15.3237162, 47.2649862], [15.3234513, 47.2647274]], [[15.3239429, 47.2651701], [15.3237162, 47.2649862]], [[15.3241819, 47.2653441], [15.3239429, 47.2651701]], [[15.3245345, 47.2655482], [15.3241819, 47.2653441]], [[15.3246832, 47.2656544], [15.3245345, 47.2655482]], [[15.3251858, 47.265883], [15.3246832, 47.2656544]], [[15.3253484, 47.2659569], [15.3251858, 47.265883]], [[15.3257352, 47.266133], [15.3253484, 47.2659569]], [[15.3258606, 47.2662036], [15.3257352, 47.266133]], [[15.3258622, 47.2662711], [15.3258606, 47.2662036]], [[15.325189, 47.2669091], [15.3258622, 47.2662711]], [[15.324834, 47.2672755], [15.325189, 47.2669091]], [[15.3247674, 47.2673512], [15.324834, 47.2672755]], [[15.3247227, 47.2673963], [15.3247674, 47.2673512]], [[15.3245479, 47.2675179], [15.3247227, 47.2673963]], [[15.3246682, 47.2676428], [15.3245479, 47.2675179]], [[15.3248624, 47.2678917], [15.3246682, 47.2676428]], [[15.3249242, 47.26797], [15.3248624, 47.2678917]], [[15.3249801, 47.2680235], [15.3249242, 47.26797]], [[15.3251868, 47.2682216], [15.3249801, 47.2680235]], [[15.3252991, 47.2682825], [15.3251868, 47.2682216]], [[15.3252991, 47.2682825], [15.3253827, 47.2683274]], [[15.3253827, 47.2683274], [15.3255868, 47.2684612]], [[15.3255868, 47.2684612], [15.3257886, 47.2685935]], [[15.3257886, 47.2685935], [15.3260255, 47.2687195]], [[15.3260255, 47.2687195], [15.3262305, 47.2688262]], [[15.3262305, 47.2688262], [15.3265582, 47.2689572]], [[15.3265582, 47.2689572], [15.3268166, 47.269057]], [[15.3268166, 47.269057], [15.3271574, 47.269181]], [[15.3271574, 47.269181], [15.3272091, 47.2692014]], [[15.3272091, 47.2692014], [15.3282553, 47.2695569]], [[15.3282553, 47.2695569], [15.3286673, 47.2696943]], [[15.3286673, 47.2696943], [15.3289084, 47.2697872]], [[15.3289084, 47.2697872], [15.3294801, 47.2701683]], [[15.3294801, 47.2701683], [15.3297885, 47.2703961]], [[15.3297885, 47.2703961], [15.3298592, 47.2704389]], [[15.3298592, 47.2704389], [15.3299247, 47.2704788]], [[15.3299247, 47.2704788], [15.330028, 47.2705443]], [[15.330028, 47.2705443], [15.3301509, 47.2706145]], [[15.3301509, 47.2706145], [15.3308585, 47.2709732]], [[15.3308585, 47.2709732], [15.331365, 47.2712435]], [[15.331365, 47.2712435], [15.3318369, 47.2715298]], [[15.3318369, 47.2715298], [15.3319255, 47.2715956]], [[15.3319255, 47.2715956], [15.3324274, 47.2720792]], [[15.3324274, 47.2720792], [15.3324431, 47.2720973]], [[15.3324431, 47.2720973], [15.3326108, 47.2722904]], [[15.3326108, 47.2722904], [15.3327686, 47.2725232]], [[15.3327686, 47.2725232], [15.3329456, 47.2728388]], [[15.3329456, 47.2728388], [15.3331637, 47.2732232]], [[15.3331637, 47.2732232], [15.3332863, 47.2734677]], [[15.3332863, 47.2734677], [15.3333882, 47.2737063]], [[15.3333882, 47.2737063], [15.3334461, 47.2738598]], [[15.3334461, 47.2738598], [15.3335798, 47.2742285]], [[15.3335798, 47.2742285], [15.333678, 47.2746804]], [[15.333678, 47.2746804], [15.3337098, 47.2747668]], [[15.3337098, 47.2747668], [15.3338105, 47.2750924]], [[15.3338105, 47.2750924], [15.3338428, 47.2751972]], [[15.3338428, 47.2751972], [15.3338655, 47.2753652]], [[15.3338655, 47.2753652], [15.3338708, 47.2755228]], [[15.3338708, 47.2755228], [15.333854, 47.2756763]], [[15.333854, 47.2756763], [15.3338439, 47.2757405]], [[15.3338439, 47.2757405], [15.3338194, 47.2758138]], [[15.3338194, 47.2758138], [15.3337939, 47.2758891]], [[15.3337939, 47.2758891], [15.3337143, 47.2760229]], [[15.3337143, 47.2760229], [15.3336121, 47.2761362]], [[15.3336121, 47.2761362], [15.3335176, 47.2762358]], [[15.3335176, 47.2762358], [15.3334225, 47.2763276]], [[15.3334225, 47.2763276], [15.3333393, 47.2763967]], [[15.3333393, 47.2763967], [15.3332671, 47.2764484]], [[15.3332671, 47.2764484], [15.3332116, 47.2764999]], [[15.3332116, 47.2764999], [15.3331558, 47.2765943]], [[15.3332042, 47.2766675], [15.3331558, 47.2765943]], [[15.3331839, 47.276839], [15.3332042, 47.2766675]], [[15.3331678, 47.2770832], [15.3331839, 47.276839]], [[15.333128, 47.2771859], [15.3331678, 47.2770832]], [[15.3330148, 47.2773578], [15.333128, 47.2771859]], [[15.3328515, 47.2775402], [15.3330148, 47.2773578]], [[15.3323551, 47.2779938], [15.3328515, 47.2775402]], [[15.3317729, 47.2784409], [15.3323551, 47.2779938]], [[15.3313807, 47.2786822], [15.3317729, 47.2784409]], [[15.330754, 47.27901], [15.3313807, 47.2786822]], [[15.3305859, 47.2790251], [15.330754, 47.27901]], [[15.3308128, 47.2792682], [15.3305859, 47.2790251]], [[15.3308267, 47.2793065], [15.3308128, 47.2792682]], [[15.3307735, 47.2794321], [15.3308267, 47.2793065]], [[15.3305525, 47.279476], [15.3307735, 47.2794321]], [[15.3303406, 47.2795437], [15.3305525, 47.279476]], [[15.3288088, 47.2801299], [15.3303406, 47.2795437]], [[15.3281784, 47.280302], [15.3288088, 47.2801299]], [[15.3280003, 47.2803477], [15.3281784, 47.280302]], [[15.3268411, 47.2806073], [15.3280003, 47.2803477]], [[15.3260993, 47.2807529], [15.3268411, 47.2806073]], [[15.3255101, 47.2808626], [15.3260993, 47.2807529]], [[15.3248904, 47.2809914], [15.3255101, 47.2808626]], [[15.3246094, 47.2811032], [15.3248904, 47.2809914]], [[15.3243033, 47.2813118], [15.3246094, 47.2811032]], [[15.3225932, 47.2826794], [15.3243033, 47.2813118]], [[15.3219622, 47.2831842], [15.3225932, 47.2826794]], [[15.3218164, 47.2833004], [15.3219622, 47.2831842]], [[15.3216367, 47.283444], [15.3218164, 47.2833004]], [[15.3213553, 47.2836193], [15.3216367, 47.283444]], [[15.3212182, 47.2836371], [15.3213553, 47.2836193]], [[15.3210883, 47.2836465], [15.3212182, 47.2836371]], [[15.3209187, 47.2836212], [15.3210883, 47.2836465]], [[15.3206039, 47.2835391], [15.3209187, 47.2836212]], [[15.3201021, 47.2834153], [15.3206039, 47.2835391]], [[15.3199443, 47.2833867], [15.3201021, 47.2834153]], [[15.3193752, 47.2832918], [15.3199443, 47.2833867]], [[15.3193752, 47.2832918], [15.3193048, 47.2833797]], [[15.3193048, 47.2833797], [15.3193178, 47.2834397]], [[15.3193178, 47.2834397], [15.3193621, 47.2834677]], [[15.3193621, 47.2834677], [15.3196111, 47.2834878]], [[15.3196111, 47.2834878], [15.3197581, 47.2835357]], [[15.3197581, 47.2835357], [15.3198351, 47.2835769]], [[15.3198351, 47.2835769], [15.319921, 47.2836461]], [[15.319921, 47.2836461], [15.3199808, 47.2837524]], [[15.3199808, 47.2837524], [15.3200188, 47.2838726]], [[15.3200188, 47.2838726], [15.3200195, 47.2840732]], [[15.3200195, 47.2840732], [15.3200517, 47.2841547]], [[15.3200517, 47.2841547], [15.3201326, 47.2842932]], [[15.3201326, 47.2842932], [15.320175, 47.2844622]], [[15.320175, 47.2844622], [15.3201465, 47.284558]], [[15.3201465, 47.284558], [15.3198433, 47.2849491]], [[15.3198433, 47.2849491], [15.3195557, 47.2852547]], [[15.3195557, 47.2852547], [15.3192597, 47.2855197]], [[15.3192597, 47.2855197], [15.3190497, 47.2856222]], [[15.3190497, 47.2856222], [15.3187275, 47.2857289]], [[15.3187275, 47.2857289], [15.3183946, 47.2857878]], [[15.3183946, 47.2857878], [15.3180223, 47.2858056]], [[15.3180223, 47.2858056], [15.3176858, 47.2858115]], [[15.3176858, 47.2858115], [15.3171811, 47.2857648]], [[15.3171811, 47.2857648], [15.3169187, 47.2857334]], [[15.3169187, 47.2857334], [15.3167157, 47.2857103]], [[15.3167157, 47.2857103], [15.3165005, 47.285672]], [[15.3165005, 47.285672], [15.316312, 47.2856312]], [[15.316312, 47.2856312], [15.3162363, 47.2856119]], [[15.3162363, 47.2856119], [15.3159324, 47.2855232]], [[15.3159324, 47.2855232], [15.3158268, 47.285675]], [[15.3158268, 47.285675], [15.315825, 47.2857575]], [[15.315825, 47.2857575], [15.3158458, 47.2858207]], [[15.3158458, 47.2858207], [15.3159061, 47.285893]], [[15.3159061, 47.285893], [15.3159757, 47.2859341]], [[15.3159757, 47.2859341], [15.3165036, 47.2862987]], [[15.3165117, 47.2865735], [15.3165036, 47.2862987]], [[15.3165466, 47.2867063], [15.3165117, 47.2865735]], [[15.3167317, 47.2869665], [15.3165466, 47.2867063]], [[15.316729, 47.2870775], [15.3167317, 47.2869665]], [[15.3167638, 47.2871976], [15.316729, 47.2870775]], [[15.3168416, 47.2873231], [15.3167638, 47.2871976]], [[15.3169167, 47.2874596], [15.3168416, 47.2873231]], [[15.3169543, 47.2876288], [15.3169167, 47.2874596]], [[15.3170347, 47.2877688], [15.3169543, 47.2876288]], [[15.3170377, 47.2878124], [15.3170347, 47.2877688]], [[15.3170377, 47.2878124], [15.3171691, 47.2879362]], [[15.3171691, 47.2879362], [15.3173715, 47.2881028]], [[15.3173715, 47.2881028], [15.3178328, 47.2883812]], [[15.3178328, 47.2883812], [15.3182861, 47.2886487]], [[15.3182861, 47.2886487], [15.3188154, 47.2889211]], [[15.3188154, 47.2889211], [15.3195879, 47.2893111]], [[15.3195879, 47.2893111], [15.3198828, 47.2894464]], [[15.3198828, 47.2894464], [15.3201702, 47.289561]], [[15.3201702, 47.289561], [15.3215013, 47.289913]], [[15.3215013, 47.289913], [15.3220103, 47.2900379]], [[15.3220103, 47.2900379], [15.3223351, 47.290101]], [[15.3223351, 47.290101], [15.3226732, 47.2901577]], [[15.3226732, 47.2901577], [15.3229957, 47.2902011]], [[15.3229957, 47.2902011], [15.323369, 47.290234]], [[15.323369, 47.290234], [15.323886, 47.2902743]], [[15.323886, 47.2902743], [15.3256335, 47.2904383]], [[15.3256335, 47.2904383], [15.3261948, 47.2904823]], [[15.3261948, 47.2904823], [15.3270053, 47.2906122]], [[15.3270053, 47.2906122], [15.3279311, 47.2907236]], [[15.3279311, 47.2907236], [15.3282167, 47.2907387]], [[15.3282167, 47.2907387], [15.3284367, 47.2907606]], [[15.3284367, 47.2907606], [15.328802, 47.2908359]], [[15.328802, 47.2908359], [15.3290258, 47.2908802]], [[15.3290258, 47.2908802], [15.3311445, 47.2911674]], [[15.3311445, 47.2911674], [15.3332677, 47.29149]], [[15.3332677, 47.29149], [15.3348166, 47.29177]], [[15.3348166, 47.29177], [15.3360029, 47.2920452]], [[15.3360029, 47.2920452], [15.337242, 47.2923685]], [[15.337242, 47.2923685], [15.3374949, 47.2924512]], [[15.3374949, 47.2924512], [15.3380291, 47.2925358]], [[15.3380291, 47.2925358], [15.3384301, 47.2926442]], [[15.3384301, 47.2926442], [15.3388123, 47.292757]], [[15.3388123, 47.292757], [15.3389626, 47.292796]], [[15.3389626, 47.292796], [15.3390998, 47.2928203]], [[15.3390998, 47.2928203], [15.3391724, 47.2928215]], [[15.3391724, 47.2928215], [15.3392383, 47.2928159]], [[15.3392383, 47.2928159], [15.3394442, 47.2927839]], [[15.3394442, 47.2927839], [15.3395451, 47.2927691]], [[15.3395451, 47.2927691], [15.3396422, 47.2927557]], [[15.3396422, 47.2927557], [15.3397135, 47.2927476]], [[15.3397135, 47.2927476], [15.3397882, 47.2927579]], [[15.3397882, 47.2927579], [15.3416685, 47.2935012]], [[15.3416685, 47.2935012], [15.342021, 47.2936275]], [[15.342021, 47.2936275], [15.3422409, 47.2936974]], [[15.3422409, 47.2936974], [15.3424112, 47.2937551]], [[15.3424112, 47.2937551], [15.3427499, 47.293872]], [[15.3427499, 47.293872], [15.3435005, 47.2942278]], [[15.3435005, 47.2942278], [15.3437202, 47.2942973]], [[15.3437202, 47.2942973], [15.3438591, 47.2943583]], [[15.3438591, 47.2943583], [15.3439363, 47.2943865]], [[15.3439363, 47.2943865], [15.3440433, 47.2944067]], [[15.3440433, 47.2944067], [15.3441038, 47.294415]], [[15.3441038, 47.294415], [15.3441938, 47.2944067]], [[15.3441938, 47.2944067], [15.3442889, 47.2943704]], [[15.3442889, 47.2943704], [15.3443661, 47.2943502]], [[15.3443661, 47.2943502], [15.34442, 47.2943402]], [[15.34442, 47.2943402], [15.3445127, 47.2943677]], [[15.3445127, 47.2943677], [15.3445902, 47.2945383]], [[15.3445902, 47.2945383], [15.3448271, 47.2946617]], [[15.3448271, 47.2946617], [15.3454672, 47.2950131]], [[15.3454672, 47.2950131], [15.3458141, 47.2953138]], [[15.3458141, 47.2953138], [15.3464246, 47.2956879]], [[15.3464246, 47.2956879], [15.3473423, 47.2962264]], [[15.3473423, 47.2962264], [15.3478707, 47.296541]], [[15.3478707, 47.296541], [15.3480275, 47.2965925]], [[15.3480275, 47.2965925], [15.34841, 47.2967933]], [[15.34841, 47.2967933], [15.3485838, 47.2968164]], [[15.3485838, 47.2968164], [15.3489142, 47.2969661]], [[15.3489142, 47.2969661], [15.3490528, 47.296944]], [[15.3490528, 47.296944], [15.3491749, 47.2969535]], [[15.3491749, 47.2969535], [15.349333, 47.2971671]], [[15.349333, 47.2971671], [15.3496379, 47.2972675]], [[15.3496379, 47.2972675], [15.3502368, 47.2974748]], [[15.3502368, 47.2974748], [15.3505397, 47.2975718]], [[15.3505397, 47.2975718], [15.3508885, 47.2976471]], [[15.3508885, 47.2976471], [15.3514516, 47.2978338]], [[15.3514516, 47.2978338], [15.3521089, 47.2979734]], [[15.3521089, 47.2979734], [15.3525614, 47.2980942]], [[15.3525614, 47.2980942], [15.3530627, 47.2981959]], [[15.3530627, 47.2981959], [15.3544141, 47.2983408]], [[15.3544141, 47.2983408], [15.3553026, 47.2983253]], [[15.3553026, 47.2983253], [15.355384, 47.2983519]], [[15.3555193, 47.298497], [15.355384, 47.2983519]], [[15.3555286, 47.2985356], [15.3555193, 47.298497]], [[15.355515, 47.2985667], [15.3555286, 47.2985356]], [[15.3554798, 47.2985769], [15.355515, 47.2985667]], [[15.3552364, 47.2985645], [15.3554798, 47.2985769]], [[15.3551833, 47.2985932], [15.3552364, 47.2985645]], [[15.3552239, 47.2986293], [15.3551833, 47.2985932]], [[15.3553074, 47.2986407], [15.3552239, 47.2986293]], [[15.35553, 47.2986833], [15.3553074, 47.2986407]], [[15.3556025, 47.2987187], [15.35553, 47.2986833]], [[15.3556189, 47.2987415], [15.3556025, 47.2987187]], [[15.3556171, 47.2987647], [15.3556189, 47.2987415]], [[15.3556025, 47.298806], [15.3556171, 47.2987647]], [[15.3555751, 47.2988563], [15.3556025, 47.298806]], [[15.3555601, 47.2988906], [15.3555751, 47.2988563]], [[15.3555373, 47.2989156], [15.3555601, 47.2988906]], [[15.3555069, 47.2989415], [15.3555373, 47.2989156]], [[15.3554978, 47.2989587], [15.3555069, 47.2989415]], [[15.3555038, 47.2989752], [15.3554978, 47.2989587]], [[15.3555466, 47.2989943], [15.3555038, 47.2989752]], [[15.3555863, 47.2990057], [15.3555466, 47.2989943]], [[15.3556177, 47.2990138], [15.3555863, 47.2990057]], [[15.3557063, 47.2990214], [15.3556177, 47.2990138]], [[15.3559689, 47.2990249], [15.3557063, 47.2990214]], [[15.3562106, 47.299033], [15.3559689, 47.2990249]], [[15.3563508, 47.2990432], [15.3562106, 47.299033]], [[15.3587171, 47.2995371], [15.3563508, 47.2990432]], [[15.3615911, 47.3001731], [15.3587171, 47.2995371]], [[15.3632838, 47.300491], [15.3615911, 47.3001731]], [[15.3639779, 47.3007553], [15.3632838, 47.300491]], [[15.364571, 47.3008315], [15.3639779, 47.3007553]], [[15.3647136, 47.3008477], [15.364571, 47.3008315]], [[15.3649394, 47.3008396], [15.3647136, 47.3008477]], [[15.3650879, 47.3008396], [15.3649394, 47.3008396]], [[15.3654444, 47.3008665], [15.3650879, 47.3008396]], [[15.3656891, 47.3008848], [15.3654444, 47.3008665]], [[15.3658663, 47.3009081], [15.3656891, 47.3008848]], [[15.3660723, 47.3009591], [15.3658663, 47.3009081]], [[15.3664051, 47.3010572], [15.3660723, 47.3009591]], [[15.3667854, 47.3011418], [15.3664051, 47.3010572]], [[15.3671934, 47.3012316], [15.3667854, 47.3011418]], [[15.3673281, 47.3012734], [15.3671934, 47.3012316]], [[15.3674984, 47.3013285], [15.3673281, 47.3012734]], [[15.3677123, 47.3013849], [15.3674984, 47.3013285]], [[15.3679817, 47.3014131], [15.3677123, 47.3013849]], [[15.3681956, 47.3014494], [15.3679817, 47.3014131]], [[15.3684788, 47.3015179], [15.3681956, 47.3014494]], [[15.3687161, 47.30158], [15.3684788, 47.3015179]], [[15.3689958, 47.3016724], [15.3687161, 47.30158]], [[15.3691127, 47.3017046], [15.3689958, 47.3016724]], [[15.3692414, 47.3017261], [15.3691127, 47.3017046]], [[15.369386, 47.3017637], [15.3692414, 47.3017261]], [[15.3695904, 47.3018346], [15.369386, 47.3017637]], [[15.3697801, 47.3019061], [15.3695904, 47.3018346]], [[15.3699921, 47.3019894], [15.3697801, 47.3019061]], [[15.3701901, 47.302078], [15.3699921, 47.3019894]], [[15.3704226, 47.3021821], [15.3701901, 47.302078]], [[15.3706972, 47.3022889], [15.3704226, 47.3021821]], [[15.3710379, 47.3024796], [15.3706972, 47.3022889]], [[15.3713191, 47.3026381], [15.3710379, 47.3024796]], [[15.3715271, 47.3027496], [15.3713191, 47.3026381]], [[15.3716972, 47.3028188], [15.3715271, 47.3027496]], [[15.3720242, 47.3029994], [15.3716972, 47.3028188]], [[15.3723332, 47.3031955], [15.3720242, 47.3029994]], [[15.3726917, 47.3034346], [15.3723332, 47.3031955]], [[15.3742195, 47.3045169], [15.3726917, 47.3034346]], [[15.3748011, 47.3049563], [15.3742195, 47.3045169]], [[15.3749695, 47.3051135], [15.3748011, 47.3049563]], [[15.3752607, 47.3053633], [15.3749695, 47.3051135]], [[15.3754231, 47.3054882], [15.3752607, 47.3053633]], [[15.3756152, 47.3056359], [15.3754231, 47.3054882]], [[15.3759182, 47.3058683], [15.3756152, 47.3056359]], [[15.3762609, 47.3061597], [15.3759182, 47.3058683]], [[15.3765345, 47.3064181], [15.3762609, 47.3061597]], [[15.3766986, 47.3065949], [15.3765345, 47.3064181]], [[15.3771007, 47.3070609], [15.3766986, 47.3065949]], [[15.3773093, 47.3073278], [15.3771007, 47.3070609]], [[15.3773294, 47.3073561], [15.3773093, 47.3073278]], [[15.3775265, 47.3076814], [15.3773294, 47.3073561]], [[15.3776236, 47.3078385], [15.3775265, 47.3076814]], [[15.3777259, 47.3080026], [15.3776236, 47.3078385]], [[15.3778573, 47.3083032], [15.3777259, 47.3080026]], [[15.3779266, 47.3084925], [15.3778573, 47.3083032]], [[15.3779948, 47.3086725], [15.3779266, 47.3084925]], [[15.3780435, 47.308929], [15.3779948, 47.3086725]], [[15.3780672, 47.3091706], [15.3780435, 47.308929]], [[15.3780712, 47.3092007], [15.3780672, 47.3091706]], [[15.3780851, 47.309297], [15.3780712, 47.3092007]], [[15.3781088, 47.3094344], [15.3780851, 47.309297]], [[15.3780455, 47.3107769], [15.3781088, 47.3094344]], [[15.3780277, 47.3110321], [15.3780455, 47.3107769]], [[15.3779775, 47.3112531], [15.3780277, 47.3110321]], [[15.3779286, 47.3113718], [15.3779775, 47.3112531]], [[15.377788, 47.3116042], [15.3779286, 47.3113718]], [[15.3775769, 47.3118775], [15.377788, 47.3116042]], [[15.3773443, 47.3122367], [15.3775769, 47.3118775]], [[15.3772176, 47.312426], [15.3773443, 47.3122367]], [[15.377168, 47.3124905], [15.3772176, 47.312426]], [[15.3770884, 47.312594], [15.377168, 47.3124905]], [[15.3769086, 47.3127967], [15.3770884, 47.312594]], [[15.3766356, 47.3130819], [15.3769086, 47.3127967]], [[15.375984, 47.3136806], [15.3766356, 47.3130819]], [[15.3759663, 47.3137618], [15.375984, 47.3136806]], [[15.3760427, 47.3138532], [15.3759663, 47.3137618]], [[15.3761086, 47.3139303], [15.3760427, 47.3138532]], [[15.3761726, 47.3139679], [15.3761086, 47.3139303]], [[15.3763013, 47.3140308], [15.3761726, 47.3139679]], [[15.3763858, 47.3140585], [15.3763013, 47.3140308]], [[15.3767438, 47.3141287], [15.3763858, 47.3140585]], [[15.3769151, 47.3141921], [15.3767438, 47.3141287]], [[15.3770432, 47.3142803], [15.3769151, 47.3141921]], [[15.3770787, 47.3143661], [15.3770432, 47.3142803]], [[15.3766841, 47.3147031], [15.3770787, 47.3143661]], [[15.3763572, 47.3150739], [15.3766841, 47.3147031]], [[15.3761122, 47.3152772], [15.3763572, 47.3150739]], [[15.3757133, 47.3155827], [15.3761122, 47.3152772]], [[15.37553, 47.3157268], [15.3757133, 47.3155827]], [[15.3754231, 47.31581], [15.37553, 47.3157268]], [[15.3753696, 47.3158785], [15.3754231, 47.31581]], [[15.3753082, 47.315943], [15.3753696, 47.3158785]], [[15.3752745, 47.3160007], [15.3753082, 47.315943]], [[15.3751795, 47.3161457], [15.3752745, 47.3160007]], [[15.3750487, 47.31619], [15.3751795, 47.3161457]], [[15.3749576, 47.3162907], [15.3750487, 47.31619]], [[15.3748802, 47.3163398], [15.3749576, 47.3162907]], [[15.374615, 47.3164586], [15.3748802, 47.3163398]], [[15.374343, 47.316568], [15.374615, 47.3164586]], [[15.3740663, 47.3167091], [15.374343, 47.316568]], [[15.3738803, 47.3167948], [15.3740663, 47.3167091]], [[15.3737726, 47.3168586], [15.3738803, 47.3167948]], [[15.3736871, 47.3169175], [15.3737726, 47.3168586]], [[15.3736281, 47.3169612], [15.3736871, 47.3169175]], [[15.373458, 47.3171265], [15.3736281, 47.3169612]], [[15.3730502, 47.3176], [15.373458, 47.3171265]], [[15.3728482, 47.3178443], [15.3730502, 47.3176]], [[15.3727044, 47.3180359], [15.3728482, 47.3178443]], [[15.372557, 47.3181733], [15.3727044, 47.3180359]], [[15.3724163, 47.3183006], [15.372557, 47.3181733]], [[15.3723312, 47.3183559], [15.3724163, 47.3183006]], [[15.3721874, 47.3184232], [15.3723312, 47.3183559]], [[15.3719416, 47.3185524], [15.3721874, 47.3184232]], [[15.371821, 47.3186486], [15.3719416, 47.3185524]], [[15.3717473, 47.318706], [15.371821, 47.3186486]], [[15.3716326, 47.3188213], [15.3717473, 47.318706]], [[15.3714397, 47.3190815], [15.3716326, 47.3188213]], [[15.3713686, 47.3191911], [15.3714397, 47.3190815]], [[15.3712855, 47.3193227], [15.3713686, 47.3191911]], [[15.3712141, 47.3194677], [15.3712855, 47.3193227]], [[15.3711567, 47.3195483], [15.3712141, 47.3194677]], [[15.3711131, 47.3196087], [15.3711567, 47.3195483]], [[15.3710616, 47.3196758], [15.3711131, 47.3196087]], [[15.3709923, 47.3197658], [15.3710616, 47.3196758]], [[15.3708299, 47.3200287], [15.3709923, 47.3197658]], [[15.3707006, 47.3202081], [15.3708299, 47.3200287]], [[15.3705497, 47.3203359], [15.3707006, 47.3202081]], [[15.3704278, 47.3204237], [15.3705497, 47.3203359]], [[15.370229, 47.3205456], [15.3704278, 47.3204237]], [[15.3701386, 47.3206036], [15.370229, 47.3205456]], [[15.3700829, 47.3206427], [15.3701386, 47.3206036]], [[15.3699703, 47.3207645], [15.3700829, 47.3206427]], [[15.3698746, 47.3209165], [15.3699703, 47.3207645]], [[15.3698298, 47.3210528], [15.3698746, 47.3209165]], [[15.36981, 47.3212476], [15.3698298, 47.3210528]], [[15.3698198, 47.3214572], [15.36981, 47.3212476]], [[15.3698178, 47.3215449], [15.3698198, 47.3214572]], [[15.3697777, 47.321608], [15.3698178, 47.3215449]], [[15.3695664, 47.3218874], [15.3697777, 47.321608]], [[15.3692872, 47.3222421], [15.3695664, 47.3218874]], [[15.3691952, 47.3223858], [15.3692872, 47.3222421]], [[15.3689325, 47.3226703], [15.3691952, 47.3223858]], [[15.3685572, 47.3230313], [15.3689325, 47.3226703]], [[15.36846, 47.323111], [15.3685572, 47.3230313]], [[15.3683907, 47.3231789], [15.36846, 47.323111]], [[15.3682927, 47.3232762], [15.3683907, 47.3231789]], [[15.3682501, 47.3233319], [15.3682927, 47.3232762]], [[15.3682016, 47.3233971], [15.3682501, 47.3233319]], [[15.368051, 47.3236521], [15.3682016, 47.3233971]], [[15.3679056, 47.3238901], [15.368051, 47.3236521]], [[15.3676935, 47.3241489], [15.3679056, 47.3238901]], [[15.3675677, 47.3242872], [15.3676935, 47.3241489]], [[15.3674465, 47.3244158], [15.3675677, 47.3242872]], [[15.3673617, 47.3245147], [15.3674465, 47.3244158]], [[15.3673229, 47.3245779], [15.3673617, 47.3245147]], [[15.3672597, 47.3247249], [15.3673229, 47.3245779]], [[15.3671717, 47.3249745], [15.3672597, 47.3247249]], [[15.3670993, 47.3251256], [15.3671717, 47.3249745]], [[15.3670519, 47.3252127], [15.3670993, 47.3251256]], [[15.3669567, 47.3253465], [15.3670519, 47.3252127]], [[15.3668714, 47.3255175], [15.3669567, 47.3253465]], [[15.3668002, 47.3256929], [15.3668714, 47.3255175]], [[15.3667588, 47.3258551], [15.3668002, 47.3256929]], [[15.366724, 47.3259916], [15.3667588, 47.3258551]], [[15.3666949, 47.3262095], [15.366724, 47.3259916]], [[15.3666408, 47.3264031], [15.3666949, 47.3262095]], [[15.3665913, 47.3265246], [15.3666408, 47.3264031]], [[15.3665484, 47.3266095], [15.3665913, 47.3265246]], [[15.3665017, 47.3267014], [15.3665484, 47.3266095]], [[15.3662328, 47.3270562], [15.3665017, 47.3267014]], [[15.366125, 47.3272604], [15.3662328, 47.3270562]], [[15.366006, 47.327412], [15.366125, 47.3272604]], [[15.3659208, 47.3275019], [15.366006, 47.327412]], [[15.3658087, 47.3275948], [15.3659208, 47.3275019]], [[15.3656158, 47.3277221], [15.3658087, 47.3275948]], [[15.3654852, 47.3278193], [15.3656158, 47.3277221]], [[15.3652865, 47.3279487], [15.3654852, 47.3278193]], [[15.3651497, 47.3280486], [15.3652865, 47.3279487]], [[15.3646628, 47.3284043], [15.3651497, 47.3280486]], [[15.3645482, 47.3285108], [15.3646628, 47.3284043]], [[15.3644, 47.3286407], [15.3645482, 47.3285108]], [[15.3641485, 47.3288061], [15.3644, 47.3286407]], [[15.3641243, 47.3288197], [15.3641485, 47.3288061]], [[15.3640085, 47.3288942], [15.3641243, 47.3288197]], [[15.3638725, 47.3289562], [15.3640085, 47.3288942]], [[15.3637957, 47.3289749], [15.3638725, 47.3289562]], [[15.3636954, 47.3289823], [15.3637957, 47.3289749]], [[15.363532, 47.3289838], [15.3636954, 47.3289823]], [[15.3634481, 47.3289917], [15.363532, 47.3289838]], [[15.3633895, 47.3290129], [15.3634481, 47.3289917]], [[15.3633372, 47.3290413], [15.3633895, 47.3290129]], [[15.3632756, 47.3290887], [15.3633372, 47.3290413]], [[15.3632357, 47.3291295], [15.3632756, 47.3290887]], [[15.3631738, 47.3292378], [15.3632357, 47.3291295]], [[15.3629873, 47.3294519], [15.3631738, 47.3292378]], [[15.3628281, 47.3296991], [15.3629873, 47.3294519]], [[15.3626821, 47.3299259], [15.3628281, 47.3296991]], [[15.3626151, 47.3299983], [15.3626821, 47.3299259]], [[15.3625371, 47.3300671], [15.3626151, 47.3299983]], [[15.3624514, 47.3301312], [15.3625371, 47.3300671]], [[15.3624514, 47.3301312], [15.3623642, 47.3302151]], [[15.3623642, 47.3302151], [15.3622462, 47.3302778]], [[15.3622462, 47.3302778], [15.3622418, 47.3303178]], [[15.3622418, 47.3303178], [15.3622125, 47.3303526]], [[15.3622125, 47.3303526], [15.3621641, 47.3303756]], [[15.3621641, 47.3303756], [15.3620553, 47.3304924]], [[15.3620553, 47.3304924], [15.3619706, 47.3305918]], [[15.3619706, 47.3305918], [15.3618521, 47.3306948]], [[15.3613823, 47.3311807], [15.3618521, 47.3306948]], [[15.3612704, 47.3312954], [15.3613823, 47.3311807]], [[15.3610945, 47.3314837], [15.3612704, 47.3312954]], [[15.3610123, 47.3315815], [15.3610945, 47.3314837]], [[15.3607911, 47.3318416], [15.3610123, 47.3315815]], [[15.3606494, 47.3320103], [15.3607911, 47.3318416]], [[15.3605872, 47.3320811], [15.3606494, 47.3320103]], [[15.3604795, 47.3322163], [15.3605872, 47.3320811]], [[15.3603407, 47.3323837], [15.3604795, 47.3322163]], [[15.3601996, 47.3325635], [15.3603407, 47.3323837]], [[15.359962, 47.3328721], [15.3601996, 47.3325635]], [[15.3598015, 47.3331085], [15.359962, 47.3328721]], [[15.3592544, 47.3339834], [15.3598015, 47.3331085]], [[15.3591273, 47.3341915], [15.3592544, 47.3339834]], [[15.3590285, 47.3343212], [15.3591273, 47.3341915]], [[15.3589166, 47.3344455], [15.3590285, 47.3343212]], [[15.3587425, 47.3346296], [15.3589166, 47.3344455]], [[15.3585651, 47.3347805], [15.3587425, 47.3346296]], [[15.3584256, 47.3348837], [15.3585651, 47.3347805]], [[15.35827, 47.3349888], [15.3584256, 47.3348837]], [[15.3581818, 47.3350515], [15.35827, 47.3349888]], [[15.3580387, 47.3351392], [15.3581818, 47.3350515]], [[15.3578392, 47.3352659], [15.3580387, 47.3351392]], [[15.3577108, 47.335351], [15.3578392, 47.3352659]], [[15.3579154, 47.335471], [15.3577108, 47.335351]], [[15.357889, 47.3355063], [15.3579154, 47.335471]], [[15.3577014, 47.3357639], [15.357889, 47.3355063]], [[15.3575168, 47.3360194], [15.3577014, 47.3357639]], [[15.3574953, 47.3360513], [15.3575168, 47.3360194]], [[15.3570026, 47.3367736], [15.3574953, 47.3360513]], [[15.3569156, 47.3368764], [15.3570026, 47.3367736]], [[15.3567942, 47.3369984], [15.3569156, 47.3368764]], [[15.3567421, 47.3370364], [15.3567942, 47.3369984]], [[15.3566841, 47.337047], [15.3567421, 47.3370364]], [[15.3563832, 47.3370412], [15.3566841, 47.337047]], [[15.3562555, 47.3373813], [15.3563832, 47.3370412]], [[15.3561613, 47.3376937], [15.3562555, 47.3373813]], [[15.3560912, 47.3379207], [15.3561613, 47.3376937]], [[15.3560214, 47.338174], [15.3560912, 47.3379207]], [[15.3557911, 47.3391359], [15.3560214, 47.338174]], [[15.3557444, 47.3393856], [15.3557911, 47.3391359]], [[15.3556198, 47.3402568], [15.3557444, 47.3393856]], [[15.3555883, 47.3407249], [15.3556198, 47.3402568]], [[15.3555787, 47.3410011], [15.3555883, 47.3407249]], [[15.3555671, 47.3413644], [15.3555787, 47.3410011]], [[15.3555772, 47.3415612], [15.3555671, 47.3413644]], [[15.3556164, 47.3419354], [15.3555772, 47.3415612]], [[15.3556562, 47.3421326], [15.3556164, 47.3419354]], [[15.3556915, 47.3422442], [15.3556562, 47.3421326]], [[15.3557087, 47.3423248], [15.3556915, 47.3422442]], [[15.3555445, 47.3423395], [15.3557087, 47.3423248]], [[15.3554987, 47.3423853], [15.3555445, 47.3423395]], [[15.3554837, 47.3425346], [15.3554987, 47.3423853]], [[15.3554898, 47.3426393], [15.3554837, 47.3425346]], [[15.3555069, 47.3427131], [15.3554898, 47.3426393]], [[15.3555541, 47.3428038], [15.3555069, 47.3427131]], [[15.3555976, 47.3428574], [15.3555541, 47.3428038]], [[15.3556109, 47.342922], [15.3555976, 47.3428574]], [[15.3555892, 47.3429803], [15.3556109, 47.342922]], [[15.3554928, 47.3431208], [15.3555892, 47.3429803]], [[15.3554584, 47.3431555], [15.3554928, 47.3431208]], [[15.3550765, 47.343274], [15.3554584, 47.3431555]], [[15.3549498, 47.3433289], [15.3550765, 47.343274]], [[15.354862, 47.3433817], [15.3549498, 47.3433289]], [[15.3547733, 47.3434457], [15.354862, 47.3433817]], [[15.3546162, 47.3435898], [15.3547733, 47.3434457]], [[15.3545166, 47.3437131], [15.3546162, 47.3435898]], [[15.3543661, 47.3438892], [15.3545166, 47.3437131]], [[15.3542314, 47.3440223], [15.3543661, 47.3438892]], [[15.3541856, 47.3440727], [15.3542314, 47.3440223]], [[15.3540652, 47.3441709], [15.3541856, 47.3440727]], [[15.3539476, 47.3442516], [15.3540652, 47.3441709]], [[15.3536713, 47.3444397], [15.3539476, 47.3442516]], [[15.3536026, 47.344529], [15.3536713, 47.3444397]], [[15.3531391, 47.3447812], [15.3536026, 47.344529]], [[15.3528875, 47.3449133], [15.3531391, 47.3447812]], [[15.3526673, 47.3450385], [15.3528875, 47.3449133]], [[15.3526349, 47.3450639], [15.3526673, 47.3450385]], [[15.3525934, 47.3451043], [15.3526349, 47.3450639]], [[15.3525113, 47.3452424], [15.3525934, 47.3451043]], [[15.3523882, 47.3454611], [15.3525113, 47.3452424]], [[15.3522637, 47.3456576], [15.3523882, 47.3454611]], [[15.352109, 47.345914], [15.3522637, 47.3456576]], [[15.3520093, 47.3461052], [15.352109, 47.345914]], [[15.3518684, 47.3463518], [15.3520093, 47.3461052]], [[15.351744, 47.3465835], [15.3518684, 47.3463518]], [[15.3516742, 47.3467067], [15.351744, 47.3465835]], [[15.3516004, 47.3468694], [15.3516742, 47.3467067]], [[15.3514884, 47.3471089], [15.3516004, 47.3468694]], [[15.3513924, 47.3472748], [15.3514884, 47.3471089]], [[15.3512717, 47.3474656], [15.3513924, 47.3472748]], [[15.3512392, 47.3475269], [15.3512717, 47.3474656]], [[15.351216, 47.347575], [15.3512392, 47.3475269]], [[15.3512037, 47.3476131], [15.351216, 47.347575]], [[15.3511953, 47.3476551], [15.3512037, 47.3476131]], [[15.3511848, 47.3477372], [15.3511953, 47.3476551]], [[15.3511914, 47.3477956], [15.3511848, 47.3477372]], [[15.3511927, 47.3478647], [15.3511914, 47.3477956]], [[15.3511962, 47.3478955], [15.3511927, 47.3478647]], [[15.3512029, 47.3479619], [15.3511962, 47.3478955]], [[15.3512242, 47.348058], [15.3512029, 47.3479619]], [[15.3512388, 47.3481782], [15.3512242, 47.348058]], [[15.3512525, 47.3483308], [15.3512388, 47.3481782]], [[15.3512304, 47.3484671], [15.3512525, 47.3483308]], [[15.3512136, 47.3485543], [15.3512304, 47.3484671]], [[15.3511914, 47.3486694], [15.3512136, 47.3485543]], [[15.3511722, 47.3487447], [15.3511914, 47.3486694]], [[15.3511715, 47.3488075], [15.3511722, 47.3487447]], [[15.3511419, 47.3490422], [15.3511715, 47.3488075]], [[15.3511063, 47.3491649], [15.3511419, 47.3490422]], [[15.351054, 47.3492621], [15.3511063, 47.3491649]], [[15.3509467, 47.3494302], [15.351054, 47.3492621]], [[15.3508968, 47.3495134], [15.3509467, 47.3494302]], [[15.3508686, 47.3495801], [15.3508968, 47.3495134]], [[15.3508539, 47.3496374], [15.3508686, 47.3495801]], [[15.3508484, 47.349691], [15.3508539, 47.3496374]], [[15.3508431, 47.3497796], [15.3508484, 47.349691]], [[15.3508351, 47.3498337], [15.3508431, 47.3497796]], [[15.3508176, 47.3498814], [15.3508351, 47.3498337]], [[15.3507895, 47.3499313], [15.3508176, 47.3498814]], [[15.3507385, 47.3499945], [15.3507895, 47.3499313]], [[15.3506775, 47.350049], [15.3507385, 47.3499945]], [[15.3505508, 47.3501603], [15.3506775, 47.350049]], [[15.3504777, 47.3502339], [15.3505508, 47.3501603]], [[15.3504428, 47.3502839], [15.3504777, 47.3502339]], [[15.3504267, 47.3503302], [15.3504428, 47.3502839]], [[15.350418, 47.3503797], [15.3504267, 47.3503302]], [[15.3504175, 47.3504249], [15.350418, 47.3503797]], [[15.3504267, 47.3506491], [15.3504175, 47.3504249]], [[15.3504207, 47.3507137], [15.3504267, 47.3506491]], [[15.3504053, 47.350795], [15.3504207, 47.3507137]], [[15.3503791, 47.3508886], [15.3504053, 47.350795]], [[15.3503302, 47.3510071], [15.3503791, 47.3508886]], [[15.3502879, 47.3510885], [15.3503302, 47.3510071]], [[15.3502195, 47.3512175], [15.3502879, 47.3510885]], [[15.3500666, 47.3514628], [15.3502195, 47.3512175]], [[15.3499681, 47.3516186], [15.3500666, 47.3514628]], [[15.3499234, 47.3517029], [15.3499681, 47.3516186]], [[15.3498956, 47.3518171], [15.3499234, 47.3517029]], [[15.3498567, 47.3518971], [15.3498956, 47.3518171]], [[15.3498064, 47.3519534], [15.3498567, 47.3518971]], [[15.349732, 47.3520043], [15.3498064, 47.3519534]], [[15.3496853, 47.3520337], [15.349732, 47.3520043]], [[15.3496254, 47.3520711], [15.3496853, 47.3520337]], [[15.3495828, 47.3521069], [15.3496254, 47.3520711]], [[15.3494967, 47.352176], [15.3495828, 47.3521069]], [[15.3493699, 47.3522701], [15.3494967, 47.352176]], [[15.3492881, 47.3523428], [15.3493699, 47.3522701]], [[15.3491929, 47.3524318], [15.3492881, 47.3523428]], [[15.3491158, 47.3525236], [15.3491929, 47.3524318]], [[15.3490501, 47.3525849], [15.3491158, 47.3525236]], [[15.3488913, 47.3527132], [15.3490501, 47.3525849]], [[15.3488258, 47.3527739], [15.3488913, 47.3527132]], [[15.3487638, 47.3528619], [15.3488258, 47.3527739]], [[15.3487346, 47.352892], [15.3487638, 47.3528619]], [[15.3485815, 47.3531578], [15.3487346, 47.352892]], [[15.3484709, 47.3533999], [15.3485815, 47.3531578]], [[15.348431, 47.3535257], [15.3484709, 47.3533999]], [[15.3484091, 47.3536628], [15.348431, 47.3535257]], [[15.3483955, 47.3537833], [15.3484091, 47.3536628]], [[15.3483711, 47.3539187], [15.3483955, 47.3537833]], [[15.348349, 47.3540298], [15.3483711, 47.3539187]], [[15.3483243, 47.3541198], [15.348349, 47.3540298]], [[15.3482765, 47.3542355], [15.3483243, 47.3541198]], [[15.3482316, 47.3543124], [15.3482765, 47.3542355]], [[15.3480587, 47.3546092], [15.3482316, 47.3543124]], [[15.3480142, 47.354714], [15.3480587, 47.3546092]], [[15.3479956, 47.3548081], [15.3480142, 47.354714]], [[15.3479864, 47.3548917], [15.3479956, 47.3548081]], [[15.348001, 47.3550226], [15.3479864, 47.3548917]], [[15.3480345, 47.3551816], [15.348001, 47.3550226]], [[15.3480496, 47.3552697], [15.3480345, 47.3551816]], [[15.3480429, 47.355331], [15.3480496, 47.3552697]], [[15.3480221, 47.3553896], [15.3480429, 47.355331]], [[15.3479497, 47.3555359], [15.3480221, 47.3553896]], [[15.3477063, 47.3560955], [15.3479497, 47.3555359]], [[15.3476251, 47.3562273], [15.3477063, 47.3560955]], [[15.3475373, 47.3563872], [15.3476251, 47.3562273]], [[15.3474898, 47.3564932], [15.3475373, 47.3563872]], [[15.3474716, 47.356563], [15.3474898, 47.3564932]], [[15.3474602, 47.3566393], [15.3474716, 47.356563]], [[15.3474501, 47.3567528], [15.3474602, 47.3566393]], [[15.347426, 47.3569813], [15.3474501, 47.3567528]], [[15.3473682, 47.3573926], [15.347426, 47.3569813]], [[15.3473476, 47.3574523], [15.3473682, 47.3573926]], [[15.347178, 47.357934], [15.3473476, 47.3574523]], [[15.3471491, 47.3580479], [15.347178, 47.357934]], [[15.3470941, 47.3582132], [15.3471491, 47.3580479]], [[15.3470297, 47.3583761], [15.3470941, 47.3582132]], [[15.346985, 47.3584707], [15.3470297, 47.3583761]], [[15.3469561, 47.358519], [15.346985, 47.3584707]], [[15.3469237, 47.3586093], [15.3469561, 47.358519]], [[15.3468988, 47.3587506], [15.3469237, 47.3586093]], [[15.3468735, 47.3588701], [15.3468988, 47.3587506]], [[15.3468493, 47.3589364], [15.3468735, 47.3588701]], [[15.346742, 47.3591326], [15.3468493, 47.3589364]], [[15.3466616, 47.3592425], [15.346742, 47.3591326]], [[15.3465945, 47.359317], [15.3466616, 47.3592425]], [[15.3464993, 47.3593697], [15.3465945, 47.359317]], [[15.3464041, 47.3594033], [15.3464993, 47.3593697]], [[15.3464041, 47.3594033], [15.3462659, 47.3594251]], [[15.3462659, 47.3594251], [15.3461412, 47.3594297]], [[15.3461412, 47.3594297], [15.3460711, 47.3594251]], [[15.3460711, 47.3594251], [15.3459789, 47.3594033]], [[15.3459789, 47.3594033], [15.3459459, 47.3593969]], [[15.3459459, 47.3593969], [15.345594, 47.3593283]], [[15.345594, 47.3593283], [15.3455213, 47.3594654]], [[15.3455213, 47.3594654], [15.3454578, 47.3596192]], [[15.3454578, 47.3596192], [15.3454147, 47.3597336]], [[15.3454147, 47.3597336], [15.3454021, 47.3597671]], [[15.3454021, 47.3597671], [15.3453286, 47.3599827]], [[15.3453286, 47.3599827], [15.3452721, 47.3601614]], [[15.3452721, 47.3601614], [15.3452418, 47.360229]], [[15.3452418, 47.360229], [15.3452046, 47.3602965]], [[15.3452046, 47.3602965], [15.3451655, 47.3603559]], [[15.3451655, 47.3603559], [15.3450637, 47.3605019]], [[15.3450637, 47.3605019], [15.3446215, 47.3610646]], [[15.3446215, 47.3610646], [15.3444941, 47.3612287]], [[15.3444941, 47.3612287], [15.3443591, 47.3613917]], [[15.3443591, 47.3613917], [15.3442453, 47.3615077]], [[15.3442453, 47.3615077], [15.3440007, 47.361764]], [[15.3440007, 47.361764], [15.3439209, 47.361866]], [[15.3439209, 47.361866], [15.3436271, 47.3622828]], [[15.3436271, 47.3622828], [15.3434214, 47.3625425]], [[15.3434214, 47.3625425], [15.3433557, 47.3626179]], [[15.3433557, 47.3626179], [15.3432872, 47.3626835]], [[15.3432872, 47.3626835], [15.3431921, 47.362751]], [[15.3431921, 47.362751], [15.3429977, 47.3628742]], [[15.3429977, 47.3628742], [15.3424449, 47.3631737]], [[15.3424449, 47.3631737], [15.3419255, 47.3635164]], [[15.3419255, 47.3635164], [15.3416497, 47.3637586]], [[15.3416497, 47.3637586], [15.3415135, 47.3639553]], [[15.3415135, 47.3639553], [15.341479, 47.3640051]], [[15.341479, 47.3640051], [15.3414023, 47.3641052]], [[15.3414023, 47.3641052], [15.3412568, 47.3642951]], [[15.3412568, 47.3642951], [15.3411912, 47.3644414]], [[15.3411912, 47.3644414], [15.3411164, 47.3646082]], [[15.3411164, 47.3646082], [15.3411119, 47.3648017]], [[15.3410786, 47.364969], [15.3411119, 47.3648017]], [[15.3409796, 47.3650513], [15.3410786, 47.364969]], [[15.3409275, 47.365072], [15.3409796, 47.3650513]], [[15.3409275, 47.365072], [15.3408777, 47.3650294]], [[15.3408777, 47.3650294], [15.3403633, 47.3648657]], [[15.3403633, 47.3648657], [15.3401822, 47.3648127]], [[15.3401822, 47.3648127], [15.339921, 47.3647746]], [[15.3398349, 47.3647721], [15.339921, 47.3647746]], [[15.3396779, 47.36479], [15.3398349, 47.3647721]], [[15.3395747, 47.3648069], [15.3396779, 47.36479]], [[15.3393181, 47.3648218], [15.3395747, 47.3648069]], [[15.3390037, 47.3648114], [15.3393181, 47.3648218]], [[15.3389698, 47.3648999], [15.3390037, 47.3648114]], [[15.3389242, 47.3649662], [15.3389698, 47.3648999]], [[15.3388694, 47.365025], [15.3389242, 47.3649662]], [[15.3388171, 47.3651041], [15.3388694, 47.365025]], [[15.3387909, 47.3651795], [15.3388171, 47.3651041]], [[15.3387567, 47.3652739], [15.3387909, 47.3651795]], [[15.3387065, 47.3654719], [15.3387567, 47.3652739]], [[15.338695, 47.3655233], [15.3387065, 47.3654719]], [[15.3386776, 47.3656005], [15.338695, 47.3655233]], [[15.3386642, 47.3656604], [15.3386776, 47.3656005]], [[15.3386132, 47.3657667], [15.3386642, 47.3656604]], [[15.3385422, 47.3658721], [15.3386132, 47.3657667]], [[15.3383478, 47.36619], [15.3385422, 47.3658721]], [[15.3376544, 47.3670511], [15.3383478, 47.36619]], [[15.3372404, 47.3675051], [15.3376544, 47.3670511]], [[15.3371128, 47.3676258], [15.3372404, 47.3675051]], [[15.3370256, 47.3677032], [15.3371128, 47.3676258]], [[15.3369175, 47.3677894], [15.3370256, 47.3677032]], [[15.3367926, 47.367881], [15.3369175, 47.3677894]], [[15.3365587, 47.3680321], [15.3367926, 47.367881]], [[15.3364725, 47.3681085], [15.3365587, 47.3680321]], [[15.3364045, 47.368166], [15.3364725, 47.3681085]], [[15.3363326, 47.3682351], [15.3364045, 47.368166]], [[15.3362571, 47.3683056], [15.3363326, 47.3682351]], [[15.3358829, 47.3685477], [15.3362571, 47.3683056]], [[15.3356317, 47.3686971], [15.3358829, 47.3685477]], [[15.3355115, 47.3687621], [15.3356317, 47.3686971]], [[15.3353508, 47.3688469], [15.3355115, 47.3687621]], [[15.3350325, 47.3689801], [15.3353508, 47.3688469]], [[15.3346393, 47.3691116], [15.3350325, 47.3689801]], [[15.3342017, 47.3692635], [15.3346393, 47.3691116]], [[15.3335091, 47.3695074], [15.3342017, 47.3692635]], [[15.3326793, 47.3697595], [15.3335091, 47.3695074]], [[15.331793, 47.3700152], [15.3326793, 47.3697595]], [[15.331715, 47.3700519], [15.331793, 47.3700152]], [[15.3316699, 47.3700941], [15.331715, 47.3700519]], [[15.3311501, 47.370176], [15.3316699, 47.3700941]], [[15.3306613, 47.3702281], [15.3311501, 47.370176]], [[15.3304815, 47.3702658], [15.3306613, 47.3702281]], [[15.3300036, 47.3703975], [15.3304815, 47.3702658]], [[15.3295154, 47.3705394], [15.3300036, 47.3703975]], [[15.3292667, 47.3705939], [15.3295154, 47.3705394]], [[15.3291179, 47.3706324], [15.3292667, 47.3705939]], [[15.3290361, 47.3706629], [15.3291179, 47.3706324]], [[15.3289381, 47.3707215], [15.3290361, 47.3706629]], [[15.3287413, 47.3708482], [15.3289381, 47.3707215]], [[15.3290702, 47.3713622], [15.3287413, 47.3708482]], [[15.3282119, 47.3716382], [15.3290702, 47.3713622]], [[15.3274719, 47.3718276], [15.3282119, 47.3716382]], [[15.3272977, 47.3718827], [15.3274719, 47.3718276]], [[15.327069, 47.3719626], [15.3272977, 47.3718827]], [[15.3268102, 47.3720576], [15.327069, 47.3719626]], [[15.3265327, 47.3721338], [15.3268102, 47.3720576]], [[15.326085, 47.3722563], [15.3265327, 47.3721338]], [[15.3258432, 47.3723276], [15.326085, 47.3722563]], [[15.3255406, 47.3724282], [15.3258432, 47.3723276]], [[15.3245207, 47.37282], [15.3255406, 47.3724282]], [[15.3241407, 47.37301], [15.3245207, 47.37282]], [[15.3238973, 47.3730695], [15.3241407, 47.37301]], [[15.3235707, 47.37311], [15.3238973, 47.3730695]], [[15.3234711, 47.373098], [15.3235707, 47.37311]], [[15.3233498, 47.373088], [15.3234711, 47.373098]], [[15.3232652, 47.3731034], [15.3233498, 47.373088]], [[15.3231682, 47.3731425], [15.3232652, 47.3731034]], [[15.3230824, 47.373215], [15.3231682, 47.3731425]], [[15.3229772, 47.3732541], [15.3230824, 47.373215]], [[15.3228379, 47.3732527], [15.3229772, 47.3732541]], [[15.3226481, 47.3731643], [15.3228379, 47.3732527]], [[15.322486, 47.3731139], [15.3226481, 47.3731643]], [[15.322175, 47.3731425], [15.322486, 47.3731139]], [[15.3214073, 47.37324], [15.322175, 47.3731425]], [[15.3209002, 47.3732971], [15.3214073, 47.37324]], [[15.3205747, 47.3733263], [15.3209002, 47.3732971]], [[15.3200607, 47.37333], [15.3205747, 47.3733263]], [[15.3177995, 47.3732682], [15.3200607, 47.37333]], [[15.3175069, 47.3732722], [15.3177995, 47.3732682]], [[15.3168521, 47.3733429], [15.3175069, 47.3732722]], [[15.3162668, 47.3734146], [15.3168521, 47.3733429]], [[15.3148733, 47.3736478], [15.3162668, 47.3734146]], [[15.3141346, 47.3737793], [15.3148733, 47.3736478]], [[15.312594, 47.3741048], [15.3141346, 47.3737793]], [[15.3124189, 47.3741454], [15.312594, 47.3741048]], [[15.3121676, 47.3742003], [15.3124189, 47.3741454]], [[15.3118007, 47.37426], [15.3121676, 47.3742003]], [[15.3116338, 47.3743041], [15.3118007, 47.37426]], [[15.3114992, 47.3743528], [15.3116338, 47.3743041]], [[15.3112425, 47.3744609], [15.3114992, 47.3743528]], [[15.3101544, 47.3748678], [15.3112425, 47.3744609]], [[15.3099046, 47.3749642], [15.3101544, 47.3748678]], [[15.3097568, 47.3750269], [15.3099046, 47.3749642]], [[15.309548, 47.3751485], [15.3097568, 47.3750269]], [[15.3093551, 47.3752904], [15.309548, 47.3751485]], [[15.3091851, 47.3754243], [15.3093551, 47.3752904]], [[15.3090307, 47.3755799], [15.3091851, 47.3754243]], [[15.3089092, 47.3757527], [15.3090307, 47.3755799]], [[15.3088276, 47.3759199], [15.3089092, 47.3757527]], [[15.3087819, 47.3760874], [15.3088276, 47.3759199]], [[15.3087264, 47.3764048], [15.3087819, 47.3760874]], [[15.3087218, 47.3765555], [15.3087264, 47.3764048]], [[15.3087489, 47.3769995], [15.3087218, 47.3765555]], [[15.3086937, 47.3779053], [15.3087489, 47.3769995]], [[15.3086936, 47.3781951], [15.3086937, 47.3779053]], [[15.3087087, 47.3783709], [15.3086936, 47.3781951]], [[15.3088055, 47.3791559], [15.3087087, 47.3783709]], [[15.3088206, 47.3794241], [15.3088055, 47.3791559]], [[15.3088113, 47.3796616], [15.3088206, 47.3794241]], [[15.3088122, 47.3797559], [15.3088113, 47.3796616]], [[15.3088379, 47.3798676], [15.3088122, 47.3797559]], [[15.308924, 47.3800371], [15.3088379, 47.3798676]], [[15.3090413, 47.3802573], [15.308924, 47.3800371]], [[15.3093761, 47.38085], [15.3090413, 47.3802573]], [[15.30976, 47.3816263], [15.3093761, 47.38085]], [[15.3098043, 47.3817199], [15.30976, 47.3816263]], [[15.3098121, 47.3817685], [15.3098043, 47.3817199]], [[15.3098003, 47.3817989], [15.3098121, 47.3817685]], [[15.3097862, 47.3818235], [15.3098003, 47.3817989]], [[15.3097627, 47.3818425], [15.3097862, 47.3818235]], [[15.3097258, 47.3818584], [15.3097627, 47.3818425]], [[15.3097024, 47.3818643], [15.3097258, 47.3818584]], [[15.3096706, 47.3818726], [15.3097024, 47.3818643]], [[15.3096203, 47.3818842], [15.3096706, 47.3818726]], [[15.3095931, 47.381892], [15.3096203, 47.3818842]], [[15.3095354, 47.3819088], [15.3095931, 47.381892]], [[15.3094992, 47.3819193], [15.3095354, 47.3819088]], [[15.3094724, 47.3819315], [15.3094992, 47.3819193]], [[15.3094355, 47.3819656], [15.3094724, 47.3819315]], [[15.3094207, 47.3820001], [15.3094355, 47.3819656]], [[15.3094154, 47.3820382], [15.3094207, 47.3820001]], [[15.3094328, 47.3820981], [15.3094154, 47.3820382]], [[15.309473, 47.3821762], [15.3094328, 47.3820981]], [[15.3095592, 47.3823182], [15.309473, 47.3821762]], [[15.3099257, 47.3829862], [15.3095592, 47.3823182]], [[15.3104809, 47.3840732], [15.3099257, 47.3829862]], [[15.3107692, 47.3845989], [15.3104809, 47.3840732]], [[15.310792, 47.384638], [15.3107692, 47.3845989]], [[15.3108885, 47.3848056], [15.310792, 47.384638]], [[15.3111327, 47.3852826], [15.3108885, 47.3848056]], [[15.311592, 47.3861315], [15.3111327, 47.3852826]], [[15.3123175, 47.3875708], [15.311592, 47.3861315]], [[15.312385, 47.3877168], [15.3123175, 47.3875708]], [[15.3124427, 47.3878753], [15.312385, 47.3877168]], [[15.3125053, 47.3880874], [15.3124427, 47.3878753]], [[15.3125415, 47.3883417], [15.3125053, 47.3880874]], [[15.3125468, 47.3885033], [15.3125415, 47.3883417]], [[15.3125346, 47.3890519], [15.3125468, 47.3885033]], [[15.3125475, 47.3894939], [15.3125346, 47.3890519]], [[15.3125341, 47.3897326], [15.3125475, 47.3894939]], [[15.3124778, 47.3900359], [15.3125341, 47.3897326]], [[15.312305, 47.3908175], [15.3124778, 47.3900359]], [[15.3122392, 47.3910298], [15.312305, 47.3908175]], [[15.3121628, 47.3912268], [15.3122392, 47.3910298]], [[15.3120734, 47.3914254], [15.3121628, 47.3912268]], [[15.3119644, 47.3916213], [15.3120734, 47.3914254]], [[15.3118032, 47.3918556], [15.3119644, 47.3916213]], [[15.311702, 47.3919852], [15.3118032, 47.3918556]], [[15.311541, 47.3921722], [15.311702, 47.3919852]], [[15.3113707, 47.3923783], [15.311541, 47.3921722]], [[15.3111816, 47.3925508], [15.3113707, 47.3923783]], [[15.3109885, 47.3926861], [15.3111816, 47.3925508]], [[15.3107873, 47.3928604], [15.3109885, 47.3926861]], [[15.3107032, 47.392942], [15.3107873, 47.3928604]], [[15.3105768, 47.3930465], [15.3107032, 47.392942]], [[15.310389, 47.3931691], [15.3105768, 47.3930465]], [[15.3102623, 47.3932526], [15.310389, 47.3931691]], [[15.3100182, 47.3933616], [15.3102623, 47.3932526]], [[15.3098358, 47.3934578], [15.3100182, 47.3933616]], [[15.3093503, 47.3936575], [15.3098358, 47.3934578]], [[15.3088405, 47.393823], [15.3093503, 47.3936575]], [[15.3087963, 47.3938357], [15.3088405, 47.393823]], [[15.3083425, 47.3939463], [15.3087963, 47.3938357]], [[15.3079571, 47.3940313], [15.3083425, 47.3939463]], [[15.3065929, 47.3942157], [15.3079571, 47.3940313]], [[15.306126, 47.3942846], [15.3065929, 47.3942157]], [[15.3056989, 47.3943524], [15.306126, 47.3942846]], [[15.3054368, 47.3943896], [15.3056989, 47.3943524]], [[15.305234, 47.3944054], [15.3054368, 47.3943896]], [[15.3050261, 47.3944117], [15.305234, 47.3944054]], [[15.3045795, 47.3944046], [15.3050261, 47.3944117]], [[15.3043835, 47.3943947], [15.3045795, 47.3944046]], [[15.3042819, 47.3943847], [15.3043835, 47.3943947]], [[15.3041694, 47.3943736], [15.3042819, 47.3943847]], [[15.3039759, 47.3943566], [15.3041694, 47.3943736]], [[15.3038042, 47.394333], [15.3039759, 47.3943566]], [[15.3035816, 47.3942949], [15.3038042, 47.394333]], [[15.3034743, 47.3942676], [15.3035816, 47.3942949]], [[15.3034032, 47.394254], [15.3034743, 47.3942676]], [[15.3032853, 47.3942465], [15.3034032, 47.394254]], [[15.3032853, 47.3942465], [15.3031439, 47.3942151]], [[15.3031439, 47.3942151], [15.3024343, 47.3940588]], [[15.3024343, 47.3940588], [15.302042, 47.3939689]], [[15.302042, 47.3939689], [15.3017356, 47.393895]], [[15.3017356, 47.393895], [15.3016071, 47.3938618]], [[15.3016071, 47.3938618], [15.3015635, 47.3938491]], [[15.3015635, 47.3938491], [15.3014314, 47.3938246]], [[15.3014314, 47.3938246], [15.3011884, 47.3937837]], [[15.3011884, 47.3937837], [15.2970693, 47.3929028]], [[15.2970693, 47.3929028], [15.295905, 47.3926377]], [[15.295905, 47.3926377], [15.2953798, 47.3925259]], [[15.2953798, 47.3925259], [15.2950144, 47.3924621]], [[15.2950144, 47.3924621], [15.2947013, 47.3924156]], [[15.2947013, 47.3924156], [15.2943818, 47.3923854]], [[15.2943818, 47.3923854], [15.2940049, 47.3923609]], [[15.2940049, 47.3923609], [15.2937172, 47.3923576]], [[15.2937172, 47.3923576], [15.2934165, 47.3923648]], [[15.2934165, 47.3923648], [15.2931043, 47.3923893]], [[15.2931043, 47.3923893], [15.2928043, 47.3924391]], [[15.2928043, 47.3924391], [15.2919853, 47.3926345]], [[15.2919853, 47.3926345], [15.2915056, 47.3927365]], [[15.2915056, 47.3927365], [15.2914017, 47.3927433]], [[15.2914017, 47.3927433], [15.29131, 47.392745]], [[15.29131, 47.392745], [15.2910483, 47.392731]], [[15.2910483, 47.392731], [15.2909919, 47.3927365]], [[15.2909919, 47.3927365], [15.290917, 47.392764]], [[15.290917, 47.392764], [15.2907524, 47.392842]], [[15.2906218, 47.3929097], [15.2907524, 47.392842]], [[15.2904706, 47.3930298], [15.2906218, 47.3929097]], [[15.2898838, 47.39354], [15.2904706, 47.3930298]], [[15.2896107, 47.3937904], [15.2898838, 47.39354]], [[15.2894326, 47.3939722], [15.2896107, 47.3937904]], [[15.2892394, 47.394178], [15.2894326, 47.3939722]], [[15.288932, 47.3945115], [15.2892394, 47.394178]], [[15.2887001, 47.3947744], [15.288932, 47.3945115]], [[15.2884492, 47.3950622], [15.2887001, 47.3947744]], [[15.2882852, 47.395277], [15.2884492, 47.3950622]], [[15.2881748, 47.3954366], [15.2882852, 47.395277]], [[15.2880579, 47.3956102], [15.2881748, 47.3954366]], [[15.2879407, 47.3958], [15.2880579, 47.3956102]], [[15.2878671, 47.3959453], [15.2879407, 47.3958]], [[15.2878141, 47.3960832], [15.2878671, 47.3959453]], [[15.2877951, 47.3961732], [15.2878141, 47.3960832]], [[15.2877844, 47.3962381], [15.2877951, 47.3961732]], [[15.2877525, 47.3964833], [15.2877844, 47.3962381]], [[15.2877225, 47.3966457], [15.2877525, 47.3964833]], [[15.2876733, 47.3967902], [15.2877225, 47.3966457]], [[15.2874896, 47.3972288], [15.2876733, 47.3967902]], [[15.2874621, 47.3973277], [15.2874896, 47.3972288]], [[15.2874479, 47.3974193], [15.2874621, 47.3973277]], [[15.2874461, 47.3975598], [15.2874479, 47.3974193]], [[15.287455, 47.3976961], [15.2874461, 47.3975598]], [[15.2874664, 47.3978061], [15.287455, 47.3976961]], [[15.2874771, 47.3978977], [15.2874664, 47.3978061]], [[15.287493, 47.3979847], [15.2874771, 47.3978977]], [[15.2875125, 47.3980641], [15.287493, 47.3979847]], [[15.2876291, 47.3984594], [15.2875125, 47.3980641]], [[15.2876494, 47.3985337], [15.2876291, 47.3984594]], [[15.2876656, 47.3986638], [15.2876494, 47.3985337]], [[15.2877285, 47.3995988], [15.2876656, 47.3986638]], [[15.287735, 47.3997686], [15.2877285, 47.3995988]], [[15.2877171, 47.3999132], [15.287735, 47.3997686]], [[15.2876838, 47.4000255], [15.2877171, 47.3999132]], [[15.2876501, 47.4001737], [15.2876838, 47.4000255]], [[15.2875744, 47.4004162], [15.2876501, 47.4001737]], [[15.287548, 47.4005228], [15.2875744, 47.4004162]], [[15.2875351, 47.400602], [15.287548, 47.4005228]], [[15.2874766, 47.4009709], [15.2875351, 47.400602]], [[15.2874508, 47.4011221], [15.2874766, 47.4009709]], [[15.2874161, 47.4014797], [15.2874508, 47.4011221]], [[15.287409, 47.4016015], [15.2874161, 47.4014797]], [[15.2874174, 47.4016919], [15.287409, 47.4016015]], [[15.2874318, 47.4017534], [15.2874174, 47.4016919]], [[15.2874711, 47.4018621], [15.2874318, 47.4017534]], [[15.2875425, 47.4020321], [15.2874711, 47.4018621]], [[15.2875837, 47.4021192], [15.2875425, 47.4020321]], [[15.2876074, 47.4021639], [15.2875837, 47.4021192]], [[15.2876733, 47.4022881], [15.2876074, 47.4021639]], [[15.2878254, 47.4026198], [15.2876733, 47.4022881]], [[15.2878863, 47.4027388], [15.2878254, 47.4026198]], [[15.2879472, 47.4028261], [15.2878863, 47.4027388]], [[15.2879958, 47.4028868], [15.2879472, 47.4028261]], [[15.2880975, 47.4029939], [15.2879958, 47.4028868]], [[15.2882252, 47.4031599], [15.2880975, 47.4029939]], [[15.288429, 47.4034565], [15.2882252, 47.4031599]], [[15.2884909, 47.403556], [15.288429, 47.4034565]], [[15.2885401, 47.4036735], [15.2884909, 47.403556]], [[15.2885746, 47.4037836], [15.2885401, 47.4036735]], [[15.2886176, 47.4038719], [15.2885746, 47.4037836]], [[15.288692, 47.4039781], [15.2886176, 47.4038719]], [[15.2889261, 47.4042164], [15.288692, 47.4039781]], [[15.2889399, 47.404241], [15.2889261, 47.4042164]], [[15.2889533, 47.4042792], [15.2889399, 47.404241]], [[15.2889651, 47.4043306], [15.2889533, 47.4042792]], [[15.2889731, 47.4044176], [15.2889651, 47.4043306]], [[15.288965, 47.4045684], [15.2889731, 47.4044176]], [[15.2889521, 47.4047313], [15.288965, 47.4045684]], [[15.2888935, 47.4051424], [15.2889521, 47.4047313]], [[15.2888718, 47.4053148], [15.2888935, 47.4051424]], [[15.2888209, 47.4055239], [15.2888718, 47.4053148]], [[15.288771, 47.4056775], [15.2888209, 47.4055239]], [[15.2887002, 47.4058363], [15.288771, 47.4056775]], [[15.2886418, 47.4059813], [15.2887002, 47.4058363]], [[15.2886128, 47.4060803], [15.2886418, 47.4059813]], [[15.2885909, 47.4061792], [15.2886128, 47.4060803]], [[15.2885713, 47.4062745], [15.2885909, 47.4061792]], [[15.2885526, 47.4063911], [15.2885713, 47.4062745]], [[15.2885298, 47.4065343], [15.2885526, 47.4063911]], [[15.2885205, 47.4065695], [15.2885298, 47.4065343]], [[15.288513, 47.4066072], [15.2885205, 47.4065695]], [[15.2884805, 47.4067073], [15.288513, 47.4066072]], [[15.2884091, 47.4068652], [15.2884805, 47.4067073]], [[15.2883258, 47.4070378], [15.2884091, 47.4068652]], [[15.2882809, 47.4071296], [15.2883258, 47.4070378]], [[15.2882364, 47.407192], [15.2882809, 47.4071296]], [[15.2881958, 47.4072675], [15.2882364, 47.407192]], [[15.2881399, 47.4073714], [15.2881958, 47.4072675]], [[15.2879191, 47.407732], [15.2881399, 47.4073714]], [[15.2877885, 47.4079265], [15.2879191, 47.407732]], [[15.2876887, 47.4080512], [15.2877885, 47.4079265]], [[15.2876351, 47.4081181], [15.2876887, 47.4080512]], [[15.2875684, 47.4081981], [15.2876351, 47.4081181]], [[15.2874666, 47.4083183], [15.2875684, 47.4081981]], [[15.2871882, 47.4086192], [15.2874666, 47.4083183]], [[15.2869088, 47.4089048], [15.2871882, 47.4086192]], [[15.2867219, 47.4090904], [15.2869088, 47.4089048]], [[15.2864723, 47.4093347], [15.2867219, 47.4090904]], [[15.2863524, 47.4094422], [15.2864723, 47.4093347]], [[15.2860776, 47.4096703], [15.2863524, 47.4094422]], [[15.2858371, 47.4098405], [15.2860776, 47.4096703]], [[15.2857108, 47.4099204], [15.2858371, 47.4098405]], [[15.2851289, 47.4101702], [15.2857108, 47.4099204]], [[15.2846406, 47.4103777], [15.2851289, 47.4101702]], [[15.2843603, 47.4105503], [15.2846406, 47.4103777]], [[15.284134, 47.4107686], [15.2843603, 47.4105503]], [[15.2839887, 47.4109578], [15.284134, 47.4107686]], [[15.2838557, 47.411118], [15.2839887, 47.4109578]], [[15.283805, 47.4111684], [15.2838557, 47.411118]], [[15.2837335, 47.4112312], [15.283805, 47.4111684]], [[15.2836078, 47.4112491], [15.2837335, 47.4112312]], [[15.2834935, 47.411249], [15.2836078, 47.4112491]], [[15.2833812, 47.411241], [15.2834935, 47.411249]], [[15.2832909, 47.4112243], [15.2833812, 47.411241]], [[15.2832292, 47.4112015], [15.2832909, 47.4112243]], [[15.2831588, 47.4111411], [15.2832292, 47.4112015]], [[15.2830076, 47.4110005], [15.2831588, 47.4111411]], [[15.2828812, 47.4109208], [15.2830076, 47.4110005]], [[15.2827408, 47.4108656], [15.2828812, 47.4109208]], [[15.2825426, 47.4108297], [15.2827408, 47.4108656]], [[15.282189, 47.4108285], [15.2825426, 47.4108297]], [[15.2815526, 47.410757], [15.282189, 47.4108285]], [[15.2814949, 47.410759], [15.2815526, 47.410757]], [[15.2814487, 47.4107663], [15.2814949, 47.410759]], [[15.2813843, 47.410784], [15.2814487, 47.4107663]], [[15.2813465, 47.4108042], [15.2813843, 47.410784]], [[15.2812804, 47.4108607], [15.2813465, 47.4108042]], [[15.2812462, 47.4109142], [15.2812804, 47.4108607]], [[15.2809659, 47.4115042], [15.2812462, 47.4109142]], [[15.2808308, 47.4117055], [15.2809659, 47.4115042]], [[15.2806856, 47.4118889], [15.2808308, 47.4117055]], [[15.2806443, 47.4119339], [15.2806856, 47.4118889]], [[15.2805037, 47.4120885], [15.2806443, 47.4119339]], [[15.2803234, 47.4122617], [15.2805037, 47.4120885]], [[15.2801908, 47.4123536], [15.2803234, 47.4122617]], [[15.2800709, 47.412421], [15.2801908, 47.4123536]], [[15.2800297, 47.4124409], [15.2800709, 47.412421]], [[15.2799718, 47.4124688], [15.2800297, 47.4124409]], [[15.279878, 47.4124954], [15.2799718, 47.4124688]], [[15.2797694, 47.4125096], [15.279878, 47.4124954]], [[15.279656, 47.4125133], [15.2797694, 47.4125096]], [[15.2795507, 47.4125014], [15.279656, 47.4125133]], [[15.2787704, 47.4123678], [15.2795507, 47.4125014]], [[15.2785837, 47.4123536], [15.2787704, 47.4123678]], [[15.2784609, 47.4123675], [15.2785837, 47.4123536]], [[15.2782581, 47.4124091], [15.2784609, 47.4123675]], [[15.2780791, 47.4124703], [15.2782581, 47.4124091]], [[15.277769, 47.4126301], [15.2780791, 47.4124703]], [[15.277763, 47.4126504], [15.277769, 47.4126301]], [[15.2777316, 47.4126689], [15.277763, 47.4126504]], [[15.2776312, 47.4126794], [15.2777316, 47.4126689]], [[15.2775427, 47.4126844], [15.2776312, 47.4126794]], [[15.2773737, 47.4126881], [15.2775427, 47.4126844]], [[15.277249, 47.4126912], [15.2773737, 47.4126881]], [[15.2771967, 47.4127008], [15.277249, 47.4126912]], [[15.2771531, 47.4127194], [15.2771967, 47.4127008]], [[15.2771162, 47.4127658], [15.2771531, 47.4127194]], [[15.2770814, 47.4128243], [15.2771162, 47.4127658]], [[15.2770592, 47.4128606], [15.2770814, 47.4128243]], [[15.2770471, 47.4128862], [15.2770592, 47.4128606]], [[15.2769886, 47.41321], [15.2770471, 47.4128862]], [[15.2769617, 47.4133572], [15.2769886, 47.41321]], [[15.2769617, 47.4134971], [15.2769617, 47.4133572]], [[15.2769731, 47.4137129], [15.2769617, 47.4134971]], [[15.276951, 47.4138811], [15.2769731, 47.4137129]], [[15.2769436, 47.4139434], [15.276951, 47.4138811]], [[15.2769493, 47.4140027], [15.2769436, 47.4139434]], [[15.2769694, 47.4140288], [15.2769493, 47.4140027]], [[15.2770528, 47.4140865], [15.2769694, 47.4140288]], [[15.2771962, 47.4141876], [15.2770528, 47.4140865]], [[15.2772135, 47.4142075], [15.2771962, 47.4141876]], [[15.2772238, 47.4142274], [15.2772135, 47.4142075]], [[15.2772231, 47.4142514], [15.2772238, 47.4142274]], [[15.2772154, 47.4142753], [15.2772231, 47.4142514]], [[15.2771179, 47.4145137], [15.2772154, 47.4142753]], [[15.2771035, 47.4145463], [15.2771179, 47.4145137]], [[15.2770815, 47.4145554], [15.2771035, 47.4145463]], [[15.2770427, 47.4145564], [15.2770815, 47.4145554]], [[15.2768844, 47.4144986], [15.2770427, 47.4145564]], [[15.2768396, 47.4144909], [15.2768844, 47.4144986]], [[15.2767948, 47.4144864], [15.2768396, 47.4144909]], [[15.27674, 47.4145049], [15.2767948, 47.4144864]], [[15.276714, 47.4145429], [15.27674, 47.4145049]], [[15.2767299, 47.4146865], [15.276714, 47.4145429]], [[15.2767261, 47.4147024], [15.2767299, 47.4146865]], [[15.2767182, 47.4147141], [15.2767261, 47.4147024]], [[15.2765679, 47.4148055], [15.2767182, 47.4147141]], [[15.2764522, 47.4148621], [15.2765679, 47.4148055]], [[15.2763154, 47.4149713], [15.2764522, 47.4148621]], [[15.2763056, 47.4151231], [15.2763154, 47.4149713]], [[15.2763341, 47.4153119], [15.2763056, 47.4151231]], [[15.2763223, 47.4154474], [15.2763341, 47.4153119]], [[15.2761146, 47.4155751], [15.2763223, 47.4154474]], [[15.275513, 47.4157909], [15.2761146, 47.4155751]], [[15.274922, 47.415984], [15.275513, 47.4157909]], [[15.2745135, 47.4161228], [15.274922, 47.415984]], [[15.2743033, 47.4161875], [15.2745135, 47.4161228]], [[15.2743033, 47.4161875], [15.2745104, 47.4168085]], [[15.2745104, 47.4168085], [15.2745643, 47.4169407]], [[15.2745643, 47.4169407], [15.2746239, 47.4172382]], [[15.2746239, 47.4172382], [15.2746975, 47.4173189]], [[15.2746975, 47.4173189], [15.2746324, 47.4173403]], [[15.2746324, 47.4173403], [15.2745891, 47.4173545]], [[15.2745891, 47.4173545], [15.2746405, 47.4174968]], [[15.2746405, 47.4174968], [15.2746655, 47.4177862]], [[15.2746655, 47.4177862], [15.2746632, 47.4182829]], [[15.2746632, 47.4182829], [15.2746939, 47.4183896]], [[15.2746939, 47.4183896], [15.2746201, 47.4186379]], [[15.2746201, 47.4186379], [15.2745423, 47.419164]], [[15.2745423, 47.419164], [15.2744799, 47.4196797]], [[15.2744799, 47.4196797], [15.274385, 47.4202605]], [[15.274385, 47.4202605], [15.2742305, 47.4206098]], [[15.2742305, 47.4206098], [15.2740039, 47.4209564]], [[15.2740039, 47.4209564], [15.2738516, 47.4211895]], [[15.2738516, 47.4211895], [15.2738, 47.4212684]], [[15.2738, 47.4212684], [15.2737414, 47.4214563]], [[15.2737414, 47.4214563], [15.2735803, 47.421679]], [[15.2735803, 47.421679], [15.2735129, 47.4217721]], [[15.2735129, 47.4217721], [15.2734311, 47.4218441]], [[15.2734311, 47.4218441], [15.2731922, 47.4221892]], [[15.2731922, 47.4221892], [15.2731145, 47.4223259]], [[15.2731145, 47.4223259], [15.2729374, 47.4226374]], [[15.2729374, 47.4226374], [15.2727711, 47.4229605]], [[15.2727711, 47.4229605], [15.2726595, 47.4231524]], [[15.2726595, 47.4231524], [15.2724788, 47.4234631]], [[15.2724788, 47.4234631], [15.2723825, 47.4236309]], [[15.2723825, 47.4236309], [15.2720625, 47.4241881]], [[15.2720625, 47.4241881], [15.2717358, 47.4246808]], [[15.2717358, 47.4246808], [15.2716661, 47.4247917]], [[15.2716661, 47.4247917], [15.2716745, 47.4248207]], [[15.2716745, 47.4248207], [15.2716281, 47.4248791]], [[15.2716281, 47.4248791], [15.2715515, 47.4248899]], [[15.2715515, 47.4248899], [15.2714572, 47.4249926]], [[15.2712655, 47.4252333], [15.2714572, 47.4249926]], [[15.2710741, 47.4254519], [15.2712655, 47.4252333]], [[15.2707329, 47.4258165], [15.2710741, 47.4254519]], [[15.2705539, 47.4259954], [15.2707329, 47.4258165]], [[15.2699614, 47.4265979], [15.2705539, 47.4259954]], [[15.2695003, 47.4270688], [15.2699614, 47.4265979]], [[15.2692821, 47.4273533], [15.2695003, 47.4270688]], [[15.2689644, 47.427759], [15.2692821, 47.4273533]], [[15.268934, 47.4278025], [15.2689644, 47.427759]], [[15.26875, 47.4280544], [15.268934, 47.4278025]], [[15.2685116, 47.4284462], [15.26875, 47.4280544]], [[15.268459, 47.4285359], [15.2685116, 47.4284462]], [[15.2682591, 47.4291621], [15.268459, 47.4285359]], [[15.2682328, 47.4293032], [15.2682591, 47.4291621]], [[15.2682468, 47.4295701], [15.2682328, 47.4293032]], [[15.2682354, 47.429762], [15.2682468, 47.4295701]], [[15.2682318, 47.4298239], [15.2682354, 47.429762]], [[15.2682981, 47.4302567], [15.2682318, 47.4298239]], [[15.2684681, 47.4306953], [15.2682981, 47.4302567]], [[15.2686641, 47.431017], [15.2684681, 47.4306953]], [[15.2687605, 47.4311508], [15.2686641, 47.431017]], [[15.2689984, 47.431481], [15.2687605, 47.4311508]], [[15.2694302, 47.4319445], [15.2689984, 47.431481]], [[15.2697492, 47.4321968], [15.2694302, 47.4319445]], [[15.2699772, 47.432356], [15.2697492, 47.4321968]], [[15.2708008, 47.4328662], [15.2699772, 47.432356]], [[15.2709993, 47.432975], [15.2708008, 47.4328662]], [[15.2711434, 47.4330409], [15.2709993, 47.432975]], [[15.27172, 47.4333049], [15.2711434, 47.4330409]], [[15.2721906, 47.4335203], [15.27172, 47.4333049]], [[15.2733946, 47.4340077], [15.2721906, 47.4335203]], [[15.2741408, 47.4343234], [15.2733946, 47.4340077]], [[15.2745633, 47.434455], [15.2741408, 47.4343234]], [[15.2747715, 47.4345624], [15.2745633, 47.434455]], [[15.274928, 47.4346495], [15.2747715, 47.4345624]], [[15.2763976, 47.4352486], [15.274928, 47.4346495]], [[15.2768022, 47.4353688], [15.2763976, 47.4352486]], [[15.2776255, 47.4357329], [15.2768022, 47.4353688]], [[15.2781104, 47.4359602], [15.2776255, 47.4357329]], [[15.2794737, 47.4365517], [15.2781104, 47.4359602]], [[15.2805172, 47.4369611], [15.2794737, 47.4365517]], [[15.2808702, 47.4370994], [15.2805172, 47.4369611]], [[15.281505, 47.4372711], [15.2808702, 47.4370994]], [[15.2821893, 47.4373811], [15.281505, 47.4372711]], [[15.2826909, 47.4374041], [15.2821893, 47.4373811]], [[15.2833304, 47.4374031], [15.2826909, 47.4374041]], [[15.2842361, 47.4373926], [15.2833304, 47.4374031]], [[15.2846634, 47.43738], [15.2842361, 47.4373926]], [[15.2855304, 47.4373926], [15.2846634, 47.43738]], [[15.2863138, 47.4374188], [15.2855304, 47.4373926]], [[15.2865831, 47.4374373], [15.2863138, 47.4374188]], [[15.2868447, 47.4374845], [15.2865831, 47.4374373]], [[15.2868447, 47.4374845], [15.2868817, 47.437492]], [[15.2868817, 47.437492], [15.287491, 47.4376154]], [[15.287491, 47.4376154], [15.2878173, 47.4376637]], [[15.2878173, 47.4376637], [15.2879687, 47.437702]], [[15.2879687, 47.437702], [15.2880089, 47.4377448]], [[15.2880089, 47.4377448], [15.2880274, 47.4378018]], [[15.2880274, 47.4378018], [15.2880134, 47.4378595]], [[15.2880134, 47.4378595], [15.2879851, 47.4379328]], [[15.2879851, 47.4379328], [15.2879103, 47.4380197]], [[15.2879103, 47.4380197], [15.2877916, 47.4381352]], [[15.2877916, 47.4381352], [15.2877358, 47.4382269]], [[15.2877358, 47.4382269], [15.2877283, 47.4382827]], [[15.2877283, 47.4382827], [15.2877519, 47.4383349]], [[15.2877519, 47.4383349], [15.2877915, 47.4383701]], [[15.2878909, 47.4383988], [15.2877915, 47.4383701]], [[15.2882822, 47.4384959], [15.2878909, 47.4383988]], [[15.2882822, 47.4384959], [15.2883602, 47.4385069]], [[15.2883602, 47.4385069], [15.2883954, 47.438508]], [[15.2883954, 47.438508], [15.2885162, 47.4385246]], [[15.2885162, 47.4385246], [15.2887536, 47.4385722]], [[15.2887536, 47.4385722], [15.2889993, 47.4386113]], [[15.2889993, 47.4386113], [15.2898057, 47.4387348]], [[15.2898057, 47.4387348], [15.2899338, 47.4387639]], [[15.2899338, 47.4387639], [15.2899696, 47.4387933]], [[15.2899696, 47.4387933], [15.2899727, 47.4388288]], [[15.2899727, 47.4388288], [15.2899291, 47.4389717]], [[15.2899291, 47.4389717], [15.2898156, 47.4391761]], [[15.2898156, 47.4391761], [15.2897704, 47.4392574]], [[15.2897704, 47.4392574], [15.2897092, 47.4393715]], [[15.2897092, 47.4393715], [15.2896165, 47.4395443]], [[15.2896165, 47.4395443], [15.2894886, 47.4397828]], [[15.2894886, 47.4397828], [15.2894109, 47.4399466]], [[15.2894109, 47.4399466], [15.2893728, 47.4400878]], [[15.2893728, 47.4400878], [15.2893694, 47.440175]], [[15.2893694, 47.440175], [15.2893806, 47.440251]], [[15.2893806, 47.440251], [15.2894068, 47.4403318]], [[15.2894068, 47.4403318], [15.2896016, 47.4406541]], [[15.2896016, 47.4406541], [15.2897085, 47.4408331]], [[15.2897085, 47.4408331], [15.2897964, 47.4409262]], [[15.2897964, 47.4409262], [15.2899717, 47.4411172]], [[15.2899717, 47.4411172], [15.2900828, 47.4412528]], [[15.2900828, 47.4412528], [15.2901357, 47.4413318]], [[15.2901357, 47.4413318], [15.2901707, 47.4413934]], [[15.2901707, 47.4413934], [15.2901844, 47.4415235]], [[15.2901844, 47.4415235], [15.2901563, 47.4416234]], [[15.2901563, 47.4416234], [15.2900668, 47.441941]], [[15.2900668, 47.441941], [15.2899883, 47.4422755]], [[15.2899883, 47.4422755], [15.2898998, 47.4427354]], [[15.2898998, 47.4427354], [15.2899003, 47.4427867]], [[15.2899003, 47.4427867], [15.2899111, 47.4428378]], [[15.2899111, 47.4428378], [15.289993, 47.4431467]], [[15.289993, 47.4431467], [15.2900364, 47.4432386]], [[15.2900364, 47.4432386], [15.29007, 47.4433096]], [[15.29007, 47.4433096], [15.2901286, 47.4434241]], [[15.2901286, 47.4434241], [15.2901303, 47.443456]], [[15.2902683, 47.4434665], [15.2901303, 47.443456]], [[15.2902683, 47.4434665], [15.2903193, 47.4434871]], [[15.2903193, 47.4434871], [15.2906145, 47.4435747]], [[15.2906145, 47.4435747], [15.2909572, 47.443676]], [[15.2908834, 47.4437154], [15.2909572, 47.443676]], [[15.2909928, 47.4438025], [15.2908834, 47.4437154]], [[15.2915916, 47.444009], [15.2909928, 47.4438025]], [[15.2916964, 47.4440669], [15.2915916, 47.444009]], [[15.2917849, 47.4441315], [15.2916964, 47.4440669]], [[15.2918074, 47.4441447], [15.2917849, 47.4441315]], [[15.2919195, 47.4441826], [15.2918074, 47.4441447]], [[15.2919637, 47.4441906], [15.2919195, 47.4441826]], [[15.2920457, 47.4442184], [15.2919637, 47.4441906]], [[15.2922701, 47.4442986], [15.2920457, 47.4442184]], [[15.2923792, 47.4443352], [15.2922701, 47.4442986]], [[15.29241, 47.4443452], [15.2923792, 47.4443352]], [[15.2924874, 47.4443701], [15.29241, 47.4443452]], [[15.2925139, 47.4443817], [15.2924874, 47.4443701]], [[15.2925747, 47.4444112], [15.2925139, 47.4443817]], [[15.2926873, 47.4444515], [15.2925747, 47.4444112]], [[15.2927129, 47.4444606], [15.2926873, 47.4444515]], [[15.2927343, 47.4444731], [15.2927129, 47.4444606]], [[15.2928623, 47.4444971], [15.2927343, 47.4444731]], [[15.2929283, 47.4445118], [15.2928623, 47.4444971]], [[15.2930661, 47.4445583], [15.2929283, 47.4445118]], [[15.2932964, 47.4446469], [15.2930661, 47.4445583]], [[15.2935816, 47.444753], [15.2932964, 47.4446469]], [[15.2939266, 47.4448656], [15.2935816, 47.444753]], [[15.2941695, 47.4449026], [15.2939266, 47.4448656]], [[15.2942165, 47.4449313], [15.2941695, 47.4449026]], [[15.2942387, 47.4449574], [15.2942165, 47.4449313]], [[15.2943171, 47.4449694], [15.2942387, 47.4449574]], [[15.2944078, 47.4449823], [15.2943171, 47.4449694]], [[15.2944328, 47.4449542], [15.2944078, 47.4449823]], [[15.2944879, 47.4449456], [15.2944328, 47.4449542]], [[15.2946592, 47.4449531], [15.2944879, 47.4449456]], [[15.2949218, 47.444969], [15.2946592, 47.4449531]], [[15.2951372, 47.4449839], [15.2949218, 47.444969]], [[15.2953824, 47.4450105], [15.2951372, 47.4449839]], [[15.2955931, 47.4450424], [15.2953824, 47.4450105]], [[15.2958446, 47.4450966], [15.2955931, 47.4450424]], [[15.2959799, 47.445136], [15.2958446, 47.4450966]], [[15.2960663, 47.4451629], [15.2959799, 47.445136]], [[15.2962361, 47.4452157], [15.2960663, 47.4451629]], [[15.2963556, 47.4452763], [15.2962361, 47.4452157]], [[15.2964845, 47.445338], [15.2963556, 47.4452763]], [[15.2965741, 47.4453837], [15.2964845, 47.445338]], [[15.2966686, 47.4454229], [15.2965741, 47.4453837]], [[15.2968148, 47.4454835], [15.2966686, 47.4454229]], [[15.2969294, 47.4455294], [15.2968148, 47.4454835]], [[15.2971228, 47.4456027], [15.2969294, 47.4455294]], [[15.2974671, 47.4456974], [15.2971228, 47.4456027]], [[15.297725, 47.445741], [15.2974671, 47.4456974]], [[15.2979294, 47.4457686], [15.297725, 47.445741]], [[15.2981507, 47.4457886], [15.2979294, 47.4457686]], [[15.2982129, 47.4457927], [15.2981507, 47.4457886]], [[15.2982689, 47.4457973], [15.2982129, 47.4457927]], [[15.298585, 47.4458239], [15.2982689, 47.4457973]], [[15.2986761, 47.4458292], [15.298585, 47.4458239]], [[15.2989827, 47.4458537], [15.2986761, 47.4458292]], [[15.2991761, 47.4458781], [15.2989827, 47.4458537]], [[15.2994732, 47.4459249], [15.2991761, 47.4458781]], [[15.2996996, 47.4459759], [15.2994732, 47.4459249]], [[15.299849, 47.4460142], [15.2996996, 47.4459759]], [[15.2998736, 47.4460449], [15.299849, 47.4460142]], [[15.2999397, 47.4460884], [15.2998736, 47.4460449]], [[15.2999896, 47.4461178], [15.2999397, 47.4460884]], [[15.3000542, 47.4461288], [15.2999896, 47.4461178]], [[15.3004983, 47.4462556], [15.3000542, 47.4461288]], [[15.3009678, 47.4464256], [15.3004983, 47.4462556]], [[15.3014212, 47.4465841], [15.3009678, 47.4464256]], [[15.3016727, 47.4466681], [15.3014212, 47.4465841]], [[15.3017331, 47.4466836], [15.3016727, 47.4466681]], [[15.3018048, 47.4467021], [15.3017331, 47.4466836]], [[15.3024588, 47.4469211], [15.3018048, 47.4467021]], [[15.3026205, 47.446982], [15.3024588, 47.4469211]], [[15.3026205, 47.446982], [15.3029651, 47.4470961]], [[15.3029651, 47.4470961], [15.3035075, 47.4472998]], [[15.3035075, 47.4472998], [15.303884, 47.4474318]], [[15.303884, 47.4474318], [15.3047049, 47.4477259]], [[15.3047049, 47.4477259], [15.3048816, 47.4478057]], [[15.3048816, 47.4478057], [15.305016, 47.4478996]], [[15.305016, 47.4478996], [15.3052654, 47.4480219]], [[15.3052654, 47.4480219], [15.3055212, 47.4481308]], [[15.3055212, 47.4481308], [15.3056283, 47.4481959]], [[15.3056283, 47.4481959], [15.3057899, 47.4482848]], [[15.3057899, 47.4482848], [15.3059002, 47.4483455]], [[15.3059002, 47.4483455], [15.306594, 47.4486911]], [[15.3067988, 47.4488225], [15.306594, 47.4486911]], [[15.3069451, 47.4489384], [15.3067988, 47.4488225]], [[15.3069769, 47.4489183], [15.3069451, 47.4489384]], [[15.307012, 47.448896], [15.3069769, 47.4489183]], [[15.3105202, 47.4508083], [15.307012, 47.448896]], [[15.3109243, 47.4510282], [15.3105202, 47.4508083]], [[15.3113812, 47.4512813], [15.3109243, 47.4510282]], [[15.3117223, 47.4514557], [15.3113812, 47.4512813]], [[15.3118487, 47.4515379], [15.3117223, 47.4514557]], [[15.3119161, 47.4515817], [15.3118487, 47.4515379]], [[15.312186, 47.4517397], [15.3119161, 47.4515817]], [[15.3125064, 47.4518964], [15.312186, 47.4517397]], [[15.3132013, 47.4523819], [15.3125064, 47.4518964]], [[15.3138691, 47.4529432], [15.3132013, 47.4523819]], [[15.314537, 47.4535148], [15.3138691, 47.4529432]], [[15.3149732, 47.4537968], [15.314537, 47.4535148]], [[15.3151871, 47.4539119], [15.3149732, 47.4537968]], [[15.3152703, 47.4538528], [15.3151871, 47.4539119]], [[15.3153274, 47.4538033], [15.3152703, 47.4538528]], [[15.3154439, 47.4538612], [15.3153274, 47.4538033]], [[15.3155794, 47.4539457], [15.3154439, 47.4538612]], [[15.3162697, 47.4542564], [15.3155794, 47.4539457]], [[15.3165726, 47.4543824], [15.3162697, 47.4542564]], [[15.3168076, 47.4544526], [15.3165726, 47.4543824]], [[15.317304, 47.4546485], [15.3168076, 47.4544526]], [[15.3178552, 47.4548649], [15.317304, 47.4546485]], [[15.3184995, 47.4551184], [15.3178552, 47.4548649]], [[15.318803, 47.4552876], [15.3184995, 47.4551184]], [[15.3191263, 47.4554276], [15.318803, 47.4552876]], [[15.3192067, 47.4554792], [15.3191263, 47.4554276]], [[15.3193126, 47.4555493], [15.3192067, 47.4554792]], [[15.3194664, 47.4556316], [15.3193126, 47.4555493]], [[15.3195328, 47.4556639], [15.3194664, 47.4556316]], [[15.3195974, 47.455666], [15.3195328, 47.4556639]], [[15.3195974, 47.455666], [15.3196637, 47.4556565]], [[15.3196637, 47.4556565], [15.3197008, 47.4556576]], [[15.3197008, 47.4556576], [15.3197393, 47.455661]], [[15.3197393, 47.455661], [15.3197424, 47.4556745]], [[15.3197424, 47.4556745], [15.3197525, 47.4556832]], [[15.3197525, 47.4556832], [15.3197752, 47.4556887]], [[15.3197752, 47.4556887], [15.3199087, 47.4557134]], [[15.3199087, 47.4557134], [15.319972, 47.4557289]], [[15.319972, 47.4557289], [15.3200125, 47.4557526]], [[15.3200125, 47.4557526], [15.3201046, 47.4558149]], [[15.3201046, 47.4558149], [15.3201123, 47.4558366]], [[15.3201123, 47.4558366], [15.3201131, 47.4558593]], [[15.3201131, 47.4558593], [15.3201004, 47.4559638]], [[15.3201004, 47.4559638], [15.3200972, 47.4560017]], [[15.3200972, 47.4560017], [15.3201141, 47.4560275]], [[15.3201141, 47.4560275], [15.3201947, 47.4561118]], [[15.3201947, 47.4561118], [15.3202435, 47.4561628]], [[15.3202435, 47.4561628], [15.3202865, 47.4561933]], [[15.3202865, 47.4561933], [15.3204251, 47.4562936]], [[15.3204251, 47.4562936], [15.3205273, 47.4563706]], [[15.3205273, 47.4563706], [15.320673, 47.456511]], [[15.320673, 47.456511], [15.3206922, 47.4565314]], [[15.3206922, 47.4565314], [15.3207146, 47.4565477]], [[15.3207146, 47.4565477], [15.3207668, 47.4565957]], [[15.3207272, 47.4566161], [15.3207668, 47.4565957]], [[15.3207272, 47.4566161], [15.32074, 47.4566649]], [[15.32074, 47.4566649], [15.3207635, 47.4567062]], [[15.3207635, 47.4567062], [15.3211037, 47.4571213]], [[15.3211037, 47.4571213], [15.3212429, 47.4573399]], [[15.3212429, 47.4573399], [15.3215691, 47.4578518]], [[15.3215691, 47.4578518], [15.3218574, 47.4583957]], [[15.3218574, 47.4583957], [15.3223363, 47.4591687]], [[15.3224081, 47.4591736], [15.3223363, 47.4591687]], [[15.3225432, 47.4591543], [15.3224081, 47.4591736]], [[15.3227466, 47.4591778], [15.3225432, 47.4591543]], [[15.3228558, 47.4592329], [15.3227466, 47.4591778]], [[15.322901, 47.4593416], [15.3228558, 47.4592329]], [[15.3229338, 47.4594568], [15.322901, 47.4593416]], [[15.3230614, 47.459578], [15.3229338, 47.4594568]], [[15.3233523, 47.4597775], [15.3230614, 47.459578]], [[15.3233523, 47.4597775], [15.323785, 47.4598152]], [[15.323785, 47.4598152], [15.3239429, 47.4598257]], [[15.3239429, 47.4598257], [15.3240168, 47.4598306]], [[15.3240168, 47.4598306], [15.3246102, 47.4598468]], [[15.3246102, 47.4598468], [15.3251301, 47.4598503]], [[15.3251301, 47.4598503], [15.325181, 47.4598506]], [[15.325181, 47.4598506], [15.3260184, 47.459854]], [[15.3260184, 47.459854], [15.3263546, 47.4598539]], [[15.3263546, 47.4598539], [15.3266378, 47.4598525]], [[15.3266378, 47.4598525], [15.3269109, 47.4598348]], [[15.3269109, 47.4598348], [15.3270953, 47.4598244]], [[15.3270953, 47.4598244], [15.3273123, 47.4598001]], [[15.3273123, 47.4598001], [15.3277173, 47.4597506]], [[15.3277173, 47.4597506], [15.3283725, 47.4597198]], [[15.3283725, 47.4597198], [15.328566, 47.4597151]], [[15.328566, 47.4597151], [15.3289627, 47.4597478]], [[15.3289627, 47.4597478], [15.3291064, 47.4597609]], [[15.3291064, 47.4597609], [15.3292833, 47.4597655]], [[15.3292833, 47.4597655], [15.3294796, 47.4597702]], [[15.3294796, 47.4597702], [15.3300576, 47.4598102]], [[15.3300576, 47.4598102], [15.3303628, 47.45983]], [[15.3303628, 47.45983], [15.3308784, 47.4598207]], [[15.3308784, 47.4598207], [15.3310138, 47.4598151]], [[15.3310138, 47.4598151], [15.3312958, 47.4598132]], [[15.3312958, 47.4598132], [15.3321647, 47.4597758]], [[15.3321647, 47.4597758], [15.332349, 47.4597665]], [[15.332349, 47.4597665], [15.3327319, 47.4597534]], [[15.3327319, 47.4597534], [15.3328798, 47.4597497]], [[15.3328798, 47.4597497], [15.3330254, 47.4597625]], [[15.3330254, 47.4597625], [15.3331424, 47.4597992]], [[15.3331424, 47.4597992], [15.3332457, 47.4598522]], [[15.3332457, 47.4598522], [15.3334786, 47.4599783]], [[15.3334786, 47.4599783], [15.333597, 47.4600501]], [[15.333597, 47.4600501], [15.3336538, 47.4600917]], [[15.3336538, 47.4600917], [15.3336923, 47.4601467]], [[15.3336923, 47.4601467], [15.3337277, 47.4602913]], [[15.3337277, 47.4602913], [15.3337754, 47.4603963]], [[15.3337754, 47.4603963], [15.3338339, 47.4604708]], [[15.3338339, 47.4604708], [15.3340149, 47.4605994]], [[15.3340149, 47.4605994], [15.3341697, 47.4607094]], [[15.3341697, 47.4607094], [15.3337907, 47.4609155]], [[15.3337907, 47.4609155], [15.3336031, 47.4610232]], [[15.3336031, 47.4610232], [15.3334823, 47.4611011]], [[15.3334823, 47.4611011], [15.3333324, 47.4612505]], [[15.3333324, 47.4612505], [15.3332386, 47.4613522]], [[15.3332386, 47.4613522], [15.3331784, 47.4614276]], [[15.3331784, 47.4614276], [15.3331147, 47.4615365]], [[15.3331147, 47.4615365], [15.3330947, 47.4615829]], [[15.3330947, 47.4615829], [15.3330669, 47.4616633]], [[15.3330669, 47.4616633], [15.3330315, 47.4617829]], [[15.3330315, 47.4617829], [15.3330032, 47.4619133]], [[15.3330032, 47.4619133], [15.3329837, 47.4620126]], [[15.3329837, 47.4620126], [15.3329696, 47.4621358]], [[15.3329696, 47.4621358], [15.3329572, 47.4622471]], [[15.3329572, 47.4622471], [15.3329519, 47.4623356]], [[15.3329519, 47.4623356], [15.3329537, 47.4624481]], [[15.3329537, 47.4624481], [15.3329668, 47.4625678]], [[15.3329668, 47.4625678], [15.3330014, 47.4627257]], [[15.3330014, 47.4627257], [15.3330421, 47.4628884]], [[15.3330421, 47.4628884], [15.3330687, 47.4630463]], [[15.3330687, 47.4630463], [15.3330722, 47.4631193]], [[15.3330722, 47.4631193], [15.3330616, 47.4632353]], [[15.3330616, 47.4632353], [15.3330262, 47.4633633]], [[15.3330262, 47.4633633], [15.332959, 47.46355]], [[15.332959, 47.46355], [15.3328829, 47.4637222]], [[15.3328829, 47.4637222], [15.332805, 47.4638873]], [[15.332805, 47.4638873], [15.3327449, 47.4640405]], [[15.3327449, 47.4640405], [15.3326865, 47.4642211]], [[15.3326865, 47.4642211], [15.3326458, 47.4644137]], [[15.3326458, 47.4644137], [15.3326121, 47.4646183]], [[15.3326121, 47.4646183], [15.3325891, 47.4647583]], [[15.3325891, 47.4647583], [15.3325467, 47.464848]], [[15.3325467, 47.464848], [15.3324736, 47.464907]], [[15.3324736, 47.464907], [15.3324307, 47.4649453]], [[15.3325835, 47.4650432], [15.3324307, 47.4649453]], [[15.3327365, 47.4651369], [15.3325835, 47.4650432]], [[15.3328587, 47.4652026], [15.3327365, 47.4651369]], [[15.3328587, 47.4652026], [15.33288, 47.465183]], [[15.33288, 47.465183], [15.3328904, 47.4651751]], [[15.3329949, 47.4652256], [15.3328904, 47.4651751]], [[15.333213, 47.4653151], [15.3329949, 47.4652256]], [[15.3334323, 47.4653947], [15.333213, 47.4653151]], [[15.3336789, 47.4654526], [15.3334323, 47.4653947]], [[15.3339793, 47.4655035], [15.3336789, 47.4654526]], [[15.3342831, 47.4655437], [15.3339793, 47.4655035]], [[15.3345492, 47.4655815], [15.3342831, 47.4655437]], [[15.3347993, 47.4656247], [15.3345492, 47.4655815]], [[15.3350083, 47.465668], [15.3347993, 47.4656247]], [[15.3351601, 47.4657019], [15.3350083, 47.465668]], [[15.3352709, 47.4657297], [15.3351601, 47.4657019]], [[15.3355724, 47.4658208], [15.3352709, 47.4657297]], [[15.336383, 47.4660547], [15.3355724, 47.4658208]], [[15.3376166, 47.4664233], [15.336383, 47.4660547]], [[15.3380424, 47.4665585], [15.3376166, 47.4664233]], [[15.3385384, 47.4667112], [15.3380424, 47.4665585]], [[15.3385962, 47.4667299], [15.3385384, 47.4667112]], [[15.3385962, 47.4667299], [15.338554, 47.4667976]], [[15.338554, 47.4667976], [15.3385019, 47.4668813]], [[15.3385019, 47.4668813], [15.3385705, 47.4669032]], [[15.3385705, 47.4669032], [15.3386222, 47.4669261]], [[15.3386222, 47.4669261], [15.3386718, 47.4669828]], [[15.3386718, 47.4669828], [15.3386933, 47.4670254]], [[15.3386933, 47.4670254], [15.3386977, 47.4670579]], [[15.3386977, 47.4670579], [15.3387629, 47.4670762]], [[15.3387629, 47.4670762], [15.3388577, 47.4671075]], [[15.3388577, 47.4671075], [15.3389015, 47.4670797]], [[15.3389015, 47.4670797], [15.3389819, 47.4670634]], [[15.3389819, 47.4670634], [15.3390812, 47.4670888]], [[15.3390812, 47.4670888], [15.3394862, 47.4672157]], [[15.3394862, 47.4672157], [15.3396203, 47.4672085]], [[15.3396203, 47.4672085], [15.3399361, 47.4673079]], [[15.3399361, 47.4673079], [15.340669, 47.4675347]], [[15.340669, 47.4675347], [15.3407281, 47.467553]], [[15.3407281, 47.467553], [15.3422514, 47.4679997]], [[15.3422514, 47.4679997], [15.3423714, 47.4680854]], [[15.3423714, 47.4680854], [15.3425897, 47.4681478]], [[15.3425897, 47.4681478], [15.3427991, 47.4681602]], [[15.3427991, 47.4681602], [15.3433085, 47.4683096]], [[15.3433085, 47.4683096], [15.3435122, 47.4683997]], [[15.3435122, 47.4683997], [15.3435227, 47.4684064]], [[15.3435227, 47.4684064], [15.3436089, 47.4684619]], [[15.3436089, 47.4684619], [15.3436733, 47.4685598]], [[15.3436733, 47.4685598], [15.3436475, 47.4686479]], [[15.3436475, 47.4686479], [15.3437717, 47.4686873]], [[15.3437717, 47.4686873], [15.343822, 47.4687056]], [[15.343822, 47.4687056], [15.3439541, 47.4686259]], [[15.3439541, 47.4686259], [15.344082, 47.468604]], [[15.344082, 47.468604], [15.3441974, 47.4686197]], [[15.3441974, 47.4686197], [15.3443616, 47.468642]], [[15.3443616, 47.468642], [15.3446412, 47.4687056]], [[15.3446412, 47.4687056], [15.3449563, 47.4688031]], [[15.3449563, 47.4688031], [15.3450558, 47.4688339]], [[15.3450558, 47.4688339], [15.3452117, 47.4688899]], [[15.3452117, 47.4688899], [15.345459, 47.4689659]], [[15.345459, 47.4689659], [15.3457963, 47.4690599]], [[15.3457963, 47.4690599], [15.3458406, 47.4690763]], [[15.3458406, 47.4690763], [15.3460225, 47.4691435]], [[15.3460225, 47.4691435], [15.3462853, 47.4692176]], [[15.3462853, 47.4692176], [15.3464862, 47.4692528]], [[15.3464862, 47.4692528], [15.3467532, 47.4692917]], [[15.3467532, 47.4692917], [15.3469119, 47.4693183]], [[15.3469119, 47.4693183], [15.3470623, 47.4693468]], [[15.3470623, 47.4693468], [15.347304, 47.4694038]], [[15.347304, 47.4694038], [15.3478099, 47.4695301]], [[15.3478099, 47.4695301], [15.3482104, 47.4696318]], [[15.3482104, 47.4696318], [15.3485954, 47.4697192]], [[15.3485954, 47.4697192], [15.349024, 47.4698179]], [[15.349024, 47.4698179], [15.3496563, 47.4699576]], [[15.3496563, 47.4699576], [15.3501565, 47.4700583]], [[15.3501565, 47.4700583], [15.3505401, 47.4701456]], [[15.3505401, 47.4701456], [15.3506132, 47.4701637]], [[15.3506132, 47.4701637], [15.3507453, 47.470176]], [[15.3507453, 47.470176], [15.3510151, 47.4702292]], [[15.3510151, 47.4702292], [15.3512835, 47.4702862]], [[15.3512835, 47.4702862], [15.3515266, 47.4703736]], [[15.3515266, 47.4703736], [15.3516966, 47.4704154]], [[15.3516966, 47.4704154], [15.351893, 47.4704455]], [[15.351893, 47.4704455], [15.3519875, 47.47046]], [[15.3519875, 47.47046], [15.352357, 47.4705142]], [[15.352357, 47.4705142], [15.3527477, 47.4705655]], [[15.3527477, 47.4705655], [15.3530638, 47.4706291]], [[15.3530638, 47.4706291], [15.3536765, 47.4707498]], [[15.3536765, 47.4707498], [15.3539898, 47.4708153]], [[15.3539898, 47.4708153], [15.3542217, 47.4708761]], [[15.3542217, 47.4708761], [15.3543496, 47.4709046]], [[15.3543496, 47.4709046], [15.3544648, 47.470915]], [[15.3544648, 47.470915], [15.3546292, 47.4709426]], [[15.3546292, 47.4709426], [15.3549622, 47.4710091]], [[15.3549622, 47.4710091], [15.3552749, 47.4710623]], [[15.3552749, 47.4710623], [15.3555988, 47.4711254]], [[15.3555988, 47.4711254], [15.3559494, 47.4711929]], [[15.3559494, 47.4711929], [15.3563716, 47.4712783]], [[15.3563716, 47.4712783], [15.3566142, 47.47132]], [[15.3566142, 47.47132], [15.3568072, 47.4713586]], [[15.3568072, 47.4713586], [15.3572597, 47.4714436]], [[15.3572597, 47.4714436], [15.3574796, 47.4714868]], [[15.3574796, 47.4714868], [15.357729, 47.4715438]], [[15.357729, 47.4715438], [15.3580159, 47.4715938]], [[15.3580159, 47.4715938], [15.3584563, 47.4716715]], [[15.3584563, 47.4716715], [15.3593389, 47.4718365]], [[15.3593389, 47.4718365], [15.3606306, 47.4720899]], [[15.3606306, 47.4720899], [15.3607115, 47.4721051]], [[15.3607115, 47.4721051], [15.3607463, 47.4721117]], [[15.3607463, 47.4721117], [15.360862, 47.4721609]], [[15.360862, 47.4721609], [15.3611598, 47.4722232]], [[15.3611598, 47.4722232], [15.3614747, 47.4722492]], [[15.3614747, 47.4722492], [15.3622844, 47.4724157]], [[15.3622844, 47.4724157], [15.3632162, 47.472617]], [[15.3632162, 47.472617], [15.3633255, 47.4726387]], [[15.3633255, 47.4726387], [15.3633812, 47.4726677]], [[15.3633812, 47.4726677], [15.3634326, 47.4727299]], [[15.3634326, 47.4727299], [15.3634891, 47.4727733]], [[15.3634891, 47.4727733], [15.3635611, 47.4728081]], [[15.3635611, 47.4728081], [15.3636061, 47.4728313]], [[15.3636061, 47.4728313], [15.3636324, 47.4728768]], [[15.3636324, 47.4728768], [15.363735, 47.4728628]], [[15.363735, 47.4728628], [15.3638133, 47.472852]], [[15.3638133, 47.472852], [15.3638969, 47.4728374]], [[15.3638969, 47.4728374], [15.363967, 47.4727978]], [[15.363967, 47.4727978], [15.3639954, 47.4727899]], [[15.3639954, 47.4727899], [15.3641572, 47.4727941]], [[15.3641572, 47.4727941], [15.365222, 47.4729685]], [[15.365222, 47.4729685], [15.365817, 47.4730706]], [[15.365817, 47.4730706], [15.3663753, 47.4731664]], [[15.3663753, 47.4731664], [15.3668488, 47.4732397]], [[15.3668488, 47.4732397], [15.3678389, 47.4734603]], [[15.3678389, 47.4734603], [15.3678647, 47.4734827]], [[15.3678647, 47.4734827], [15.3678718, 47.4735025]], [[15.3678718, 47.4735025], [15.3678864, 47.473515]], [[15.3678864, 47.473515], [15.3679475, 47.473535]], [[15.3679475, 47.473535], [15.3680038, 47.4735513]], [[15.3680038, 47.4735513], [15.3680376, 47.4735508]], [[15.3680376, 47.4735508], [15.3680842, 47.4735388]], [[15.3680842, 47.4735388], [15.3681212, 47.4735405]], [[15.3681212, 47.4735405], [15.3687861, 47.4736825]], [[15.3687861, 47.4736825], [15.3690364, 47.4737487]], [[15.3690364, 47.4737487], [15.3696734, 47.4739145]], [[15.3696734, 47.4739145], [15.3697952, 47.4739542]], [[15.3697952, 47.4739542], [15.3698207, 47.4739801]], [[15.3698207, 47.4739801], [15.3701443, 47.4740866]], [[15.3701443, 47.4740866], [15.3702243, 47.4741004]], [[15.3702243, 47.4741004], [15.3704131, 47.4741671]], [[15.3708224, 47.4743167], [15.3704131, 47.4741671]], [[15.371039, 47.4744203], [15.3708224, 47.4743167]], [[15.3711054, 47.4744573], [15.371039, 47.4744203]], [[15.3713728, 47.4745238], [15.3711054, 47.4744573]], [[15.3715543, 47.4745841], [15.3713728, 47.4745238]], [[15.371692, 47.4746299], [15.3715543, 47.4745841]], [[15.3720614, 47.4747538], [15.371692, 47.4746299]], [[15.3720976, 47.4747752], [15.3720614, 47.4747538]], [[15.3721099, 47.4748075], [15.3720976, 47.4747752]], [[15.3721362, 47.4748336], [15.3721099, 47.4748075]], [[15.372225, 47.4748545], [15.3721362, 47.4748336]], [[15.3723034, 47.474873], [15.372225, 47.4748545]], [[15.3724775, 47.4748984], [15.3723034, 47.474873]], [[15.372557, 47.4748979], [15.3724775, 47.4748984]], [[15.3728055, 47.4749532], [15.372557, 47.4748979]], [[15.3734239, 47.4750966], [15.3728055, 47.4749532]], [[15.373887, 47.4751975], [15.3734239, 47.4750966]], [[15.3744563, 47.4753345], [15.373887, 47.4751975]], [[15.3748542, 47.4754327], [15.3744563, 47.4753345]], [[15.3752053, 47.4755442], [15.3748542, 47.4754327]], [[15.3758295, 47.4758405], [15.3752053, 47.4755442]], [[15.3762626, 47.4761063], [15.3758295, 47.4758405]], [[15.3764904, 47.4763377], [15.3762626, 47.4761063]], [[15.3765473, 47.4763793], [15.3764904, 47.4763377]], [[15.37731, 47.4769371], [15.3765473, 47.4763793]], [[15.37731, 47.4769371], [15.3775954, 47.4770995]], [[15.3775954, 47.4770995], [15.3780688, 47.4773872]], [[15.378119, 47.4773148], [15.3780688, 47.4773872]], [[15.378119, 47.4773148], [15.3786103, 47.4775502]], [[15.3786103, 47.4775502], [15.3789111, 47.4776823]], [[15.3789111, 47.4776823], [15.3790538, 47.4777394]], [[15.3790538, 47.4777394], [15.3791036, 47.4777593]], [[15.3791036, 47.4777593], [15.3812166, 47.4786047]], [[15.3812166, 47.4786047], [15.3848224, 47.4800045]], [[15.3848224, 47.4800045], [15.3904571, 47.4822]], [[15.3904571, 47.4822], [15.391423, 47.4825686]], [[15.391423, 47.4825686], [15.3919039, 47.4827578]], [[15.3919039, 47.4827578], [15.3925191, 47.4829999]], [[15.3925191, 47.4829999], [15.3926142, 47.4829846]], [[15.3926142, 47.4829846], [15.3926874, 47.4830138]], [[15.3926874, 47.4830138], [15.3934282, 47.4833162]], [[15.3934282, 47.4833162], [15.3941781, 47.4835721]], [[15.3941781, 47.4835721], [15.3958019, 47.4840986]], [[15.3958019, 47.4840986], [15.3959262, 47.4841467]], [[15.3959262, 47.4841467], [15.3960681, 47.4841982]], [[15.3960681, 47.4841982], [15.3958874, 47.4844528]], [[15.3958874, 47.4844528], [15.395829, 47.484584]], [[15.395829, 47.484584], [15.3957324, 47.4848408]], [[15.3957324, 47.4848408], [15.3956717, 47.4849413]], [[15.3956717, 47.4849413], [15.3954771, 47.4852638]], [[15.3954771, 47.4852638], [15.3951654, 47.4855804]], [[15.3951654, 47.4855804], [15.3952435, 47.4855887]], [[15.3952435, 47.4855887], [15.3953344, 47.4856019]], [[15.3953344, 47.4856019], [15.3953791, 47.4856061]], [[15.3953791, 47.4856061], [15.3956359, 47.4855816]], [[15.3956359, 47.4855816], [15.3958315, 47.4855946]], [[15.3958315, 47.4855946], [15.3964526, 47.4857692]], [[15.3964526, 47.4857692], [15.3968972, 47.4858678]], [[15.3968972, 47.4858678], [15.3974408, 47.4860616]], [[15.3974408, 47.4860616], [15.3975122, 47.4860791]], [[15.3975122, 47.4860791], [15.3980763, 47.486132]], [[15.3980763, 47.486132], [15.3981832, 47.4861108]], [[15.3981832, 47.4861108], [15.3983916, 47.4863658]], [[15.3983916, 47.4863658], [15.3984556, 47.4864384]], [[15.3984556, 47.4864384], [15.3984889, 47.4864718]], [[15.3984889, 47.4864718], [15.3985216, 47.4865032]], [[15.3985216, 47.4865032], [15.3986052, 47.4865985]], [[15.3986052, 47.4865985], [15.3987627, 47.4867362]], [[15.3987627, 47.4867362], [15.3991146, 47.4870273]], [[15.3991146, 47.4870273], [15.3994649, 47.4872473]], [[15.3994649, 47.4872473], [15.3995946, 47.4873288]], [[15.3995946, 47.4873288], [15.3998658, 47.4874691]], [[15.3998658, 47.4874691], [15.3998785, 47.4875276]], [[15.3998785, 47.4875276], [15.400203, 47.4876657]], [[15.400203, 47.4876657], [15.4007948, 47.4878659]], [[15.4007948, 47.4878659], [15.4012376, 47.4879891]], [[15.4012376, 47.4879891], [15.4026478, 47.4883217]], [[15.4026478, 47.4883217], [15.4034304, 47.4885259]], [[15.4034304, 47.4885259], [15.4042444, 47.4887803]], [[15.4042444, 47.4887803], [15.4050951, 47.4890835]], [[15.4050951, 47.4890835], [15.4053923, 47.4891934]], [[15.4053923, 47.4891934], [15.4054698, 47.4892561]], [[15.4054698, 47.4892561], [15.4055933, 47.4892976]], [[15.4055933, 47.4892976], [15.40575, 47.4893114]], [[15.40575, 47.4893114], [15.406633, 47.4896313]], [[15.406633, 47.4896313], [15.4073577, 47.4898655]], [[15.4073577, 47.4898655], [15.4083378, 47.490144]], [[15.4083378, 47.490144], [15.4092243, 47.4903707]], [[15.4092243, 47.4903707], [15.4096245, 47.4905169]], [[15.4096245, 47.4905169], [15.4101193, 47.4907712]], [[15.4101193, 47.4907712], [15.4105638, 47.4911095]], [[15.4105638, 47.4911095], [15.4108363, 47.4914168]], [[15.4108363, 47.4914168], [15.4110475, 47.4917804]], [[15.4110475, 47.4917804], [15.4112791, 47.4924853]], [[15.4112791, 47.4924853], [15.4113796, 47.4928006]], [[15.4113796, 47.4928006], [15.4114723, 47.4928136]], [[15.4114723, 47.4928136], [15.4115596, 47.4929505]], [[15.4115596, 47.4929505], [15.4115796, 47.4929819]], [[15.4115796, 47.4929819], [15.411664, 47.4930106]], [[15.411664, 47.4930106], [15.4119271, 47.4933363]], [[15.4119271, 47.4933363], [15.4121426, 47.4935629]], [[15.4121426, 47.4935629], [15.412217, 47.4936337]], [[15.412217, 47.4936337], [15.4124287, 47.4938512]], [[15.4124287, 47.4938512], [15.4126569, 47.4940687]], [[15.4126569, 47.4940687], [15.412748, 47.4941251]], [[15.412748, 47.4941251], [15.4128979, 47.4942528]], [[15.4128979, 47.4942528], [15.4129413, 47.4943265]], [[15.4129413, 47.4943265], [15.4130181, 47.4943884]], [[15.4130181, 47.4943884], [15.4132487, 47.494556]], [[15.4132487, 47.494556], [15.4136047, 47.4947476]], [[15.4136047, 47.4947476], [15.4139853, 47.4949139]], [[15.4139853, 47.4949139], [15.4143276, 47.4950077]], [[15.4143276, 47.4950077], [15.4146725, 47.495075]], [[15.4146725, 47.495075], [15.414836, 47.4950675]], [[15.414836, 47.4950675], [15.4149646, 47.4950874]], [[15.4149646, 47.4950874], [15.415123, 47.495113]], [[15.415123, 47.495113], [15.415255, 47.4951481]], [[15.415255, 47.4951481], [15.4153546, 47.4951895]], [[15.4153546, 47.4951895], [15.4162359, 47.4953172]], [[15.4162359, 47.4953172], [15.4166694, 47.4953943]], [[15.4166694, 47.4953943], [15.4171225, 47.4955156]], [[15.4171225, 47.4955156], [15.4176941, 47.4957008]], [[15.4176941, 47.4957008], [15.4177389, 47.4957154]], [[15.4177389, 47.4957154], [15.4179075, 47.4957355]], [[15.4179075, 47.4957355], [15.4179774, 47.4957528]], [[15.4179774, 47.4957528], [15.4180591, 47.4957976]], [[15.4180591, 47.4957976], [15.4181494, 47.4958684]], [[15.4181494, 47.4958684], [15.4190971, 47.4962309]], [[15.4190971, 47.4962309], [15.4194471, 47.4963851]], [[15.4194471, 47.4963851], [15.4197929, 47.4965588]], [[15.4197365, 47.4966107], [15.4197929, 47.4965588]], [[15.4196622, 47.4966738], [15.4197365, 47.4966107]], [[15.4199355, 47.4969039], [15.4196622, 47.4966738]], [[15.4201125, 47.4971052], [15.4199355, 47.4969039]], [[15.4202457, 47.4973459], [15.4201125, 47.4971052]], [[15.4203342, 47.4975494], [15.4202457, 47.4973459]], [[15.4203802, 47.4978363], [15.4203342, 47.4975494]], [[15.420407, 47.4982691], [15.4203802, 47.4978363]], [[15.4204429, 47.498453], [15.420407, 47.4982691]], [[15.4205403, 47.4986914], [15.4204429, 47.498453]], [[15.4206611, 47.4988733], [15.4205403, 47.4986914]], [[15.4207958, 47.4990071], [15.4206611, 47.4988733]], [[15.4210295, 47.4991629], [15.4207958, 47.4990071]], [[15.4213056, 47.4992879], [15.4210295, 47.4991629]], [[15.421559, 47.4993669], [15.4213056, 47.4992879]], [[15.4218174, 47.4994165], [15.421559, 47.4993669]], [[15.4222555, 47.4994642], [15.4218174, 47.4994165]], [[15.4235922, 47.4995473], [15.4222555, 47.4994642]], [[15.424674, 47.4996395], [15.4235922, 47.4995473]], [[15.4253522, 47.4997277], [15.424674, 47.4996395]], [[15.4260001, 47.4998753], [15.4253522, 47.4997277]], [[15.4270789, 47.5001756], [15.4260001, 47.4998753]], [[15.4274279, 47.5002525], [15.4270789, 47.5001756]], [[15.4279696, 47.5003007], [15.4274279, 47.5002525]], [[15.4285375, 47.5003201], [15.4279696, 47.5003007]], [[15.4291121, 47.500354], [15.4285375, 47.5003201]], [[15.4294141, 47.5003792], [15.4291121, 47.500354]], [[15.4306029, 47.5005934], [15.4294141, 47.5003792]], [[15.4309801, 47.5006635], [15.4306029, 47.5005934]], [[15.4309801, 47.5006635], [15.4312439, 47.5007353]], [[15.4312439, 47.5007353], [15.4315534, 47.5008911]], [[15.4315534, 47.5008911], [15.4325685, 47.5015717]], [[15.4325685, 47.5015717], [15.4328583, 47.5017276]], [[15.4328583, 47.5017276], [15.4332027, 47.5018885]], [[15.4332027, 47.5018885], [15.4335463, 47.5020078]], [[15.4335463, 47.5020078], [15.4343327, 47.5022696]], [[15.4343327, 47.5022696], [15.4347852, 47.5024184]], [[15.4347852, 47.5024184], [15.4351918, 47.5025691]], [[15.4351918, 47.5025691], [15.4353997, 47.5027095]], [[15.4353997, 47.5027095], [15.4355551, 47.5027648]], [[15.4355551, 47.5027648], [15.4356544, 47.5028296]], [[15.4356544, 47.5028296], [15.4360111, 47.5029423]], [[15.4360111, 47.5029423], [15.4369069, 47.5030801]], [[15.4369069, 47.5030801], [15.4370171, 47.5031206]], [[15.4370171, 47.5031206], [15.4376256, 47.5032118]], [[15.4376256, 47.5032118], [15.4389881, 47.5035152]], [[15.4389881, 47.5035152], [15.439151, 47.5035797]], [[15.439151, 47.5035797], [15.4394892, 47.5036358]], [[15.4394892, 47.5036358], [15.4396611, 47.5036632]], [[15.4396611, 47.5036632], [15.4408337, 47.503945]], [[15.4408337, 47.503945], [15.4410917, 47.5039819]], [[15.4410917, 47.5039819], [15.4413088, 47.5040029]], [[15.4413088, 47.5040029], [15.4417687, 47.5040221]], [[15.4417687, 47.5040221], [15.442619, 47.5039935]], [[15.442619, 47.5039935], [15.4444632, 47.5039123]], [[15.4444632, 47.5039123], [15.445054, 47.5038426]], [[15.445054, 47.5038426], [15.4454959, 47.5037713]], [[15.4454959, 47.5037713], [15.4455972, 47.5037489]], [[15.4455972, 47.5037489], [15.4456408, 47.5036885]], [[15.4456408, 47.5036885], [15.4457387, 47.5036817]], [[15.4457387, 47.5036817], [15.4458879, 47.5036841]], [[15.4458879, 47.5036841], [15.4461905, 47.5037041]], [[15.4461905, 47.5037041], [15.4462592, 47.5037436]], [[15.4462592, 47.5037436], [15.4463074, 47.5037714]], [[15.4463074, 47.5037714], [15.4465781, 47.5038747]], [[15.4465781, 47.5038747], [15.4470113, 47.5040518]], [[15.4470113, 47.5040518], [15.4472247, 47.5041537]], [[15.4472247, 47.5041537], [15.4474303, 47.5042731]], [[15.4474303, 47.5042731], [15.4477702, 47.5044933]], [[15.4477702, 47.5044933], [15.4485619, 47.5050754]], [[15.4485619, 47.5050754], [15.4485872, 47.505093]], [[15.4485872, 47.505093], [15.4489748, 47.5053693]], [[15.4489748, 47.5053693], [15.4492435, 47.5055828]], [[15.4492435, 47.5055828], [15.4493046, 47.5056369]], [[15.4493046, 47.5056369], [15.4492057, 47.5056828]], [[15.4492057, 47.5056828], [15.449188, 47.5056934]], [[15.449188, 47.5056934], [15.4480845, 47.5063727]], [[15.4480845, 47.5063727], [15.44804, 47.5064322]], [[15.44804, 47.5064322], [15.4480226, 47.506487]], [[15.4480226, 47.506487], [15.4480152, 47.5065662]], [[15.4480152, 47.5065662], [15.448044, 47.5066179]], [[15.448044, 47.5066179], [15.4480936, 47.5066487]], [[15.4480936, 47.5066487], [15.4483451, 47.5069159]], [[15.4483451, 47.5069159], [15.4484712, 47.5070908]], [[15.4484712, 47.5070908], [15.4484859, 47.5071306]], [[15.4484859, 47.5071306], [15.4484993, 47.5071687]], [[15.4484993, 47.5071687], [15.4484808, 47.507234]], [[15.4484808, 47.507234], [15.4484702, 47.5072541]], [[15.4484702, 47.5072541], [15.4484537, 47.5072855]], [[15.4484537, 47.5072855], [15.4484189, 47.5073163]], [[15.4484189, 47.5073163], [15.4482083, 47.5073807]], [[15.4482083, 47.5073807], [15.4481522, 47.5073772]], [[15.4481522, 47.5073772], [15.4481345, 47.5073761]], [[15.4481345, 47.5073761], [15.4480314, 47.5073567]], [[15.4480635, 47.5073879], [15.4480314, 47.5073567]], [[15.4481949, 47.5075238], [15.4480635, 47.5073879]], [[15.4482753, 47.5076037], [15.4481949, 47.5075238]], [[15.4483612, 47.5076977], [15.4482753, 47.5076037]], [[15.4489749, 47.5078494], [15.4483612, 47.5076977]], [[15.4491257, 47.5078761], [15.4489749, 47.5078494]], [[15.4493733, 47.5078862], [15.4491257, 47.5078761]], [[15.4495475, 47.5079158], [15.4493733, 47.5078862]], [[15.4495475, 47.5079158], [15.4494769, 47.5080334]], [[15.4494769, 47.5080334], [15.4494666, 47.5080633]], [[15.4494666, 47.5080633], [15.4494341, 47.508224]], [[15.4494341, 47.508224], [15.4493701, 47.5082216]], [[15.4493701, 47.5082216], [15.4493061, 47.5085564]], [[15.4493061, 47.5085564], [15.4493918, 47.5088371]], [[15.4493918, 47.5088371], [15.4494556, 47.5089741]], [[15.4494556, 47.5089741], [15.4496121, 47.5092009]], [[15.4496121, 47.5092009], [15.4498839, 47.509504]], [[15.4498839, 47.509504], [15.4500841, 47.5096913]], [[15.4500841, 47.5096913], [15.4503268, 47.5098948]], [[15.4503268, 47.5098948], [15.4506609, 47.5101855]], [[15.4506609, 47.5101855], [15.4510146, 47.5104801]], [[15.4510146, 47.5104801], [15.4513799, 47.5107297]], [[15.4513799, 47.5107297], [15.4517341, 47.5109391]], [[15.4517341, 47.5109391], [15.4529791, 47.5115442]], [[15.4529791, 47.5115442], [15.4538647, 47.5119554]], [[15.4538647, 47.5119554], [15.4545017, 47.5121936]], [[15.4545017, 47.5121936], [15.4546806, 47.5122656]], [[15.4546806, 47.5122656], [15.4549, 47.5123071]], [[15.4549399, 47.5122451], [15.4549, 47.5123071]], [[15.4549399, 47.5122451], [15.4552092, 47.5122771]], [[15.4552092, 47.5122771], [15.4559488, 47.5123346]], [[15.4559488, 47.5123346], [15.4575316, 47.512471]], [[15.4575316, 47.512471], [15.4586816, 47.5126902]], [[15.4586816, 47.5126902], [15.4593854, 47.5128359]], [[15.4593854, 47.5128359], [15.4602349, 47.5129747]], [[15.4602349, 47.5129747], [15.4609077, 47.5130805]], [[15.4609077, 47.5130805], [15.4613082, 47.5131538]], [[15.4613082, 47.5131538], [15.4615908, 47.5132056]], [[15.4615908, 47.5132056], [15.4622203, 47.5133981]], [[15.4622203, 47.5133981], [15.4622498, 47.5134071]], [[15.4622498, 47.5134071], [15.4626628, 47.5135868]], [[15.4626628, 47.5135868], [15.4629859, 47.5137593]], [[15.4629859, 47.5137593], [15.4630741, 47.5138079]], [[15.4631062, 47.5137613], [15.4630741, 47.5138079]], [[15.4631062, 47.5137613], [15.4633503, 47.5139392]], [[15.4633503, 47.5139392], [15.4636194, 47.5141595]], [[15.4636194, 47.5141595], [15.4637203, 47.5142435]], [[15.4637203, 47.5142435], [15.4639669, 47.5145088]], [[15.4639669, 47.5145088], [15.4644854, 47.515155]], [[15.4644854, 47.515155], [15.4645668, 47.5152421]], [[15.4645668, 47.5152421], [15.4648669, 47.5155524]], [[15.4648669, 47.5155524], [15.4652501, 47.5158831]], [[15.4652501, 47.5158831], [15.46583, 47.5163421]], [[15.46583, 47.5163421], [15.4668765, 47.5172118]], [[15.4668765, 47.5172118], [15.4675319, 47.517763]], [[15.4675319, 47.517763], [15.4683897, 47.5181752]], [[15.4683897, 47.5181752], [15.4687927, 47.5183948]], [[15.4687927, 47.5183948], [15.4688693, 47.5184379]], [[15.4688439, 47.5184868], [15.4688693, 47.5184379]], [[15.4687983, 47.5185285], [15.4688439, 47.5184868]], [[15.4686467, 47.5186064], [15.4687983, 47.5185285]], [[15.4683208, 47.5187468], [15.4686467, 47.5186064]], [[15.4681036, 47.518879], [15.4683208, 47.5187468]], [[15.4678541, 47.5190647], [15.4681036, 47.518879]], [[15.4676865, 47.5192494], [15.4678541, 47.5190647]], [[15.4675028, 47.5195474], [15.4676865, 47.5192494]], [[15.4673432, 47.5199097], [15.4675028, 47.5195474]], [[15.4672305, 47.5201099], [15.4673432, 47.5199097]], [[15.4670186, 47.5203662], [15.4672305, 47.5201099]], [[15.466906, 47.5204585], [15.4670186, 47.5203662]], [[15.4665975, 47.5206895], [15.466906, 47.5204585]], [[15.4662891, 47.520954], [15.4665975, 47.5206895]], [[15.4660477, 47.5211822], [15.4662891, 47.520954]], [[15.4656936, 47.5215191], [15.4660477, 47.5211822]], [[15.4654415, 47.5217908], [15.4656936, 47.5215191]], [[15.4652363, 47.5220398], [15.4654415, 47.5217908]], [[15.4649319, 47.5224528], [15.4652363, 47.5220398]], [[15.4648072, 47.5226312], [15.4649319, 47.5224528]], [[15.4647294, 47.522777], [15.4648072, 47.5226312]], [[15.4646449, 47.5229989], [15.4647294, 47.522777]], [[15.4645698, 47.5232398], [15.4646449, 47.5229989]], [[15.4645349, 47.5233675], [15.4645698, 47.5232398]], [[15.4645121, 47.5234961], [15.4645349, 47.5233675]], [[15.4645912, 47.5235541], [15.4645121, 47.5234961]], [[15.4646529, 47.5235776], [15.4645912, 47.5235541]], [[15.4647133, 47.5235939], [15.4646529, 47.5235776]], [[15.4648004, 47.5236012], [15.4647133, 47.5235939]], [[15.4658183, 47.5236419], [15.4648004, 47.5236012]], [[15.4658774, 47.5236401], [15.4658183, 47.5236419]], [[15.466112, 47.5236247], [15.4658774, 47.5236401]], [[15.4661791, 47.5236211], [15.466112, 47.5236247]], [[15.4662227, 47.5236234], [15.4661791, 47.5236211]], [[15.4662623, 47.5236401], [15.4662227, 47.5236234]], [[15.4662985, 47.5236786], [15.4662623, 47.5236401]], [[15.4664125, 47.5239163], [15.4662985, 47.5236786]], [[15.4665492, 47.5241735], [15.4664125, 47.5239163]], [[15.4666779, 47.5243643], [15.4665492, 47.5241735]], [[15.4667839, 47.5245068], [15.4666779, 47.5243643]], [[15.4667916, 47.5245573], [15.4667839, 47.5245068]], [[15.4667974, 47.5245951], [15.4667916, 47.5245573]], [[15.4667102, 47.5249859], [15.4667974, 47.5245951]], [[15.466716, 47.5250432], [15.4667102, 47.5249859]], [[15.4667229, 47.5250579], [15.466716, 47.5250432]], [[15.4667383, 47.5250723], [15.4667229, 47.5250579]], [[15.4667611, 47.52508], [15.4667383, 47.5250723]], [[15.4668027, 47.5250828], [15.4667611, 47.52508]], [[15.4674541, 47.5250657], [15.4668027, 47.5250828]], [[15.4682079, 47.5250927], [15.4674541, 47.5250657]], [[15.4690224, 47.5251354], [15.4682079, 47.5250927]], [[15.4697358, 47.5251219], [15.4690224, 47.5251354]], [[15.470017, 47.5251692], [15.4697358, 47.5251219]], [[15.4704854, 47.5252983], [15.470017, 47.5251692]], [[15.4710849, 47.5255138], [15.4704854, 47.5252983]], [[15.471455, 47.5256316], [15.4710849, 47.5255138]], [[15.4721108, 47.5258552], [15.471455, 47.5256316]], [[15.4733124, 47.5263261], [15.4721108, 47.5258552]], [[15.473747, 47.5264421], [15.4733124, 47.5263261]], [[15.4738319, 47.5264602], [15.473747, 47.5264421]], [[15.4739277, 47.5264806], [15.4738319, 47.5264602]], [[15.4740603, 47.5265024], [15.4739277, 47.5264806]], [[15.4741925, 47.5265146], [15.4740603, 47.5265024]], [[15.4744858, 47.5265418], [15.4741925, 47.5265146]], [[15.4745637, 47.5265417], [15.4744858, 47.5265418]], [[15.4746509, 47.5265417], [15.4745637, 47.5265417]], [[15.4755762, 47.5266196], [15.4746509, 47.5265417]], [[15.4759128, 47.5266304], [15.4755762, 47.5266196]], [[15.476118, 47.5266223], [15.4759128, 47.5266304]], [[15.476412, 47.5265845], [15.476118, 47.5266223]], [[15.4766102, 47.5265326], [15.476412, 47.5265845]], [[15.477144, 47.5263669], [15.4766102, 47.5265326]], [[15.4784146, 47.5259455], [15.477144, 47.5263669]], [[15.4787679, 47.52586], [15.4784146, 47.5259455]], [[15.4792584, 47.5257835], [15.4787679, 47.52586]], [[15.4795982, 47.525761], [15.4792584, 47.5257835]], [[15.47992, 47.5257767], [15.4795982, 47.525761]], [[15.4803046, 47.5258627], [15.47992, 47.5257767]], [[15.4807654, 47.5259464], [15.4803046, 47.5258627]], [[15.4814794, 47.526076], [15.4807654, 47.5259464]], [[15.4822185, 47.5262917], [15.4814794, 47.526076]], [[15.4827981, 47.5264719], [15.4822185, 47.5262917]], [[15.4831625, 47.526553], [15.4827981, 47.5264719]], [[15.4837072, 47.5266646], [15.4831625, 47.526553]], [[15.484048, 47.5267219], [15.4837072, 47.5266646]], [[15.4843155, 47.5267605], [15.484048, 47.5267219]], [[15.4848003, 47.5268215], [15.4843155, 47.5267605]], [[15.4848754, 47.5268197], [15.4848003, 47.5268215]], [[15.484972, 47.5268034], [15.4848754, 47.5268197]], [[15.4851343, 47.5267681], [15.484972, 47.5268034]], [[15.4852836, 47.5267114], [15.4851343, 47.5267681]], [[15.4857156, 47.5263995], [15.4852836, 47.5267114]], [[15.4858057, 47.5263449], [15.4857156, 47.5263995]], [[15.4859711, 47.5262745], [15.4858057, 47.5263449]], [[15.4861025, 47.5262302], [15.4859711, 47.5262745]], [[15.4862756, 47.5261939], [15.4861025, 47.5262302]], [[15.4864378, 47.5261903], [15.4862756, 47.5261939]], [[15.4865196, 47.5261948], [15.4864378, 47.5261903]], [[15.4867718, 47.5262075], [15.4865196, 47.5261948]], [[15.4875, 47.5262347], [15.4867718, 47.5262075]], [[15.4877467, 47.5262392], [15.4875, 47.5262347]], [[15.4880136, 47.52624], [15.4877467, 47.5262392]], [[15.4887033, 47.5261979], [15.4880136, 47.52624]], [[15.4890849, 47.5261368], [15.4887033, 47.5261979]], [[15.4895586, 47.5260039], [15.4890849, 47.5261368]], [[15.4898929, 47.525927], [15.4895586, 47.5260039]], [[15.4902523, 47.5258798], [15.4898929, 47.525927]], [[15.4908672, 47.5258282], [15.4902523, 47.5258798]], [[15.4912197, 47.5257503], [15.4908672, 47.5258282]], [[15.4913927, 47.5257001], [15.4912197, 47.5257503]], [[15.4917539, 47.5255738], [15.4913927, 47.5257001]], [[15.4918124, 47.525563], [15.4917539, 47.5255738]], [[15.4921054, 47.525509], [15.4918124, 47.525563]], [[15.4926435, 47.5254389], [15.4921054, 47.525509]], [[15.4927455, 47.5255721], [15.4926435, 47.5254389]], [[15.4931385, 47.525636], [15.4927455, 47.5255721]], [[15.4934987, 47.5257546], [15.4931385, 47.525636]], [[15.4939066, 47.5260317], [15.4934987, 47.5257546]], [[15.4939853, 47.5262555], [15.4939066, 47.5260317]], [[15.4940802, 47.5263218], [15.4939853, 47.5262555]], [[15.4943511, 47.526353], [15.4940802, 47.5263218]], [[15.4944121, 47.5263667], [15.4943511, 47.526353]], [[15.4947113, 47.5264341], [15.4944121, 47.5263667]], [[15.4948957, 47.526506], [15.4947113, 47.5264341]], [[15.4950464, 47.5265648], [15.4948957, 47.526506]], [[15.4951234, 47.5266155], [15.4950464, 47.5265648]], [[15.4952288, 47.526685], [15.4951234, 47.5266155]], [[15.4955772, 47.5269148], [15.4952288, 47.526685]], [[15.4956949, 47.5270489], [15.4955772, 47.5269148]], [[15.4957827, 47.5271678], [15.4956949, 47.5270489]], [[15.4960086, 47.5272964], [15.4957827, 47.5271678]], [[15.496209, 47.5273625], [15.4960086, 47.5272964]], [[15.4962915, 47.5273897], [15.496209, 47.5273625]], [[15.496625, 47.5275215], [15.4962915, 47.5273897]], [[15.4969111, 47.5276984], [15.496625, 47.5275215]], [[15.4971012, 47.5280001], [15.4969111, 47.5276984]], [[15.4970605, 47.5283077], [15.4971012, 47.5280001]], [[15.4978891, 47.5285954], [15.4970605, 47.5283077]], [[15.4982768, 47.5287831], [15.4978891, 47.5285954]], [[15.4982768, 47.5287831], [15.498412, 47.5289408]], [[15.498412, 47.5289408], [15.4987007, 47.5290485]], [[15.4987007, 47.5290485], [15.4988288, 47.5291607]], [[15.4988288, 47.5291607], [15.4990795, 47.5295233]], [[15.4990795, 47.5295233], [15.499481, 47.5297882]], [[15.499481, 47.5297882], [15.4995392, 47.5298623]], [[15.4995392, 47.5298623], [15.499619, 47.5299637]], [[15.499619, 47.5299637], [15.4998983, 47.5304077]], [[15.4998983, 47.5304077], [15.5000956, 47.530649]], [[15.5000956, 47.530649], [15.5002972, 47.5308149]], [[15.5002972, 47.5308149], [15.5004926, 47.5309402]], [[15.5004926, 47.5309402], [15.5006816, 47.5310156]], [[15.5006816, 47.5310156], [15.5012845, 47.5312517]], [[15.5012845, 47.5312517], [15.5014031, 47.5313212]], [[15.5014031, 47.5313212], [15.5018937, 47.5317065]], [[15.5018937, 47.5317065], [15.5023187, 47.5321231]], [[15.5023187, 47.5321231], [15.5025868, 47.5323824]], [[15.5025868, 47.5323824], [15.5027576, 47.5325133]], [[15.5027576, 47.5325133], [15.5029333, 47.5326174]], [[15.5029333, 47.5326174], [15.5030273, 47.5326694]], [[15.5030273, 47.5326694], [15.5031459, 47.5327201]], [[15.5031459, 47.5327201], [15.5032457, 47.5327598]], [[15.5032457, 47.5327598], [15.5036767, 47.5329035]], [[15.5036767, 47.5329035], [15.5044878, 47.5331388]], [[15.5044878, 47.5331388], [15.50497, 47.5332927]], [[15.50497, 47.5332927], [15.5052389, 47.5333799]], [[15.5052389, 47.5333799], [15.5052622, 47.5333875]], [[15.5052622, 47.5333875], [15.50533, 47.5334124]], [[15.50533, 47.5334124], [15.5054313, 47.5334497]], [[15.5054313, 47.5334497], [15.5055225, 47.5334899]], [[15.5055891, 47.5335125], [15.5055225, 47.5334899]], [[15.5059333, 47.5336363], [15.5055891, 47.5335125]], [[15.5064334, 47.5338162], [15.5059333, 47.5336363]], [[15.5065035, 47.5338429], [15.5064334, 47.5338162]], [[15.5066249, 47.5338892], [15.5065035, 47.5338429]], [[15.5067911, 47.5339525], [15.5066249, 47.5338892]], [[15.5068516, 47.5339756], [15.5067911, 47.5339525]], [[15.5070701, 47.5340594], [15.5068516, 47.5339756]], [[15.5071198, 47.5340802], [15.5070701, 47.5340594]], [[15.5073212, 47.5341542], [15.5071198, 47.5340802]], [[15.5074336, 47.5341954], [15.5073212, 47.5341542]], [[15.5079459, 47.5343746], [15.5074336, 47.5341954]], [[15.5082274, 47.5344731], [15.5079459, 47.5343746]], [[15.5085738, 47.53459], [15.5082274, 47.5344731]], [[15.5091095, 47.5347777], [15.5085738, 47.53459]], [[15.5096039, 47.5348981], [15.5091095, 47.5347777]], [[15.5096915, 47.5349179], [15.5096039, 47.5348981]], [[15.510031, 47.5349649], [15.5096915, 47.5349179]], [[15.5101973, 47.5349859], [15.510031, 47.5349649]], [[15.5105333, 47.5350283], [15.5101973, 47.5349859]], [[15.5108488, 47.5350681], [15.5105333, 47.5350283]], [[15.5112111, 47.5351361], [15.5108488, 47.5350681]], [[15.5114293, 47.5351771], [15.5112111, 47.5351361]], [[15.511743, 47.535236], [15.5114293, 47.5351771]], [[15.5118815, 47.5352592], [15.511743, 47.535236]], [[15.5120637, 47.5352618], [15.5118815, 47.5352592]], [[15.5123275, 47.5351995], [15.5120637, 47.5352618]], [[15.5126868, 47.5351845], [15.5123275, 47.5351995]], [[15.5129352, 47.5351352], [15.5126868, 47.5351845]], [[15.5130254, 47.5351164], [15.5129352, 47.5351352]], [[15.5131444, 47.5350916], [15.5130254, 47.5351164]], [[15.5133344, 47.5350519], [15.5131444, 47.5350916]], [[15.5133999, 47.5350382], [15.5133344, 47.5350519]], [[15.5135927, 47.5350421], [15.5133999, 47.5350382]], [[15.5138798, 47.5350478], [15.5135927, 47.5350421]], [[15.514022, 47.5350771], [15.5138798, 47.5350478]], [[15.5140707, 47.5350871], [15.514022, 47.5350771]], [[15.5144453, 47.5351067], [15.5140707, 47.5350871]], [[15.5146815, 47.5350778], [15.5144453, 47.5351067]], [[15.5148722, 47.5350545], [15.5146815, 47.5350778]], [[15.5150597, 47.5350389], [15.5148722, 47.5350545]], [[15.5152716, 47.5350326], [15.5150597, 47.5350389]], [[15.5156864, 47.5350343], [15.5152716, 47.5350326]], [[15.516012, 47.5350353], [15.5156864, 47.5350343]], [[15.516218, 47.5350599], [15.516012, 47.5350353]], [[15.5164045, 47.535092], [15.516218, 47.5350599]], [[15.517204, 47.535357], [15.5164045, 47.535092]], [[15.5173771, 47.5353739], [15.517204, 47.535357]], [[15.5175207, 47.5353654], [15.5173771, 47.5353739]], [[15.5176932, 47.5354361], [15.5175207, 47.5353654]], [[15.5176932, 47.5354361], [15.5178643, 47.5354566]], [[15.5178643, 47.5354566], [15.5181581, 47.5355842]], [[15.5181581, 47.5355842], [15.5183438, 47.5356503]], [[15.5183438, 47.5356503], [15.5186911, 47.5357331]], [[15.5186911, 47.5357331], [15.5191185, 47.5358176]], [[15.5191185, 47.5358176], [15.5197611, 47.5359248]], [[15.5197611, 47.5359248], [15.5204894, 47.5360319]], [[15.5204894, 47.5360319], [15.5221995, 47.5363077]], [[15.5221995, 47.5363077], [15.5228974, 47.5364382]], [[15.5228974, 47.5364382], [15.5236601, 47.5366139]], [[15.5236601, 47.5366139], [15.5242887, 47.5367912]], [[15.5242887, 47.5367912], [15.5251958, 47.5370882]], [[15.5251958, 47.5370882], [15.526204, 47.5374557]], [[15.526204, 47.5374557], [15.5266121, 47.5376154]], [[15.5266121, 47.5376154], [15.5266598, 47.5376622]], [[15.5266598, 47.5376622], [15.5266928, 47.5377366]], [[15.5266928, 47.5377366], [15.5266962, 47.5377857]], [[15.5266962, 47.5377857], [15.52667, 47.5378279]], [[15.52667, 47.5378279], [15.5267114, 47.5378472]], [[15.5267114, 47.5378472], [15.526783, 47.5378805]], [[15.526783, 47.5378805], [15.5268314, 47.5379031]], [[15.5268314, 47.5379031], [15.526871, 47.5378699]], [[15.526871, 47.5378699], [15.5269239, 47.5378458]], [[15.5269239, 47.5378458], [15.5270502, 47.5378183]], [[15.5270502, 47.5378183], [15.5271217, 47.5378109]], [[15.5271217, 47.5378109], [15.5271867, 47.5378252]], [[15.5271867, 47.5378252], [15.5280373, 47.5381262]], [[15.5280373, 47.5381262], [15.528919, 47.5384453]], [[15.528919, 47.5384453], [15.530136, 47.5389063]], [[15.530136, 47.5389063], [15.5309114, 47.5391695]], [[15.5309114, 47.5391695], [15.5329324, 47.5398159]], [[15.5329324, 47.5398159], [15.533757, 47.5401159]], [[15.533757, 47.5401159], [15.5344482, 47.540413]], [[15.5344482, 47.540413], [15.5350087, 47.5406736]], [[15.5350087, 47.5406736], [15.535506, 47.5409428]], [[15.535506, 47.5409428], [15.5356261, 47.5409485]], [[15.5356261, 47.5409485], [15.5356644, 47.5409698]], [[15.5356644, 47.5409698], [15.5357261, 47.5410042]], [[15.5357261, 47.5410042], [15.5359141, 47.5411087]], [[15.5359141, 47.5411087], [15.536422, 47.5414001]], [[15.536422, 47.5414001], [15.5364676, 47.541429]], [[15.5364676, 47.541429], [15.5365905, 47.5414995]], [[15.5365905, 47.5414995], [15.5365294, 47.5415576]], [[15.5365294, 47.5415576], [15.5364047, 47.5416761]], [[15.5364047, 47.5416761], [15.5361652, 47.5419037]], [[15.5361652, 47.5419037], [15.5358067, 47.5421986]], [[15.5358067, 47.5421986], [15.5355416, 47.5424866]], [[15.5361034, 47.5426665], [15.5355416, 47.5424866]], [[15.5362453, 47.5426782], [15.5361034, 47.5426665]], [[15.536652, 47.5425016], [15.5362453, 47.5426782]], [[15.5367244, 47.5424547], [15.536652, 47.5425016]], [[15.5369123, 47.5423329], [15.5367244, 47.5424547]], [[15.5370613, 47.5422363], [15.5369123, 47.5423329]], [[15.5372821, 47.5421439], [15.5370613, 47.5422363]], [[15.5373376, 47.5421099], [15.5372821, 47.5421439]], [[15.5375445, 47.541983], [15.5373376, 47.5421099]], [[15.5375445, 47.541983], [15.5376276, 47.542019]], [[15.5376276, 47.542019], [15.5377999, 47.5420935]], [[15.5377999, 47.5420935], [15.5378101, 47.5421438]], [[15.5378101, 47.5421438], [15.537899, 47.5421833]], [[15.537899, 47.5421833], [15.5380996, 47.5422633]], [[15.5380996, 47.5422633], [15.5386387, 47.5424281]], [[15.5386387, 47.5424281], [15.539223, 47.5425964]], [[15.539223, 47.5425964], [15.5403599, 47.5429292]], [[15.5403599, 47.5429292], [15.5421442, 47.5434352]], [[15.5421442, 47.5434352], [15.5431002, 47.5437226]], [[15.5431002, 47.5437226], [15.5437765, 47.5439163]], [[15.5437765, 47.5439163], [15.544188, 47.5439953]], [[15.544188, 47.5439953], [15.5442732, 47.544026]], [[15.5442732, 47.544026], [15.5443414, 47.5440682]], [[15.5443414, 47.5440682], [15.5443721, 47.5441395]], [[15.5443721, 47.5441395], [15.5444153, 47.5442539]], [[15.5444153, 47.5442539], [15.5445175, 47.5442783]], [[15.5446063, 47.5443288], [15.5445175, 47.5442783]], [[15.5446833, 47.5443536], [15.5446063, 47.5443288]], [[15.5447602, 47.5443686], [15.5446833, 47.5443536]], [[15.5448429, 47.5443767], [15.5447602, 47.5443686]], [[15.5449394, 47.5443735], [15.5448429, 47.5443767]], [[15.5451732, 47.5443519], [15.5449394, 47.5443735]], [[15.545239, 47.5443446], [15.5451732, 47.5443519]], [[15.545386, 47.5443282], [15.545239, 47.5443446]], [[15.5455675, 47.5443399], [15.545386, 47.5443282]], [[15.5458697, 47.5443847], [15.5455675, 47.5443399]], [[15.5459845, 47.5444018], [15.5458697, 47.5443847]], [[15.5468452, 47.5445295], [15.5459845, 47.5444018]], [[15.5472512, 47.5445867], [15.5468452, 47.5445295]], [[15.547436, 47.5446123], [15.5472512, 47.5445867]], [[15.5478922, 47.5446285], [15.547436, 47.5446123]], [[15.5482306, 47.5446139], [15.5478922, 47.5446285]], [[15.5484856, 47.5445879], [15.5482306, 47.5446139]], [[15.5486189, 47.5445743], [15.5484856, 47.5445879]], [[15.5490967, 47.5444938], [15.5486189, 47.5445743]], [[15.5498994, 47.5443111], [15.5490967, 47.5444938]], [[15.5500781, 47.5443286], [15.5498994, 47.5443111]], [[15.5503438, 47.5443043], [15.5500781, 47.5443286]], [[15.5509019, 47.5442355], [15.5503438, 47.5443043]], [[15.5509258, 47.5442325], [15.5509019, 47.5442355]], [[15.5509609, 47.5442282], [15.5509258, 47.5442325]], [[15.5511473, 47.5442052], [15.5509609, 47.5442282]], [[15.5515519, 47.5441777], [15.5511473, 47.5442052]], [[15.5520007, 47.5441623], [15.5515519, 47.5441777]], [[15.5522787, 47.5441693], [15.5520007, 47.5441623]], [[15.5526318, 47.5441857], [15.5522787, 47.5441693]], [[15.5532619, 47.5442296], [15.5526318, 47.5441857]], [[15.5533288, 47.5442334], [15.5532619, 47.5442296]], [[15.5533975, 47.5442372], [15.5533288, 47.5442334]], [[15.553645, 47.5442616], [15.5533975, 47.5442372]], [[15.5540926, 47.5443379], [15.553645, 47.5442616]], [[15.5542915, 47.5443791], [15.5540926, 47.5443379]], [[15.5545475, 47.544441], [15.5542915, 47.5443791]], [[15.5549278, 47.5445408], [15.5545475, 47.544441]], [[15.555138, 47.5446026], [15.5549278, 47.5445408]], [[15.5553505, 47.5446728], [15.555138, 47.5446026]], [[15.5555042, 47.5447384], [15.5553505, 47.5446728]], [[15.5560908, 47.5449726], [15.5555042, 47.5447384]], [[15.5564637, 47.5451382], [15.5560908, 47.5449726]], [[15.556883, 47.5453419], [15.5564637, 47.5451382]], [[15.55695, 47.5453701], [15.556883, 47.5453419]], [[15.5570333, 47.5454052], [15.55695, 47.5453701]], [[15.5571723, 47.5454609], [15.5570333, 47.5454052]], [[15.5573034, 47.545528], [15.5571723, 47.5454609]], [[15.5575837, 47.5456852], [15.5573034, 47.545528]], [[15.5582697, 47.5460414], [15.5575837, 47.5456852]], [[15.5583901, 47.5459438], [15.5582697, 47.5460414]], [[15.558522, 47.5460124], [15.5583901, 47.5459438]], [[15.5586696, 47.5460795], [15.558522, 47.5460124]], [[15.5587645, 47.5461279], [15.5586696, 47.5460795]], [[15.5593375, 47.5464197], [15.5587645, 47.5461279]], [[15.5595248, 47.5465139], [15.5593375, 47.5464197]], [[15.560234, 47.5468708], [15.5595248, 47.5465139]], [[15.5604913, 47.5470953], [15.560234, 47.5468708]], [[15.5605097, 47.5471038], [15.5604913, 47.5470953]], [[15.560689, 47.5472583], [15.5605097, 47.5471038]], [[15.5608553, 47.5473707], [15.560689, 47.5472583]], [[15.560994, 47.5474379], [15.5608553, 47.5473707]], [[15.5612368, 47.5475752], [15.560994, 47.5474379]], [[15.5616872, 47.5478284], [15.5612368, 47.5475752]], [[15.5617388, 47.5478465], [15.5616872, 47.5478284]], [[15.5618139, 47.5478606], [15.5617388, 47.5478465]], [[15.5618209, 47.547861], [15.5618139, 47.5478606]], [[15.5619353, 47.5478678], [15.5618209, 47.547861]], [[15.5620694, 47.5478633], [15.5619353, 47.5478678]], [[15.5621759, 47.5478545], [15.5620694, 47.5478633]], [[15.5624693, 47.5479291], [15.5621759, 47.5478545]], [[15.5629267, 47.548061], [15.5624693, 47.5479291]], [[15.5631385, 47.5480942], [15.5629267, 47.548061]], [[15.5633233, 47.5481624], [15.5631385, 47.5480942]], [[15.5634333, 47.5482068], [15.5633233, 47.5481624]], [[15.5635044, 47.5482367], [15.5634333, 47.5482068]], [[15.5637565, 47.5483199], [15.5635044, 47.5482367]], [[15.5638477, 47.5483507], [15.5637565, 47.5483199]], [[15.5639067, 47.5483688], [15.5638477, 47.5483507]], [[15.5639711, 47.5483869], [15.5639067, 47.5483688]], [[15.5641267, 47.5484394], [15.5639711, 47.5483869]], [[15.5643466, 47.5485318], [15.5641267, 47.5484394]], [[15.564478, 47.5485897], [15.5643466, 47.5485318]], [[15.5645505, 47.5486223], [15.564478, 47.5485897]], [[15.5649233, 47.5488051], [15.5645505, 47.5486223]], [[15.5653068, 47.5489672], [15.5649233, 47.5488051]], [[15.5653578, 47.5489816], [15.5653068, 47.5489672]], [[15.5654128, 47.5489862], [15.5653578, 47.5489816]], [[15.565445, 47.5489816], [15.5654128, 47.5489862]], [[15.5654718, 47.5489708], [15.565445, 47.5489816]], [[15.5655573, 47.5489296], [15.5654718, 47.5489708]], [[15.5655573, 47.5489296], [15.5657711, 47.5490912]], [[15.5657711, 47.5490912], [15.5665111, 47.5495705]], [[15.5665111, 47.5495705], [15.567068, 47.5499637]], [[15.567068, 47.5499637], [15.5674129, 47.5502056]], [[15.5674129, 47.5502056], [15.5680669, 47.5506332]], [[15.5680669, 47.5506332], [15.5686388, 47.5509165]], [[15.5686388, 47.5509165], [15.5692396, 47.5512236]], [[15.5692396, 47.5512236], [15.5697914, 47.5514581]], [[15.5697914, 47.5514581], [15.5704403, 47.5517385]], [[15.5704403, 47.5517385], [15.5713617, 47.5521161]], [[15.5713617, 47.5521161], [15.5721247, 47.5524142]], [[15.5721247, 47.5524142], [15.5728619, 47.5526765]], [[15.5728619, 47.5526765], [15.573488, 47.5529089]], [[15.573488, 47.5529089], [15.574708, 47.5533668]], [[15.574708, 47.5533668], [15.5759372, 47.5538198]], [[15.5759372, 47.5538198], [15.5764137, 47.5540021]], [[15.5764137, 47.5540021], [15.5769115, 47.5542193]], [[15.5769115, 47.5542193], [15.5777253, 47.5545937]], [[15.5777253, 47.5545937], [15.5779357, 47.5547138]], [[15.5779357, 47.5547138], [15.5784076, 47.5549054]], [[15.5785122, 47.554809], [15.5784076, 47.5549054]], [[15.5788231, 47.5548734], [15.5785122, 47.554809]], [[15.5788819, 47.5548856], [15.5788231, 47.5548734]], [[15.5788685, 47.5549269], [15.5788819, 47.5548856]], [[15.5788839, 47.5549615], [15.5788685, 47.5549269]], [[15.5789207, 47.5549878], [15.5788839, 47.5549615]], [[15.5789207, 47.5549878], [15.5789323, 47.5550588]], [[15.5789323, 47.5550588], [15.578937, 47.5550875]], [[15.578937, 47.5550875], [15.5790439, 47.5552161]], [[15.5790439, 47.5552161], [15.5791907, 47.555319]], [[15.5791907, 47.555319], [15.5796724, 47.5555688]], [[15.5796724, 47.5555688], [15.5805139, 47.5561223]], [[15.5805139, 47.5561223], [15.5814019, 47.5566246]], [[15.5814019, 47.5566246], [15.5826057, 47.5572501]], [[15.5826057, 47.5572501], [15.5833043, 47.5576112]], [[15.5833043, 47.5576112], [15.5847536, 47.5581187]], [[15.5847536, 47.5581187], [15.5854404, 47.5582981]], [[15.5854404, 47.5582981], [15.5857237, 47.558291]], [[15.5857237, 47.558291], [15.5868401, 47.5584869]], [[15.5868401, 47.5584869], [15.5868965, 47.558496]], [[15.5868965, 47.558496], [15.5877913, 47.5586403]], [[15.5877913, 47.5586403], [15.5882533, 47.5586887]], [[15.5882533, 47.5586887], [15.5885584, 47.5587206]], [[15.5885584, 47.5587206], [15.5897363, 47.5587819]], [[15.5897363, 47.5587819], [15.590062, 47.5588645]], [[15.590062, 47.5588645], [15.5901745, 47.5589339]], [[15.5901745, 47.5589339], [15.5903948, 47.5590699]], [[15.5903948, 47.5590699], [15.590533, 47.5591358]], [[15.590533, 47.5591358], [15.5905835, 47.5591483]], [[15.5912517, 47.5591549], [15.5905835, 47.5591483]], [[15.5917399, 47.5591215], [15.5912517, 47.5591549]], [[15.5923169, 47.558966], [15.5917399, 47.5591215]], [[15.5923169, 47.558966], [15.5930113, 47.5590438]], [[15.5930113, 47.5590438], [15.5933603, 47.5590614]], [[15.5933603, 47.5590614], [15.5939106, 47.5590741]], [[15.5939106, 47.5590741], [15.5940838, 47.5590879]], [[15.5940838, 47.5590879], [15.5942647, 47.55913]], [[15.5942647, 47.55913], [15.5944456, 47.5591912]], [[15.5944456, 47.5591912], [15.5945634, 47.5592229]], [[15.5945634, 47.5592229], [15.5946991, 47.559218]], [[15.5946991, 47.559218], [15.5948162, 47.5591701]], [[15.5948162, 47.5591701], [15.5948811, 47.5590685]], [[15.5948811, 47.5590685], [15.5949153, 47.5589462]], [[15.5949153, 47.5589462], [15.594941, 47.5587762]], [[15.594941, 47.5587762], [15.594959, 47.5587025]], [[15.594959, 47.5587025], [15.5950225, 47.5586426]], [[15.5950225, 47.5586426], [15.5952312, 47.5585826]], [[15.5952312, 47.5585826], [15.595806, 47.5585257]], [[15.595806, 47.5585257], [15.596137, 47.5584944]], [[15.596137, 47.5584944], [15.596408, 47.5584638]], [[15.596408, 47.5584638], [15.5964625, 47.5584576]], [[15.5964625, 47.5584576], [15.5969093, 47.5584052]], [[15.5969093, 47.5584052], [15.5970918, 47.5583869]], [[15.5970918, 47.5583869], [15.5971722, 47.5583804]], [[15.5971722, 47.5583804], [15.597574, 47.5583437]], [[15.597574, 47.5583437], [15.5981011, 47.5582876]], [[15.5981011, 47.5582876], [15.5988094, 47.558215]], [[15.5988094, 47.558215], [15.5996225, 47.558146]], [[15.5996225, 47.558146], [15.5999372, 47.5581231]], [[15.5999372, 47.5581231], [15.600151, 47.5581148]], [[15.600151, 47.5581148], [15.6003962, 47.5581139]], [[15.6003962, 47.5581139], [15.6007612, 47.5581175]], [[15.6007612, 47.5581175], [15.6010731, 47.5581286]], [[15.6010731, 47.5581286], [15.601465, 47.5581499]], [[15.601465, 47.5581499], [15.6019707, 47.5581846]], [[15.6019707, 47.5581846], [15.6024709, 47.5582248]], [[15.6024709, 47.5582248], [15.6028888, 47.5582756]], [[15.6028888, 47.5582756], [15.6032102, 47.5583161]], [[15.6032102, 47.5583161], [15.6035202, 47.5583657]], [[15.6035202, 47.5583657], [15.6040356, 47.5584558]], [[15.6040356, 47.5584558], [15.6042999, 47.5585064]], [[15.6042999, 47.5585064], [15.6045737, 47.558567]], [[15.6045737, 47.558567], [15.6051939, 47.5588268]], [[15.6051939, 47.5588268], [15.6055823, 47.5589855]], [[15.6055823, 47.5589855], [15.6057245, 47.5590557]], [[15.6057245, 47.5590557], [15.6059314, 47.5591802]], [[15.6059314, 47.5591802], [15.6063578, 47.5593929]], [[15.6063578, 47.5593929], [15.6064662, 47.5594062]], [[15.6064662, 47.5594062], [15.6065862, 47.5594088]], [[15.6065862, 47.5594088], [15.6067308, 47.5593995]], [[15.6067308, 47.5593995], [15.6069545, 47.5593587]], [[15.6069545, 47.5593587], [15.6071431, 47.5593369]], [[15.6071431, 47.5593369], [15.6073388, 47.5593502]], [[15.6073388, 47.5593502], [15.6074304, 47.5593626]], [[15.6074304, 47.5593626], [15.6075249, 47.5593963]], [[15.6075249, 47.5593963], [15.6075888, 47.5594191]], [[15.6075888, 47.5594191], [15.6077215, 47.5594366]], [[15.6077215, 47.5594366], [15.6078848, 47.5594703]], [[15.6078848, 47.5594703], [15.6082747, 47.5595743]], [[15.6082747, 47.5595743], [15.6086547, 47.5596849]], [[15.6086547, 47.5596849], [15.6090445, 47.5598013]], [[15.6090445, 47.5598013], [15.6092586, 47.5598674]], [[15.6092586, 47.5598674], [15.6092979, 47.5598906]], [[15.6092979, 47.5598906], [15.6093263, 47.5599149]], [[15.6093263, 47.5599149], [15.6093519, 47.5599725]], [[15.6093519, 47.5599725], [15.6093661, 47.5601252]], [[15.6093661, 47.5601252], [15.6094217, 47.5602296]], [[15.6094217, 47.5602296], [15.609496, 47.5603335]], [[15.609496, 47.5603335], [15.609701, 47.5604369]], [[15.609701, 47.5604369], [15.6098647, 47.560562]], [[15.6098647, 47.560562], [15.6099685, 47.5606191]], [[15.6099685, 47.5606191], [15.6101324, 47.5606559]], [[15.6101324, 47.5606559], [15.6102534, 47.5606354]], [[15.6102534, 47.5606354], [15.6104505, 47.5607613]], [[15.6104505, 47.5607613], [15.6119456, 47.5619203]], [[15.6119456, 47.5619203], [15.61208, 47.5620714]], [[15.61208, 47.5620714], [15.6126125, 47.5624265]], [[15.6126125, 47.5624265], [15.6132047, 47.5629045]], [[15.6132047, 47.5629045], [15.6137063, 47.5633022]], [[15.6137063, 47.5633022], [15.6145177, 47.5639453]], [[15.6145177, 47.5639453], [15.6151242, 47.5644356]], [[15.6151242, 47.5644356], [15.6157267, 47.5649227]], [[15.6157267, 47.5649227], [15.6167234, 47.5657104]], [[15.6167234, 47.5657104], [15.6172523, 47.5661625]], [[15.6172523, 47.5661625], [15.617373, 47.5661682]], [[15.6174224, 47.5662007], [15.617373, 47.5661682]], [[15.617739, 47.5663846], [15.6174224, 47.5662007]], [[15.6181557, 47.5666054], [15.617739, 47.5663846]], [[15.6183073, 47.5667095], [15.6181557, 47.5666054]], [[15.618679, 47.5669832], [15.6183073, 47.5667095]], [[15.6188386, 47.5671291], [15.618679, 47.5669832]], [[15.6191329, 47.5674154], [15.6188386, 47.5671291]], [[15.6192827, 47.5675612], [15.6191329, 47.5674154]], [[15.6197474, 47.5679596], [15.6192827, 47.5675612]], [[15.6201238, 47.5682637], [15.6197474, 47.5679596]], [[15.6201238, 47.5682637], [15.6199658, 47.5684641]], [[15.6199658, 47.5684641], [15.6201121, 47.5687179]], [[15.6201121, 47.5687179], [15.6202966, 47.568947]], [[15.6202966, 47.568947], [15.6203698, 47.5690597]], [[15.6203698, 47.5690597], [15.6205127, 47.5694927]], [[15.6205127, 47.5694927], [15.6205452, 47.5695935]], [[15.6205452, 47.5695935], [15.6205775, 47.5696219]], [[15.6205775, 47.5696219], [15.6208345, 47.5695479]], [[15.6208345, 47.5695479], [15.6212402, 47.5697919]], [[15.6212402, 47.5697919], [15.6218705, 47.5701682]], [[15.6218705, 47.5701682], [15.6227597, 47.5707153]], [[15.6227597, 47.5707153], [15.6221898, 47.571155]], [[15.6221898, 47.571155], [15.6221589, 47.5711876]], [[15.6221589, 47.5711876], [15.6221469, 47.5712265]], [[15.6221469, 47.5712265], [15.6221406, 47.5713034]], [[15.6221406, 47.5713034], [15.6223306, 47.5713052]], [[15.6223306, 47.5713052], [15.6234965, 47.5713295]], [[15.6234965, 47.5713295], [15.6236476, 47.5713293]], [[15.6236476, 47.5713293], [15.623926, 47.5713289]], [[15.623926, 47.5713289], [15.6244543, 47.5712893]], [[15.6244543, 47.5712893], [15.6255336, 47.5712806]], [[15.6255336, 47.5712806], [15.6259865, 47.5713052]], [[15.6259865, 47.5713052], [15.6263847, 47.5713469]], [[15.6263847, 47.5713469], [15.6268055, 47.5714429]], [[15.6268055, 47.5714429], [15.6272283, 47.5715622]], [[15.6272283, 47.5715622], [15.6275153, 47.5716473]], [[15.6275153, 47.5716473], [15.6278371, 47.571687]], [[15.6278371, 47.571687], [15.6279351, 47.5716946]], [[15.6279351, 47.5716946], [15.6284026, 47.5719583]], [[15.6284026, 47.5719583], [15.6284751, 47.5720153]], [[15.6284751, 47.5720153], [15.6284587, 47.5720872]], [[15.6284587, 47.5720872], [15.6283869, 47.5724013]], [[15.6283869, 47.5724013], [15.6283641, 47.572551]], [[15.6283641, 47.572551], [15.6283832, 47.5726069]], [[15.6283832, 47.5726069], [15.6285276, 47.572833]], [[15.6285276, 47.572833], [15.6286398, 47.5730551]], [[15.6286398, 47.5730551], [15.6287116, 47.5732848]], [[15.6287116, 47.5732848], [15.6287611, 47.5733083]], [[15.6287611, 47.5733083], [15.6288497, 47.5733189]], [[15.6288497, 47.5733189], [15.6288909, 47.5733292]], [[15.6288909, 47.5733292], [15.6289458, 47.5733537]], [[15.6289458, 47.5733537], [15.6290202, 47.5734191]], [[15.6290202, 47.5734191], [15.6291026, 47.5734835]], [[15.6291026, 47.5734835], [15.6292561, 47.5735892]], [[15.6292561, 47.5735892], [15.6293749, 47.573653]], [[15.6293749, 47.573653], [15.6295873, 47.5737571]], [[15.6295873, 47.5737571], [15.6297812, 47.573859]], [[15.6297812, 47.573859], [15.6299146, 47.5739479]], [[15.6299146, 47.5739479], [15.630077, 47.5740656]], [[15.630077, 47.5740656], [15.6307475, 47.5745338]], [[15.6307475, 47.5745338], [15.6312275, 47.5747753]], [[15.6312275, 47.5747753], [15.6314472, 47.5748826]], [[15.6314472, 47.5748826], [15.6315757, 47.574954]], [[15.6315757, 47.574954], [15.6316944, 47.5750287]], [[15.6316944, 47.5750287], [15.6318358, 47.575147]], [[15.6318358, 47.575147], [15.6319554, 47.5752555]], [[15.6319554, 47.5752555], [15.6320144, 47.5753078]], [[15.6320144, 47.5753078], [15.6320984, 47.575365]], [[15.6320984, 47.575365], [15.6322252, 47.575444]], [[15.6322252, 47.575444], [15.6323481, 47.5755127]], [[15.6323481, 47.5755127], [15.6325145, 47.575595]], [[15.6325145, 47.575595], [15.6325888, 47.5756174]], [[15.6325888, 47.5756174], [15.6326825, 47.5756413]], [[15.6326825, 47.5756413], [15.6328062, 47.5756833]], [[15.6328062, 47.5756833], [15.6329346, 47.5757362]], [[15.6329346, 47.5757362], [15.6330776, 47.5758109]], [[15.6330776, 47.5758109], [15.6335562, 47.5760903]], [[15.6335562, 47.5760903], [15.633832, 47.5762342]], [[15.633832, 47.5762342], [15.634052, 47.5763385]], [[15.634052, 47.5763385], [15.6344875, 47.5765285]], [[15.6344875, 47.5765285], [15.6347918, 47.5766573]], [[15.6347918, 47.5766573], [15.635995, 47.5772455]], [[15.635995, 47.5772455], [15.6362879, 47.5773677]], [[15.6362879, 47.5773677], [15.6365264, 47.5774415]], [[15.6365264, 47.5774415], [15.6367047, 47.5774975]], [[15.6367047, 47.5774975], [15.6367872, 47.5775475]], [[15.6367872, 47.5775475], [15.6368417, 47.577568]], [[15.6368417, 47.577568], [15.6369062, 47.5776492]], [[15.6369062, 47.5776492], [15.6370457, 47.5777574]], [[15.6370457, 47.5777574], [15.6424372, 47.5810134]], [[15.6424372, 47.5810134], [15.6442435, 47.5820942]], [[15.6442435, 47.5820942], [15.6453826, 47.5828088]], [[15.6453826, 47.5828088], [15.6456033, 47.5829168]], [[15.6456033, 47.5829168], [15.6457202, 47.5829255]], [[15.6457202, 47.5829255], [15.6468661, 47.5836702]], [[15.6468661, 47.5836702], [15.6482555, 47.584507]], [[15.6482555, 47.584507], [15.6485624, 47.5846978]], [[15.6485624, 47.5846978], [15.6488595, 47.5848245]], [[15.6488595, 47.5848245], [15.6489622, 47.5849165]], [[15.6489622, 47.5849165], [15.6497346, 47.585435]], [[15.6497346, 47.585435], [15.6502385, 47.5857181]], [[15.6502385, 47.5857181], [15.6506922, 47.5858187]], [[15.6506922, 47.5858187], [15.6510894, 47.5860442]], [[15.6510894, 47.5860442], [15.6515161, 47.5861595]], [[15.6515161, 47.5861595], [15.6517756, 47.5864656]], [[15.6517756, 47.5864656], [15.6518407, 47.5865983]], [[15.6518407, 47.5865983], [15.6518961, 47.5868469]], [[15.6518961, 47.5868469], [15.6519024, 47.5870629]], [[15.6519024, 47.5870629], [15.6518872, 47.5873208]], [[15.6518872, 47.5873208], [15.6519462, 47.587422]], [[15.6519462, 47.587422], [15.6521325, 47.5876453]], [[15.6521325, 47.5876453], [15.6521897, 47.5877154]], [[15.6521897, 47.5877154], [15.6523518, 47.5878908]], [[15.6523518, 47.5878908], [15.6526, 47.5881461]], [[15.6526, 47.5881461], [15.6528352, 47.5883785]], [[15.6528352, 47.5883785], [15.6531376, 47.5886515]], [[15.6531376, 47.5886515], [15.6538945, 47.5894694]], [[15.6538945, 47.5894694], [15.6539395, 47.5894739]], [[15.6539395, 47.5894739], [15.6539839, 47.5894784]], [[15.6539839, 47.5894784], [15.6545295, 47.590088]], [[15.6545295, 47.590088], [15.6547705, 47.5903142]], [[15.6547705, 47.5903142], [15.6550965, 47.5905597]], [[15.6550965, 47.5905597], [15.655666, 47.5909123]], [[15.655666, 47.5909123], [15.656131, 47.5911562]], [[15.656131, 47.5911562], [15.6573509, 47.5917037]], [[15.6573509, 47.5917037], [15.6574291, 47.5917361]], [[15.6574291, 47.5917361], [15.6574739, 47.591755]], [[15.6574739, 47.591755], [15.6575024, 47.5917739]], [[15.6575024, 47.5917739], [15.6575347, 47.5918155]], [[15.6575347, 47.5918155], [15.6575663, 47.5918486]], [[15.6575663, 47.5918486], [15.6576083, 47.5918771]], [[15.6585057, 47.5922719], [15.6576083, 47.5918771]], [[15.659349, 47.5926206], [15.6585057, 47.5922719]], [[15.659625, 47.5927571], [15.659349, 47.5926206]], [[15.6597844, 47.5928408], [15.659625, 47.5927571]], [[15.660736, 47.5933576], [15.6597844, 47.5928408]], [[15.6612025, 47.5936616], [15.660736, 47.5933576]], [[15.6617133, 47.5940589], [15.6612025, 47.5936616]], [[15.6621782, 47.5945216], [15.6617133, 47.5940589]], [[15.6625876, 47.5950575], [15.6621782, 47.5945216]], [[15.6627689, 47.5953898], [15.6625876, 47.5950575]], [[15.6628427, 47.5955395], [15.6627689, 47.5953898]], [[15.6628824, 47.5955305], [15.6628427, 47.5955395]], [[15.6630147, 47.5954983], [15.6628824, 47.5955305]], [[15.6630763, 47.5954833], [15.6630147, 47.5954983]], [[15.6634978, 47.5953807], [15.6630763, 47.5954833]], [[15.66364, 47.595373], [15.6634978, 47.5953807]], [[15.6640324, 47.5953721], [15.66364, 47.595373]], [[15.6641826, 47.5953788], [15.6640324, 47.5953721]], [[15.6642768, 47.5954469], [15.6641826, 47.5953788]], [[15.664254, 47.596127], [15.6642768, 47.5954469]], [[15.664254, 47.596127], [15.6644686, 47.5962759]], [[15.6644686, 47.5962759], [15.6645391, 47.5963094]], [[15.6645391, 47.5963094], [15.6646137, 47.5963318]], [[15.6646137, 47.5963318], [15.664735, 47.5966002]], [[15.664735, 47.5966002], [15.6647598, 47.5966246]], [[15.6647598, 47.5966246], [15.6647906, 47.596635]], [[15.6647906, 47.596635], [15.6648114, 47.596635]], [[15.6648114, 47.596635], [15.6648863, 47.5966335]], [[15.6648863, 47.5966335], [15.6649621, 47.5966321]], [[15.6649621, 47.5966321], [15.6649854, 47.5966312]], [[15.6649854, 47.5966312], [15.6650575, 47.5966286]], [[15.6650464, 47.5966545], [15.6650575, 47.5966286]], [[15.6650677, 47.5969162], [15.6650464, 47.5966545]], [[15.6651339, 47.5970907], [15.6650677, 47.5969162]], [[15.6653157, 47.5974051], [15.6651339, 47.5970907]], [[15.6654632, 47.5976895], [15.6653157, 47.5974051]], [[15.6656184, 47.5978288], [15.6654632, 47.5976895]], [[15.6656358, 47.5978444], [15.6656184, 47.5978288]], [[15.6656424, 47.597855], [15.6656358, 47.5978444]], [[15.6656439, 47.5978624], [15.6656424, 47.597855]], [[15.6656338, 47.5978768], [15.6656439, 47.5978624]], [[15.6655951, 47.5979107], [15.6656338, 47.5978768]], [[15.6655951, 47.5979107], [15.665653, 47.5979718]], [[15.665653, 47.5979718], [15.6660433, 47.5984829]], [[15.6660433, 47.5984829], [15.6660969, 47.5985057]], [[15.6660969, 47.5985057], [15.6661572, 47.5985638]], [[15.6661572, 47.5985638], [15.6661901, 47.5986147]], [[15.6661901, 47.5986147], [15.6662053, 47.5987231]], [[15.6662053, 47.5987231], [15.6666449, 47.5993824]], [[15.6666449, 47.5993824], [15.6667777, 47.5995815]], [[15.6667777, 47.5995815], [15.6671331, 47.599958]], [[15.6671331, 47.599958], [15.6672102, 47.6000404]], [[15.6672102, 47.6000404], [15.6673732, 47.6001859]], [[15.6673732, 47.6001859], [15.6675725, 47.6004033]], [[15.6675725, 47.6004033], [15.668036, 47.6010501]], [[15.668036, 47.6010501], [15.6683047, 47.6014182]], [[15.6683047, 47.6014182], [15.6688887, 47.6011786]], [[15.6688887, 47.6011786], [15.6690826, 47.6010821]], [[15.6690826, 47.6010821], [15.6694275, 47.6008967]], [[15.6694275, 47.6008967], [15.6694897, 47.6008725]], [[15.6694897, 47.6008725], [15.6695563, 47.6008465]], [[15.6695563, 47.6008465], [15.6698063, 47.6007627]], [[15.6698063, 47.6007627], [15.6702345, 47.6006381]], [[15.6703414, 47.6007937], [15.6702345, 47.6006381]], [[15.6704649, 47.6009734], [15.6703414, 47.6007937]], [[15.6704907, 47.6010266], [15.6704649, 47.6009734]], [[15.6705572, 47.6011592], [15.6704907, 47.6010266]], [[15.6705875, 47.6013347], [15.6705572, 47.6011592]], [[15.670638, 47.6014578], [15.6705875, 47.6013347]], [[15.6707292, 47.6015481], [15.670638, 47.6014578]], [[15.6707943, 47.6016124], [15.6707292, 47.6015481]], [[15.6710001, 47.6018332], [15.6707943, 47.6016124]], [[15.6710706, 47.6020906], [15.6710001, 47.6018332]], [[15.6711672, 47.6024432], [15.6710706, 47.6020906]], [[15.6712673, 47.6026288], [15.6711672, 47.6024432]], [[15.6715958, 47.6030766], [15.6712673, 47.6026288]], [[15.671671, 47.6031787], [15.6715958, 47.6030766]], [[15.6718109, 47.6033688], [15.671671, 47.6031787]], [[15.6720312, 47.6038069], [15.6718109, 47.6033688]], [[15.6720421, 47.6038285], [15.6720312, 47.6038069]], [[15.672114, 47.6041491], [15.6720421, 47.6038285]], [[15.6721443, 47.6044586], [15.672114, 47.6041491]], [[15.6721601, 47.6045261], [15.6721443, 47.6044586]], [[15.6721601, 47.6045261], [15.6723352, 47.60451]], [[15.6723352, 47.60451], [15.6729815, 47.6043594]], [[15.6729815, 47.6043594], [15.6731491, 47.6043474]], [[15.6731491, 47.6043474], [15.673267, 47.6043527]], [[15.673267, 47.6043527], [15.6733436, 47.6043607]], [[15.6733436, 47.6043607], [15.6734359, 47.6043727]], [[15.6734359, 47.6043727], [15.6735574, 47.6043884]], [[15.6735574, 47.6043884], [15.6739474, 47.604402]], [[15.6739474, 47.604402], [15.6741786, 47.6043806]], [[15.6741786, 47.6043806], [15.6747112, 47.6042786]], [[15.6747112, 47.6042786], [15.6747739, 47.6043134]], [[15.6747739, 47.6043134], [15.6752735, 47.6044132]], [[15.6752735, 47.6044132], [15.6754965, 47.6044978]], [[15.6754965, 47.6044978], [15.6760857, 47.6047212]], [[15.6760857, 47.6047212], [15.6761556, 47.6047448]], [[15.6761556, 47.6047448], [15.6770523, 47.6050478]], [[15.6770523, 47.6050478], [15.677105, 47.6050656]], [[15.677105, 47.6050656], [15.6772185, 47.6051106]], [[15.6772185, 47.6051106], [15.6772683, 47.6051304]], [[15.6772683, 47.6051304], [15.6779561, 47.6054034]], [[15.6803953, 47.6062229], [15.6779561, 47.6054034]], [[15.6803257, 47.6064144], [15.6803953, 47.6062229]], [[15.6803038, 47.6064746], [15.6803257, 47.6064144]], [[15.6801814, 47.6064582], [15.6803038, 47.6064746]], [[15.6801868, 47.6065209], [15.6801814, 47.6064582]], [[15.6801963, 47.6065476], [15.6801868, 47.6065209]], [[15.680228, 47.606563], [15.6801963, 47.6065476]], [[15.6804598, 47.6066548], [15.680228, 47.606563]], [[15.680554, 47.6067208], [15.6804598, 47.6066548]], [[15.6806102, 47.6069409], [15.680554, 47.6067208]], [[15.6806966, 47.6070343], [15.6806102, 47.6069409]], [[15.6811998, 47.6070751], [15.6806966, 47.6070343]], [[15.6811998, 47.6070751], [15.6811942, 47.6072297]], [[15.6811942, 47.6072297], [15.681427, 47.6073045]], [[15.681427, 47.6073045], [15.6829493, 47.6072732]], [[15.6829493, 47.6072732], [15.6838565, 47.6072469]], [[15.6838565, 47.6072469], [15.6845333, 47.6072736]], [[15.6845333, 47.6072736], [15.6855627, 47.6073414]], [[15.6855627, 47.6073414], [15.6857127, 47.607321]], [[15.6857127, 47.607321], [15.6857791, 47.6073119]], [[15.6857791, 47.6073119], [15.6860691, 47.6073124]], [[15.6860691, 47.6073124], [15.6862679, 47.6073396]], [[15.6862679, 47.6073396], [15.6864077, 47.6073719]], [[15.6864077, 47.6073719], [15.6866325, 47.6074371]], [[15.6866325, 47.6074371], [15.6866989, 47.6074506]], [[15.6866989, 47.6074506], [15.6867861, 47.6074669]], [[15.6867861, 47.6074669], [15.6868444, 47.6074714]], [[15.6868444, 47.6074714], [15.6869061, 47.6074741]], [[15.6869061, 47.6074741], [15.6869557, 47.6074682]], [[15.6869557, 47.6074682], [15.6869725, 47.6074527]], [[15.6870258, 47.6073783], [15.6869725, 47.6074527]], [[15.6870869, 47.6072929], [15.6870258, 47.6073783]], [[15.6871211, 47.6071188], [15.6870869, 47.6072929]], [[15.6871341, 47.6070718], [15.6871211, 47.6071188]], [[15.6871526, 47.6070446], [15.6871341, 47.6070718]], [[15.6872657, 47.6069697], [15.6871526, 47.6070446]], [[15.6873374, 47.6068977], [15.6872657, 47.6069697]], [[15.6873625, 47.6068454], [15.6873374, 47.6068977]], [[15.6873933, 47.6067933], [15.6873625, 47.6068454]], [[15.687432, 47.6067752], [15.6873933, 47.6067933]], [[15.6875931, 47.606769], [15.687432, 47.6067752]], [[15.6883066, 47.6067839], [15.6875931, 47.606769]], [[15.6883883, 47.6067882], [15.6883066, 47.6067839]], [[15.6885872, 47.6068296], [15.6883883, 47.6067882]], [[15.6886816, 47.6068375], [15.6885872, 47.6068296]], [[15.6891683, 47.6067653], [15.6886816, 47.6068375]], [[15.6893268, 47.6067584], [15.6891683, 47.6067653]], [[15.6894424, 47.6067762], [15.6893268, 47.6067584]], [[15.6897457, 47.6067719], [15.6894424, 47.6067762]], [[15.6903231, 47.6067785], [15.6897457, 47.6067719]], [[15.690397, 47.6067741], [15.6903231, 47.6067785]], [[15.6904972, 47.606784], [15.690397, 47.6067741]], [[15.6911461, 47.6067353], [15.6904972, 47.606784]], [[15.6912496, 47.606712], [15.6911461, 47.6067353]], [[15.6914483, 47.6067018], [15.6912496, 47.606712]], [[15.6915683, 47.606701], [15.6914483, 47.6067018]], [[15.6917555, 47.6066799], [15.6915683, 47.606701]], [[15.6919017, 47.6066722], [15.6917555, 47.6066799]], [[15.6923683, 47.6066511], [15.6919017, 47.6066722]], [[15.692613, 47.6066445], [15.6923683, 47.6066511]], [[15.6931174, 47.6066256], [15.692613, 47.6066445]], [[15.6932077, 47.6066179], [15.6931174, 47.6066256]], [[15.6934705, 47.6065813], [15.6932077, 47.6066179]], [[15.6936825, 47.6065581], [15.6934705, 47.6065813]], [[15.6938599, 47.606526], [15.6936825, 47.6065581]], [[15.6941468, 47.6064461], [15.6938599, 47.606526]], [[15.6941468, 47.6064461], [15.6945658, 47.6063484]], [[15.6945658, 47.6063484], [15.6947114, 47.6063222]], [[15.6947114, 47.6063222], [15.6951016, 47.6062462]], [[15.6951016, 47.6062462], [15.6955039, 47.606182]], [[15.6955039, 47.606182], [15.6964226, 47.6060527]], [[15.6964226, 47.6060527], [15.6967492, 47.6060252]], [[15.6967492, 47.6060252], [15.6969547, 47.6059988]], [[15.6969547, 47.6059988], [15.6972592, 47.6059615]], [[15.6972592, 47.6059615], [15.6977903, 47.6058654]], [[15.6977903, 47.6058654], [15.6982116, 47.6057675]], [[15.6982116, 47.6057675], [15.6987215, 47.6056212]], [[15.6987215, 47.6056212], [15.698968, 47.6055211]], [[15.698968, 47.6055211], [15.6990739, 47.6054535]], [[15.6990739, 47.6054535], [15.6992679, 47.6052904]], [[15.6992679, 47.6052904], [15.6993717, 47.6051765]], [[15.6993717, 47.6051765], [15.6995246, 47.6049785]], [[15.6995246, 47.6049785], [15.6996328, 47.6048689]], [[15.6996328, 47.6048689], [15.699715, 47.6048085]], [[15.699715, 47.6048085], [15.699829, 47.6047416]], [[15.699829, 47.6047416], [15.6999948, 47.6046773]], [[15.6999948, 47.6046773], [15.7001314, 47.6046399]], [[15.7001314, 47.6046399], [15.7002863, 47.6046132]], [[15.7002863, 47.6046132], [15.7004768, 47.6046105]], [[15.7004768, 47.6046105], [15.7006122, 47.6046197]], [[15.7006122, 47.6046197], [15.700808, 47.6046584]], [[15.700808, 47.6046584], [15.7010199, 47.6047181]], [[15.7010199, 47.6047181], [15.701158, 47.6047715]], [[15.701158, 47.6047715], [15.7013736, 47.604806]], [[15.7013736, 47.604806], [15.7014663, 47.6048262]], [[15.7014663, 47.6048262], [15.7015398, 47.6048378]], [[15.7015398, 47.6048378], [15.7018867, 47.6048511]], [[15.7018867, 47.6048511], [15.7020566, 47.6048329]], [[15.7020566, 47.6048329], [15.7024585, 47.6047642]], [[15.7024585, 47.6047642], [15.7026902, 47.6047316]], [[15.7026902, 47.6047316], [15.7030713, 47.6046927]], [[15.7030713, 47.6046927], [15.7031274, 47.6046846]], [[15.7031274, 47.6046846], [15.7032095, 47.6046818]], [[15.7032095, 47.6046818], [15.7032194, 47.6047651]], [[15.7032194, 47.6047651], [15.7032747, 47.6048383]], [[15.7032747, 47.6048383], [15.7033226, 47.6048687]], [[15.7033226, 47.6048687], [15.7034886, 47.6049738]], [[15.7034886, 47.6049738], [15.7037383, 47.605078]], [[15.7037383, 47.605078], [15.7039154, 47.6050961]], [[15.7039154, 47.6050961], [15.704248, 47.6050997]], [[15.704248, 47.6050997], [15.7043499, 47.6051539]], [[15.7043499, 47.6051539], [15.7043846, 47.6052245]], [[15.7043846, 47.6052245], [15.7043779, 47.605299]], [[15.7043779, 47.605299], [15.7043298, 47.6053756]], [[15.7043298, 47.6053756], [15.7042722, 47.6054724]], [[15.7042722, 47.6054724], [15.7048832, 47.6056255]], [[15.7048832, 47.6056255], [15.7051713, 47.6056827]], [[15.7051713, 47.6056827], [15.7055138, 47.6057323]], [[15.7055138, 47.6057323], [15.7058239, 47.6057774]], [[15.7058239, 47.6057774], [15.7062166, 47.6058048]], [[15.7062166, 47.6058048], [15.7065755, 47.6058111]], [[15.7065755, 47.6058111], [15.7068306, 47.6058062]], [[15.7068306, 47.6058062], [15.70717, 47.6057936]], [[15.70717, 47.6057936], [15.7072224, 47.6057614]], [[15.7072224, 47.6057614], [15.7073971, 47.6056763]], [[15.7073971, 47.6056763], [15.7074664, 47.6056523]], [[15.7074664, 47.6056523], [15.7076163, 47.6056488]], [[15.7076163, 47.6056488], [15.7081462, 47.605602]], [[15.7081462, 47.605602], [15.708225, 47.6055947]], [[15.708225, 47.6055947], [15.7085735, 47.6055411]], [[15.7085735, 47.6055411], [15.7086958, 47.6055223]], [[15.7086958, 47.6055223], [15.708851, 47.6054984]], [[15.708851, 47.6054984], [15.7094336, 47.6053434]], [[15.7094336, 47.6053434], [15.7097448, 47.6052153]], [[15.7097448, 47.6052153], [15.7098126, 47.6051874]], [[15.7098126, 47.6051874], [15.710057, 47.6050742]], [[15.710057, 47.6050742], [15.7101488, 47.6050093]], [[15.7101488, 47.6050093], [15.7103001, 47.604985]], [[15.7103001, 47.604985], [15.7103826, 47.6049717]], [[15.7103826, 47.6049717], [15.7110678, 47.6046303]], [[15.7110678, 47.6046303], [15.7111387, 47.6045744]], [[15.7114221, 47.6045202], [15.7111387, 47.6045744]], [[15.7116073, 47.6044881], [15.7114221, 47.6045202]], [[15.7124935, 47.6043245], [15.7116073, 47.6044881]], [[15.7125935, 47.6042888], [15.7124935, 47.6043245]], [[15.7126595, 47.604273], [15.7125935, 47.6042888]], [[15.7129778, 47.6042055], [15.7126595, 47.604273]], [[15.7130273, 47.6041953], [15.7129778, 47.6042055]], [[15.7133111, 47.6041477], [15.7130273, 47.6041953]], [[15.713854, 47.6040234], [15.7133111, 47.6041477]], [[15.7144859, 47.6038708], [15.713854, 47.6040234]], [[15.7152641, 47.6036673], [15.7144859, 47.6038708]], [[15.7156626, 47.6035576], [15.7152641, 47.6036673]], [[15.7161853, 47.603414], [15.7156626, 47.6035576]], [[15.7169417, 47.6032076], [15.7161853, 47.603414]], [[15.7179973, 47.6029175], [15.7169417, 47.6032076]], [[15.7185361, 47.6027686], [15.7179973, 47.6029175]], [[15.7191967, 47.6025914], [15.7185361, 47.6027686]], [[15.7196968, 47.6024693], [15.7191967, 47.6025914]], [[15.7199603, 47.6024096], [15.7196968, 47.6024693]], [[15.7202447, 47.6023489], [15.7199603, 47.6024096]], [[15.7209673, 47.6021942], [15.7202447, 47.6023489]], [[15.7211134, 47.6021549], [15.7209673, 47.6021942]], [[15.7212424, 47.602141], [15.7211134, 47.6021549]], [[15.7213393, 47.6021257], [15.7212424, 47.602141]], [[15.7217178, 47.6020483], [15.7213393, 47.6021257]], [[15.7217963, 47.6020293], [15.7217178, 47.6020483]], [[15.7218388, 47.6020181], [15.7217963, 47.6020293]], [[15.7218979, 47.6019973], [15.7218388, 47.6020181]], [[15.7221981, 47.6018768], [15.7218979, 47.6019973]], [[15.7226962, 47.6016599], [15.7221981, 47.6018768]], [[15.7228464, 47.6016011], [15.7226962, 47.6016599]], [[15.7229427, 47.6015706], [15.7228464, 47.6016011]], [[15.7234227, 47.6014512], [15.7229427, 47.6015706]], [[15.7236383, 47.60139], [15.7234227, 47.6014512]], [[15.7238583, 47.601319], [15.7236383, 47.60139]], [[15.7241686, 47.6012936], [15.7238583, 47.601319]], [[15.7248853, 47.6012195], [15.7241686, 47.6012936]], [[15.7249845, 47.6012092], [15.7248853, 47.6012195]], [[15.7254395, 47.6011609], [15.7249845, 47.6012092]], [[15.725826, 47.601101], [15.7254395, 47.6011609]], [[15.7260181, 47.6011093], [15.725826, 47.601101]], [[15.7265443, 47.6011601], [15.7260181, 47.6011093]], [[15.7267289, 47.601191], [15.7265443, 47.6011601]], [[15.7269312, 47.6012297], [15.7267289, 47.601191]], [[15.7270682, 47.601272], [15.7269312, 47.6012297]], [[15.7272315, 47.6013364], [15.7270682, 47.601272]], [[15.7272875, 47.6013607], [15.7272315, 47.6013364]], [[15.7275062, 47.6014367], [15.7272875, 47.6013607]], [[15.7278762, 47.6015876], [15.7275062, 47.6014367]], [[15.7279318, 47.6015837], [15.7278762, 47.6015876]], [[15.7285068, 47.6018327], [15.7279318, 47.6015837]], [[15.7287077, 47.6019267], [15.7285068, 47.6018327]], [[15.7288269, 47.6019908], [15.7287077, 47.6019267]], [[15.7288823, 47.6020294], [15.7288269, 47.6019908]], [[15.7289076, 47.6020538], [15.7288823, 47.6020294]], [[15.7290451, 47.6021656], [15.7289076, 47.6020538]], [[15.7291791, 47.6022536], [15.7290451, 47.6021656]], [[15.7293114, 47.6023266], [15.7291791, 47.6022536]], [[15.7294055, 47.6023762], [15.7293114, 47.6023266]], [[15.7295213, 47.6024372], [15.7294055, 47.6023762]], [[15.7296487, 47.6025204], [15.7295213, 47.6024372]], [[15.729655, 47.6025249], [15.7296487, 47.6025204]], [[15.7297256, 47.6025729], [15.729655, 47.6025249]], [[15.7300666, 47.6028179], [15.7297256, 47.6025729]], [[15.730256, 47.6029621], [15.7300666, 47.6028179]], [[15.7303794, 47.603067], [15.730256, 47.6029621]], [[15.7305058, 47.6031901], [15.7303794, 47.603067]], [[15.7305967, 47.603332], [15.7305058, 47.6031901]], [[15.7306543, 47.6034657], [15.7305967, 47.603332]], [[15.7306839, 47.603568], [15.7306543, 47.6034657]], [[15.7307375, 47.6038393], [15.7306839, 47.603568]], [[15.730775, 47.6039699], [15.7307375, 47.6038393]], [[15.7308153, 47.6040649], [15.730775, 47.6039699]], [[15.7308749, 47.604176], [15.7308153, 47.6040649]], [[15.730945, 47.6042708], [15.7308749, 47.604176]], [[15.7310513, 47.6043782], [15.730945, 47.6042708]], [[15.7311404, 47.6044609], [15.7310513, 47.6043782]], [[15.7312444, 47.6045394], [15.7311404, 47.6044609]], [[15.7313611, 47.6046091], [15.7312444, 47.6045394]], [[15.7316514, 47.6047728], [15.7313611, 47.6046091]], [[15.7317393, 47.6048203], [15.7316514, 47.6047728]], [[15.7318185, 47.6048489], [15.7317393, 47.6048203]], [[15.7319941, 47.6048953], [15.7318185, 47.6048489]], [[15.7321677, 47.6049356], [15.7319941, 47.6048953]], [[15.7323079, 47.604975], [15.7321677, 47.6049356]], [[15.7324226, 47.6050216], [15.7323079, 47.604975]], [[15.7325463, 47.6050832], [15.7324226, 47.6050216]], [[15.7326597, 47.6051402], [15.7325463, 47.6050832]], [[15.7327243, 47.6051793], [15.7326597, 47.6051402]], [[15.7328517, 47.6052701], [15.7327243, 47.6051793]], [[15.7330281, 47.6053981], [15.7328517, 47.6052701]], [[15.7332726, 47.6055606], [15.7330281, 47.6053981]], [[15.7335502, 47.6057433], [15.7332726, 47.6055606]], [[15.7337321, 47.6058597], [15.7335502, 47.6057433]], [[15.733927, 47.6059734], [15.7337321, 47.6058597]], [[15.7341818, 47.6061158], [15.733927, 47.6059734]], [[15.7346481, 47.6063761], [15.7341818, 47.6061158]], [[15.735474, 47.6068412], [15.7346481, 47.6063761]], [[15.7361434, 47.6072341], [15.735474, 47.6068412]], [[15.7364358, 47.6074094], [15.7361434, 47.6072341]], [[15.736763, 47.6076052], [15.7364358, 47.6074094]], [[15.7374208, 47.6080098], [15.736763, 47.6076052]], [[15.7382434, 47.6085227], [15.7374208, 47.6080098]], [[15.7384234, 47.6086554], [15.7382434, 47.6085227]], [[15.7397202, 47.6094732], [15.7384234, 47.6086554]], [[15.7400273, 47.6096608], [15.7397202, 47.6094732]], [[15.7404504, 47.6099109], [15.7400273, 47.6096608]], [[15.7414093, 47.6104782], [15.7404504, 47.6099109]], [[15.7415498, 47.6105567], [15.7414093, 47.6104782]], [[15.7418076, 47.610701], [15.7415498, 47.6105567]], [[15.7419813, 47.6107815], [15.7418076, 47.610701]], [[15.7421241, 47.610852], [15.7419813, 47.6107815]], [[15.7422595, 47.6109263], [15.7421241, 47.610852]], [[15.742389, 47.6109994], [15.7422595, 47.6109263]], [[15.7429455, 47.6112969], [15.742389, 47.6109994]], [[15.7436579, 47.6116632], [15.7429455, 47.6112969]], [[15.7444543, 47.6120599], [15.7436579, 47.6116632]], [[15.7448424, 47.6122466], [15.7444543, 47.6120599]], [[15.7461465, 47.6128517], [15.7448424, 47.6122466]], [[15.7467755, 47.6131344], [15.7461465, 47.6128517]], [[15.7471034, 47.613272], [15.7467755, 47.6131344]], [[15.7476499, 47.6135068], [15.7471034, 47.613272]], [[15.7478391, 47.6135805], [15.7476499, 47.6135068]], [[15.7483921, 47.6138047], [15.7478391, 47.6135805]], [[15.7483921, 47.6138047], [15.7482829, 47.6139697]], [[15.7482829, 47.6139697], [15.7482189, 47.6140487]], [[15.7482189, 47.6140487], [15.7481871, 47.6140972]], [[15.7481871, 47.6140972], [15.748141, 47.6141822]], [[15.748141, 47.6141822], [15.7481662, 47.6142751]], [[15.7481662, 47.6142751], [15.7482166, 47.6142476]], [[15.7482166, 47.6142476], [15.7482842, 47.6142485]], [[15.7482842, 47.6142485], [15.7483987, 47.6142624]], [[15.7483987, 47.6142624], [15.7485289, 47.614298]], [[15.7485289, 47.614298], [15.7486652, 47.6143148]], [[15.7486652, 47.6143148], [15.7488753, 47.6143209]], [[15.7488753, 47.6143209], [15.7492539, 47.6145198]], [[15.7492539, 47.6145198], [15.7493537, 47.6145884]], [[15.7493537, 47.6145884], [15.7494324, 47.6146492]], [[15.7494324, 47.6146492], [15.7495183, 47.6147315]], [[15.7495183, 47.6147315], [15.7496074, 47.6148447]], [[15.7496074, 47.6148447], [15.7496384, 47.6149485]], [[15.7496384, 47.6149485], [15.7496213, 47.6152561]], [[15.7496213, 47.6152561], [15.7500233, 47.6153669]], [[15.7504271, 47.6152608], [15.7500233, 47.6153669]], [[15.7509528, 47.6151879], [15.7504271, 47.6152608]], [[15.7509528, 47.6151879], [15.7513761, 47.6154551]], [[15.7513761, 47.6154551], [15.7514367, 47.61548]], [[15.7514367, 47.61548], [15.7515078, 47.6154989]], [[15.7515078, 47.6154989], [15.7519368, 47.6155934]], [[15.7519368, 47.6155934], [15.752426, 47.6157024]], [[15.752426, 47.6157024], [15.7527165, 47.6157636]], [[15.7527165, 47.6157636], [15.7530105, 47.6158285]], [[15.7530105, 47.6158285], [15.7530823, 47.6158462]], [[15.7530823, 47.6158462], [15.753433, 47.6159438]], [[15.753433, 47.6159438], [15.7534692, 47.6159524]], [[15.7534692, 47.6159524], [15.7535024, 47.6159583]], [[15.7535024, 47.6159583], [15.7535617, 47.6159678]], [[15.7535617, 47.6159678], [15.7536643, 47.6159804]], [[15.7536643, 47.6159804], [15.7537441, 47.6159922]], [[15.7537441, 47.6159922], [15.7538239, 47.6160062]], [[15.7538239, 47.6160062], [15.754046, 47.6160476]], [[15.754046, 47.6160476], [15.7542241, 47.6159876]], [[15.7541533, 47.6159587], [15.7542241, 47.6159876]], [[15.7540894, 47.6159248], [15.7541533, 47.6159587]], [[15.7540324, 47.6158914], [15.7540894, 47.6159248]], [[15.753971, 47.6158486], [15.7540324, 47.6158914]], [[15.7538967, 47.6157952], [15.753971, 47.6158486]], [[15.7538967, 47.6157952], [15.7539982, 47.6157701]], [[15.7539982, 47.6157701], [15.7541404, 47.6157543]], [[15.7541404, 47.6157543], [15.7542524, 47.6157577]], [[15.7542524, 47.6157577], [15.754406, 47.6157372]], [[15.754406, 47.6157372], [15.7545868, 47.615621]], [[15.7545868, 47.615621], [15.7550439, 47.6153804]], [[15.7550439, 47.6153804], [15.755352, 47.615096]], [[15.755352, 47.615096], [15.7557722, 47.6149484]], [[15.7559072, 47.6149725], [15.7557722, 47.6149484]], [[15.7560737, 47.6150335], [15.7559072, 47.6149725]], [[15.7561758, 47.6150693], [15.7560737, 47.6150335]], [[15.7562399, 47.6150904], [15.7561758, 47.6150693]], [[15.7565881, 47.6152052], [15.7562399, 47.6150904]], [[15.7566343, 47.6152223], [15.7565881, 47.6152052]], [[15.7566493, 47.61523], [15.7566343, 47.6152223]], [[15.756672, 47.6152416], [15.7566493, 47.61523]], [[15.7567335, 47.6152732], [15.756672, 47.6152416]], [[15.7569336, 47.6153759], [15.7567335, 47.6152732]], [[15.7573034, 47.6157312], [15.7569336, 47.6153759]], [[15.7573034, 47.6157312], [15.7579411, 47.6155956]], [[15.7579411, 47.6155956], [15.7580936, 47.6155627]], [[15.7580936, 47.6155627], [15.7591987, 47.6153244]], [[15.7591987, 47.6153244], [15.7599825, 47.6151553]], [[15.7599825, 47.6151553], [15.7600824, 47.615335]], [[15.7600824, 47.615335], [15.7602401, 47.615429]], [[15.7602401, 47.615429], [15.7604592, 47.6154502]], [[15.7604592, 47.6154502], [15.7610899, 47.6154061]], [[15.7610899, 47.6154061], [15.7615661, 47.6154211]], [[15.7615661, 47.6154211], [15.7618263, 47.6154293]], [[15.7618263, 47.6154293], [15.7673065, 47.6157986]], [[15.7673065, 47.6157986], [15.7678089, 47.6157755]], [[15.7678089, 47.6157755], [15.7682142, 47.6158255]], [[15.7682142, 47.6158255], [15.768617, 47.6158986]], [[15.768617, 47.6158986], [15.7690433, 47.6160339]], [[15.7690433, 47.6160339], [15.769761, 47.6165231]], [[15.769761, 47.6165231], [15.7700464, 47.6164893]], [[15.7700464, 47.6164893], [15.7701733, 47.6164221]], [[15.7701733, 47.6164221], [15.7703804, 47.6165813]], [[15.7703804, 47.6165813], [15.7706729, 47.6167478]], [[15.7706729, 47.6167478], [15.7709738, 47.6168837]], [[15.7709738, 47.6168837], [15.772444, 47.617406]], [[15.772444, 47.617406], [15.7725916, 47.6172525]], [[15.7725916, 47.6172525], [15.7727215, 47.6171783]], [[15.7727215, 47.6171783], [15.7728529, 47.6171679]], [[15.7728529, 47.6171679], [15.7730025, 47.6171821]], [[15.7730025, 47.6171821], [15.7731276, 47.6172313]], [[15.7731276, 47.6172313], [15.7732862, 47.6173902]], [[15.7732862, 47.6173902], [15.7734134, 47.6174872]], [[15.7734134, 47.6174872], [15.7736031, 47.6175737]], [[15.7736031, 47.6175737], [15.7739147, 47.6176792]], [[15.7739147, 47.6176792], [15.7750321, 47.6180075]], [[15.7750321, 47.6180075], [15.7756072, 47.6181502]], [[15.7756072, 47.6181502], [15.7761144, 47.6182438]], [[15.7761144, 47.6182438], [15.7765928, 47.6183101]], [[15.7765928, 47.6183101], [15.7771065, 47.6183642]], [[15.7771065, 47.6183642], [15.7775028, 47.6184158]], [[15.7775028, 47.6184158], [15.7779169, 47.6184863]], [[15.7779169, 47.6184863], [15.77827, 47.6185627]], [[15.77827, 47.6185627], [15.7785147, 47.6186571]], [[15.7785147, 47.6186571], [15.7787703, 47.6187865]], [[15.7787703, 47.6187865], [15.7790386, 47.6189046]], [[15.7790386, 47.6189046], [15.7793185, 47.6189903]], [[15.7793185, 47.6189903], [15.7795078, 47.6190271]], [[15.7795078, 47.6190271], [15.7796443, 47.6190536]], [[15.7796443, 47.6190536], [15.7801415, 47.6190995]], [[15.7801415, 47.6190995], [15.7805682, 47.6191582]], [[15.7805682, 47.6191582], [15.7809955, 47.6192658]], [[15.7809955, 47.6192658], [15.78204, 47.6196407]], [[15.78204, 47.6196407], [15.7826936, 47.6198841]], [[15.7826936, 47.6198841], [15.7836254, 47.6202463]], [[15.7836254, 47.6202463], [15.7838472, 47.6203247]], [[15.7838472, 47.6203247], [15.7840919, 47.620389]], [[15.7840919, 47.620389], [15.7846383, 47.6204832]], [[15.7846383, 47.6204832], [15.7848223, 47.6205052]], [[15.7848223, 47.6205052], [15.7850185, 47.6205065]], [[15.7850185, 47.6205065], [15.7856542, 47.6204756]], [[15.7856542, 47.6204756], [15.7861971, 47.6204492]], [[15.7861971, 47.6204492], [15.7865405, 47.6204486]], [[15.7865405, 47.6204486], [15.7871774, 47.6204833]], [[15.7871774, 47.6204833], [15.7872786, 47.6204956]], [[15.7872786, 47.6204956], [15.7873368, 47.620503]], [[15.7873368, 47.620503], [15.7876065, 47.6205393]], [[15.7876065, 47.6205393], [15.78771, 47.6205541]], [[15.78771, 47.6205541], [15.7882123, 47.6206247]], [[15.7882123, 47.6206247], [15.7888904, 47.6206786]], [[15.7888904, 47.6206786], [15.789411, 47.6207149]], [[15.789411, 47.6207149], [15.789791, 47.6207627]], [[15.789791, 47.6207627], [15.7904161, 47.6208872]], [[15.7904161, 47.6208872], [15.7905219, 47.6209093]], [[15.7905219, 47.6209093], [15.7907377, 47.6209548]], [[15.7907377, 47.6209548], [15.790827, 47.6209635]], [[15.790827, 47.6209635], [15.790912, 47.6209511]], [[15.790912, 47.6209511], [15.7910284, 47.6210154]], [[15.7910284, 47.6210154], [15.7923558, 47.6212592]], [[15.7923558, 47.6212592], [15.7933664, 47.6213917]], [[15.7933664, 47.6213917], [15.7936726, 47.6214319]], [[15.7936726, 47.6214319], [15.7937216, 47.6214381]], [[15.7937216, 47.6214381], [15.7943139, 47.6215133]], [[15.7943139, 47.6215133], [15.7951648, 47.6216063]], [[15.7951648, 47.6216063], [15.7958855, 47.6216769]], [[15.7958855, 47.6216769], [15.7967054, 47.6217574]], [[15.7967054, 47.6217574], [15.7972403, 47.6218003]], [[15.7972403, 47.6218003], [15.7977906, 47.6218638]], [[15.7977906, 47.6218638], [15.7979999, 47.6218937]], [[15.7979999, 47.6218937], [15.7985085, 47.6219881]], [[15.7985085, 47.6219881], [15.7994665, 47.6222136]], [[15.7994665, 47.6222136], [15.8002944, 47.6224335]], [[15.8002944, 47.6224335], [15.8004828, 47.6224978]], [[15.8004828, 47.6224978], [15.8022178, 47.6230903]], [[15.8022178, 47.6230903], [15.8027307, 47.6232493]], [[15.8027307, 47.6232493], [15.8039499, 47.6235648]], [[15.8039499, 47.6235648], [15.8040767, 47.6235998]], [[15.8040767, 47.6235998], [15.8042035, 47.6236348]], [[15.8042035, 47.6236348], [15.8043647, 47.6236793]], [[15.8043647, 47.6236793], [15.8046481, 47.623721]], [[15.8046481, 47.623721], [15.8049991, 47.6237558]], [[15.8049991, 47.6237558], [15.8052852, 47.6237841]], [[15.8052852, 47.6237841], [15.8056294, 47.6238542]], [[15.8056294, 47.6238542], [15.806244, 47.6240098]], [[15.806244, 47.6240098], [15.8067108, 47.6241758]], [[15.8067108, 47.6241758], [15.8079295, 47.624851]], [[15.8079295, 47.624851], [15.8081925, 47.6249586]], [[15.8081925, 47.6249586], [15.808524, 47.6250389]], [[15.808524, 47.6250389], [15.8090291, 47.6251264]], [[15.8090291, 47.6251264], [15.8097984, 47.6252025]], [[15.8097984, 47.6252025], [15.8104629, 47.6252328]], [[15.8104629, 47.6252328], [15.8114046, 47.6251997]], [[15.8114046, 47.6251997], [15.8115786, 47.6252076]], [[15.8115786, 47.6252076], [15.8117679, 47.6252474]], [[15.8117679, 47.6252474], [15.8118855, 47.6252922]], [[15.8118855, 47.6252922], [15.8123255, 47.6256117]], [[15.8123255, 47.6256117], [15.8125474, 47.6257515]], [[15.8125474, 47.6257515], [15.8127045, 47.6257984]], [[15.8127045, 47.6257984], [15.8130014, 47.625815]], [[15.8130014, 47.625815], [15.8133348, 47.6258569]], [[15.8133348, 47.6258569], [15.8144823, 47.6261467]], [[15.8144823, 47.6261467], [15.8145412, 47.6261659]], [[15.8145412, 47.6261659], [15.8151057, 47.6263496]], [[15.8151057, 47.6263496], [15.8157665, 47.6266638]], [[15.8157665, 47.6266638], [15.8165182, 47.6269985]], [[15.8165182, 47.6269985], [15.8167816, 47.6271158]], [[15.8167816, 47.6271158], [15.8174248, 47.6275093]], [[15.8174248, 47.6275093], [15.8178621, 47.6277004]], [[15.8178621, 47.6277004], [15.8180477, 47.6277985]], [[15.8180477, 47.6277985], [15.8182699, 47.628029]], [[15.8182699, 47.628029], [15.8184707, 47.6282184]], [[15.8184707, 47.6282184], [15.8197166, 47.629076]], [[15.8197166, 47.629076], [15.8203201, 47.6294369]], [[15.8203201, 47.6294369], [15.8206983, 47.6295902]], [[15.8206983, 47.6295902], [15.8215737, 47.6297927]], [[15.8215737, 47.6297927], [15.8222744, 47.6299547]], [[15.8222744, 47.6299547], [15.8228829, 47.630144]], [[15.8228829, 47.630144], [15.8251416, 47.6309211]], [[15.8251416, 47.6309211], [15.8256188, 47.631058]], [[15.8273753, 47.6313872], [15.8256188, 47.631058]], [[15.8275414, 47.6314183], [15.8273753, 47.6313872]], [[15.828417, 47.6316796], [15.8275414, 47.6314183]], [[15.828455, 47.6316921], [15.828417, 47.6316796]], [[15.8288975, 47.6318373], [15.828455, 47.6316921]], [[15.8290309, 47.6318658], [15.8288975, 47.6318373]], [[15.8292445, 47.6319329], [15.8290309, 47.6318658]], [[15.8298323, 47.6321371], [15.8292445, 47.6319329]], [[15.8300255, 47.6322002], [15.8298323, 47.6321371]], [[15.8300255, 47.6322002], [15.8304315, 47.6323927]], [[15.8304315, 47.6323927], [15.8308981, 47.6327329]], [[15.8308981, 47.6327329], [15.8311487, 47.6329058]], [[15.8311487, 47.6329058], [15.8313268, 47.632948]], [[15.8313268, 47.632948], [15.8315079, 47.6329608]], [[15.8315079, 47.6329608], [15.8317142, 47.632963]], [[15.8317142, 47.632963], [15.8320064, 47.6329117]], [[15.8320064, 47.6329117], [15.8322125, 47.6328156]], [[15.8322125, 47.6328156], [15.83233, 47.6326803]], [[15.83233, 47.6326803], [15.8324602, 47.6324633]], [[15.8324602, 47.6324633], [15.8329375, 47.6322064]], [[15.8329375, 47.6322064], [15.8332613, 47.632061]], [[15.8332613, 47.632061], [15.8333466, 47.6320897]], [[15.8335584, 47.631962], [15.8333466, 47.6320897]], [[15.8338085, 47.6318504], [15.8335584, 47.631962]], [[15.8340977, 47.6317579], [15.8338085, 47.6318504]], [[15.8344248, 47.6316815], [15.8340977, 47.6317579]], [[15.8346502, 47.6316441], [15.8344248, 47.6316815]], [[15.8348625, 47.6316292], [15.8346502, 47.6316441]], [[15.8349465, 47.6316262], [15.8348625, 47.6316292]], [[15.8352527, 47.6316212], [15.8349465, 47.6316262]], [[15.8377135, 47.631809], [15.8352527, 47.6316212]], [[15.8393649, 47.6319351], [15.8377135, 47.631809]], [[15.839519, 47.6319295], [15.8393649, 47.6319351]], [[15.8396568, 47.6319068], [15.839519, 47.6319295]], [[15.8397928, 47.6318556], [15.8396568, 47.6319068]], [[15.8399015, 47.6317885], [15.8397928, 47.6318556]], [[15.840046, 47.6316475], [15.8399015, 47.6317885]], [[15.8403786, 47.6312104], [15.840046, 47.6316475]], [[15.8404658, 47.6310959], [15.8403786, 47.6312104]], [[15.8407163, 47.6307667], [15.8404658, 47.6310959]], [[15.8409237, 47.6304184], [15.8407163, 47.6307667]], [[15.8409812, 47.6303486], [15.8409237, 47.6304184]], [[15.8410889, 47.6302937], [15.8409812, 47.6303486]], [[15.8412296, 47.6302708], [15.8410889, 47.6302937]], [[15.8413702, 47.6302901], [15.8412296, 47.6302708]], [[15.8415082, 47.6303349], [15.8413702, 47.6302901]], [[15.8416514, 47.6304332], [15.8415082, 47.6303349]], [[15.8417643, 47.630564], [15.8416514, 47.6304332]], [[15.8418525, 47.630719], [15.8417643, 47.630564]], [[15.8421823, 47.63128], [15.8418525, 47.630719]], [[15.8426567, 47.6320482], [15.8421823, 47.63128]], [[15.8427144, 47.6321908], [15.8426567, 47.6320482]], [[15.8427209, 47.6323433], [15.8427144, 47.6321908]], [[15.8426907, 47.6325183], [15.8427209, 47.6323433]], [[15.8426761, 47.6326028], [15.8426907, 47.6325183]], [[15.8426462, 47.6328214], [15.8426761, 47.6326028]], [[15.842662, 47.6329769], [15.8426462, 47.6328214]], [[15.8427349, 47.6331863], [15.842662, 47.6329769]], [[15.8428958, 47.63342], [15.8427349, 47.6331863]], [[15.8429534, 47.6334929], [15.8428958, 47.63342]], [[15.843006, 47.6335596], [15.8429534, 47.6334929]], [[15.8430969, 47.6336835], [15.843006, 47.6335596]], [[15.8431262, 47.6338129], [15.8430969, 47.6336835]], [[15.8431001, 47.6339423], [15.8431262, 47.6338129]], [[15.8428981, 47.6343492], [15.8431001, 47.6339423]], [[15.8428528, 47.6344906], [15.8428981, 47.6343492]], [[15.8428544, 47.6346343], [15.8428528, 47.6344906]], [[15.8428935, 47.6347973], [15.8428544, 47.6346343]], [[15.8429732, 47.6349424], [15.8428935, 47.6347973]], [[15.8432298, 47.6352776], [15.8429732, 47.6349424]], [[15.8433068, 47.6354359], [15.8432298, 47.6352776]], [[15.8433352, 47.6356021], [15.8433068, 47.6354359]], [[15.8433215, 47.6357693], [15.8433352, 47.6356021]], [[15.8431864, 47.6362157], [15.8433215, 47.6357693]], [[15.8431457, 47.6364174], [15.8431864, 47.6362157]], [[15.8431393, 47.63662], [15.8431457, 47.6364174]], [[15.843148, 47.6368714], [15.8431393, 47.63662]], [[15.843148, 47.6368714], [15.843258, 47.6369307]], [[15.843258, 47.6369307], [15.8433504, 47.6370939]], [[15.8433504, 47.6370939], [15.8433936, 47.6371644]], [[15.8433936, 47.6371644], [15.8435293, 47.6373521]], [[15.8435293, 47.6373521], [15.843638, 47.6374454]], [[15.843638, 47.6374454], [15.8439025, 47.6376285]], [[15.8439025, 47.6376285], [15.8440212, 47.6376833]], [[15.8440212, 47.6376833], [15.8442455, 47.637769]], [[15.8442455, 47.637769], [15.8443509, 47.6378061]], [[15.8443509, 47.6378061], [15.8449862, 47.6380295]], [[15.8449862, 47.6380295], [15.845252, 47.6381193]], [[15.845252, 47.6381193], [15.8455199, 47.6381928]], [[15.8455199, 47.6381928], [15.8457421, 47.6382314]], [[15.8457421, 47.6382314], [15.8461882, 47.6382566]], [[15.8461882, 47.6382566], [15.846396, 47.6382683]], [[15.846396, 47.6382683], [15.8464417, 47.638271]], [[15.8464417, 47.638271], [15.8466203, 47.6382816]], [[15.8466203, 47.6382816], [15.8467877, 47.6382915]], [[15.8467877, 47.6382915], [15.8469017, 47.6382788]], [[15.8469017, 47.6382788], [15.8472195, 47.6381964]], [[15.8472195, 47.6381964], [15.847375, 47.6381561]], [[15.847375, 47.6381561], [15.8478489, 47.6380149]], [[15.8478489, 47.6380149], [15.848026, 47.6379756]], [[15.848026, 47.6379756], [15.848202, 47.6379535]], [[15.848202, 47.6379535], [15.8482815, 47.637963]], [[15.8482815, 47.637963], [15.8483594, 47.637984]], [[15.8483594, 47.637984], [15.8484974, 47.6380419]], [[15.8484974, 47.6380419], [15.8490416, 47.6383681]], [[15.8490416, 47.6383681], [15.8494722, 47.6385864]], [[15.8494722, 47.6385864], [15.849941, 47.638799]], [[15.849941, 47.638799], [15.8501586, 47.6388823]], [[15.8501586, 47.6388823], [15.851025, 47.639169]], [[15.851025, 47.639169], [15.8513143, 47.639278]], [[15.8513143, 47.639278], [15.8514516, 47.6393341]], [[15.8514516, 47.6393341], [15.8516497, 47.6394291]], [[15.8516497, 47.6394291], [15.8518423, 47.6395464]], [[15.8518423, 47.6395464], [15.8520943, 47.6397278]], [[15.8520943, 47.6397278], [15.852387, 47.6398644]], [[15.852387, 47.6398644], [15.8529581, 47.6400198]], [[15.8529581, 47.6400198], [15.8530573, 47.6400659]], [[15.8530573, 47.6400659], [15.8530543, 47.6400984]], [[15.8535963, 47.6402206], [15.8530543, 47.6400984]], [[15.8535889, 47.6402481], [15.8535963, 47.6402206]], [[15.8535853, 47.6402615], [15.8535889, 47.6402481]], [[15.8536614, 47.640284], [15.8535853, 47.6402615]], [[15.8540506, 47.6404497], [15.8536614, 47.640284]], [[15.8543983, 47.6406316], [15.8540506, 47.6404497]], [[15.8547107, 47.640817], [15.8543983, 47.6406316]], [[15.8550178, 47.6410674], [15.8547107, 47.640817]], [[15.8551603, 47.6411944], [15.8550178, 47.6410674]], [[15.8553432, 47.6413531], [15.8551603, 47.6411944]], [[15.8557047, 47.6416675], [15.8553432, 47.6413531]], [[15.8561143, 47.6420005], [15.8557047, 47.6416675]], [[15.8563293, 47.64213], [15.8561143, 47.6420005]], [[15.8565845, 47.6422648], [15.8563293, 47.64213]], [[15.856764, 47.6423427], [15.8565845, 47.6422648]], [[15.8570981, 47.642463], [15.856764, 47.6423427]], [[15.8574252, 47.6425709], [15.8570981, 47.642463]], [[15.8577044, 47.6426772], [15.8574252, 47.6425709]], [[15.858342, 47.642953], [15.8577044, 47.6426772]], [[15.8586195, 47.6430765], [15.858342, 47.642953]], [[15.8587911, 47.6431597], [15.8586195, 47.6430765]], [[15.8589604, 47.6432676], [15.8587911, 47.6431597]], [[15.8593151, 47.6435299], [15.8589604, 47.6432676]], [[15.8591094, 47.6435665], [15.8593151, 47.6435299]], [[15.8587189, 47.6435076], [15.8591094, 47.6435665]], [[15.858186, 47.6433851], [15.8587189, 47.6435076]], [[15.8580132, 47.6433766], [15.858186, 47.6433851]], [[15.8578038, 47.643426], [15.8580132, 47.6433766]], [[15.8577237, 47.6434636], [15.8578038, 47.643426]], [[15.8576332, 47.643527], [15.8577237, 47.6434636]], [[15.8572771, 47.6439627], [15.8576332, 47.643527]], [[15.8572771, 47.6439627], [15.8576165, 47.6442088]], [[15.8576165, 47.6442088], [15.8580049, 47.6444644]], [[15.8580049, 47.6444644], [15.8582977, 47.6445766]], [[15.8582977, 47.6445766], [15.8584461, 47.6446244]], [[15.8584461, 47.6446244], [15.8585427, 47.6446958]], [[15.8585427, 47.6446958], [15.8585649, 47.6447769]], [[15.8585649, 47.6447769], [15.8587358, 47.6447866]], [[15.8587358, 47.6447866], [15.859046, 47.6448512]], [[15.859046, 47.6448512], [15.8594186, 47.644978]], [[15.8594186, 47.644978], [15.8597806, 47.6451164]], [[15.8597806, 47.6451164], [15.8600222, 47.6452042]], [[15.8600222, 47.6452042], [15.8602198, 47.6452693]], [[15.8602198, 47.6452693], [15.8604243, 47.6453085]], [[15.8604243, 47.6453085], [15.8605837, 47.6453348]], [[15.8605837, 47.6453348], [15.8607434, 47.6453479]], [[15.8607434, 47.6453479], [15.860965, 47.6453558]], [[15.860965, 47.6453558], [15.8611845, 47.6453506]], [[15.8611845, 47.6453506], [15.861826, 47.6452962]], [[15.861826, 47.6452962], [15.8623904, 47.645263]], [[15.8623904, 47.645263], [15.8626621, 47.6452727]], [[15.8626621, 47.6452727], [15.8629373, 47.6452957]], [[15.8629373, 47.6452957], [15.8633439, 47.6453645]], [[15.8633439, 47.6453645], [15.8635817, 47.645428]], [[15.8635817, 47.645428], [15.8638183, 47.6455043]], [[15.8638183, 47.6455043], [15.864059, 47.6455984]], [[15.864059, 47.6455984], [15.864375, 47.6457491]], [[15.864375, 47.6457491], [15.8650885, 47.6461723]], [[15.8650885, 47.6461723], [15.8658763, 47.6466213]], [[15.8658763, 47.6466213], [15.8662751, 47.6467808]], [[15.8662751, 47.6467808], [15.8666295, 47.646906]], [[15.8666295, 47.646906], [15.8671746, 47.647058]], [[15.8671746, 47.647058], [15.867722, 47.6471447]], [[15.867722, 47.6471447], [15.8682705, 47.6471902]], [[15.8682705, 47.6471902], [15.8686599, 47.6471597]], [[15.8686599, 47.6471597], [15.8690247, 47.6470976]], [[15.8690247, 47.6470976], [15.869337, 47.6469859]], [[15.869337, 47.6469859], [15.8695679, 47.6468808]], [[15.8695679, 47.6468808], [15.8697862, 47.6467476]], [[15.8697862, 47.6467476], [15.8701477, 47.6464925]], [[15.8701477, 47.6464925], [15.8704513, 47.6462719]], [[15.8704513, 47.6462719], [15.8707378, 47.6461088]], [[15.8707378, 47.6461088], [15.8709629, 47.6460077]], [[15.8709629, 47.6460077], [15.8713517, 47.6458629]], [[15.8713517, 47.6458629], [15.8720782, 47.6456469]], [[15.8720782, 47.6456469], [15.8726137, 47.6454929]], [[15.8726137, 47.6454929], [15.8729551, 47.6453758]], [[15.8729551, 47.6453758], [15.8732824, 47.6452406]], [[15.8732824, 47.6452406], [15.8737302, 47.6449538]], [[15.8737302, 47.6449538], [15.8738788, 47.64481]], [[15.8738788, 47.64481], [15.8739474, 47.644769]], [[15.8739474, 47.644769], [15.8740096, 47.6447514]], [[15.8740096, 47.6447514], [15.8740701, 47.6447504]], [[15.8740701, 47.6447504], [15.8741509, 47.6447615]], [[15.8741509, 47.6447615], [15.8742452, 47.6447961]], [[15.8742452, 47.6447961], [15.8743801, 47.6448594]], [[15.8743801, 47.6448594], [15.8744162, 47.6449068]], [[15.8744162, 47.6449068], [15.8744982, 47.6450144]], [[15.8744982, 47.6450144], [15.8745513, 47.6450842]], [[15.8745513, 47.6450842], [15.874621, 47.6451451]], [[15.874621, 47.6451451], [15.8746601, 47.6451734]], [[15.8746601, 47.6451734], [15.874711, 47.6452096]], [[15.874711, 47.6452096], [15.8747422, 47.645225]], [[15.8744766, 47.6453735], [15.8747422, 47.645225]], [[15.8743656, 47.6454456], [15.8744766, 47.6453735]], [[15.874306, 47.6454843], [15.8743656, 47.6454456]], [[15.8742945, 47.6455306], [15.874306, 47.6454843]], [[15.8742108, 47.6458393], [15.8742945, 47.6455306]], [[15.874071, 47.6460495], [15.8742108, 47.6458393]], [[15.8733955, 47.6468489], [15.874071, 47.6460495]], [[15.8729723, 47.6473903], [15.8733955, 47.6468489]], [[15.8727623, 47.6475443], [15.8729723, 47.6473903]], [[15.8721509, 47.648039], [15.8727623, 47.6475443]], [[15.8719289, 47.6482085], [15.8721509, 47.648039]], [[15.8718125, 47.6483506], [15.8719289, 47.6482085]], [[15.8717436, 47.6484583], [15.8718125, 47.6483506]], [[15.8711365, 47.6497086], [15.8717436, 47.6484583]], [[15.8710204, 47.6499409], [15.8711365, 47.6497086]], [[15.8709024, 47.6501539], [15.8710204, 47.6499409]], [[15.8706394, 47.6505648], [15.8709024, 47.6501539]], [[15.8703915, 47.6508978], [15.8706394, 47.6505648]], [[15.8702482, 47.6510605], [15.8703915, 47.6508978]], [[15.8700839, 47.6512207], [15.8702482, 47.6510605]], [[15.8698172, 47.6514513], [15.8700839, 47.6512207]], [[15.869717, 47.6515379], [15.8698172, 47.6514513]], [[15.8693802, 47.6517976], [15.869717, 47.6515379]], [[15.8693077, 47.651837], [15.8693802, 47.6517976]], [[15.8692834, 47.6518502], [15.8693077, 47.651837]], [[15.8692413, 47.6518731], [15.8692834, 47.6518502]], [[15.8692413, 47.6518731], [15.8693695, 47.652071]], [[15.8693695, 47.652071], [15.8694464, 47.6521746]], [[15.8694464, 47.6521746], [15.8695639, 47.6523041]], [[15.8695639, 47.6523041], [15.8696792, 47.6524163]], [[15.8696792, 47.6524163], [15.8701513, 47.6527674]], [[15.8701513, 47.6527674], [15.8704161, 47.6529619]], [[15.8704161, 47.6529619], [15.8707036, 47.6532279]], [[15.8707036, 47.6532279], [15.8709709, 47.6535639]], [[15.8709709, 47.6535639], [15.871056, 47.6537049]], [[15.871056, 47.6537049], [15.8710704, 47.6537287]], [[15.8710704, 47.6537287], [15.8711352, 47.653719]], [[15.8711352, 47.653719], [15.8711959, 47.65371]], [[15.8711959, 47.65371], [15.8712112, 47.6537114]], [[15.8712112, 47.6537114], [15.8712204, 47.653716]], [[15.8712204, 47.653716], [15.8713129, 47.6538368]], [[15.8713129, 47.6538368], [15.8713637, 47.6539099]], [[15.8713637, 47.6539099], [15.8713842, 47.6539546]], [[15.8713842, 47.6539546], [15.8714763, 47.6541855]], [[15.8714763, 47.6541855], [15.8714763, 47.6541891]], [[15.8714763, 47.6541891], [15.8714739, 47.6541922]], [[15.8714739, 47.6541922], [15.8714031, 47.6542148]], [[15.8714031, 47.6542148], [15.8713598, 47.6542286]], [[15.8713598, 47.6542286], [15.8715302, 47.6545101]], [[15.8715302, 47.6545101], [15.87168, 47.6547523]], [[15.87168, 47.6547523], [15.8718126, 47.6549643]], [[15.8718126, 47.6549643], [15.8720313, 47.655384]], [[15.8720313, 47.655384], [15.8722367, 47.6559765]], [[15.8722367, 47.6559765], [15.8723116, 47.6562023]], [[15.8723116, 47.6562023], [15.8723846, 47.6564168]], [[15.8723846, 47.6564168], [15.8724689, 47.656654]], [[15.8724689, 47.656654], [15.8725607, 47.656876]], [[15.8725607, 47.656876], [15.8726768, 47.657122]], [[15.8726768, 47.657122], [15.8727745, 47.6572843]], [[15.8727745, 47.6572843], [15.8728158, 47.6573527]], [[15.8728158, 47.6573527], [15.8729486, 47.6575658]], [[15.8729486, 47.6575658], [15.8732092, 47.6579839]], [[15.8732092, 47.6579839], [15.8732963, 47.6582524]], [[15.8732963, 47.6582524], [15.8733168, 47.6584667]], [[15.8733168, 47.6584667], [15.8733206, 47.658873]], [[15.8733206, 47.658873], [15.8733234, 47.6590757]], [[15.8733234, 47.6590757], [15.8733443, 47.6592213]], [[15.8733443, 47.6592213], [15.8733754, 47.6592975]], [[15.8733754, 47.6592975], [15.873386, 47.6593235]], [[15.873386, 47.6593235], [15.87344, 47.6593968]], [[15.87344, 47.6593968], [15.8736565, 47.6595343]], [[15.8736565, 47.6595343], [15.873826, 47.6596112]], [[15.873826, 47.6596112], [15.8739345, 47.6596422]], [[15.8739345, 47.6596422], [15.874023, 47.6596605]], [[15.874023, 47.6596605], [15.8740977, 47.6596707]], [[15.8740977, 47.6596707], [15.8742338, 47.6596812]], [[15.8742338, 47.6596812], [15.8743404, 47.6596845]], [[15.8743404, 47.6596845], [15.8748298, 47.6596877]], [[15.8748298, 47.6596877], [15.8752815, 47.6596907]], [[15.8752815, 47.6596907], [15.8756794, 47.6596958]], [[15.8756794, 47.6596958], [15.8763968, 47.6596993]], [[15.8763968, 47.6596993], [15.876883, 47.6597023]], [[15.876883, 47.6597023], [15.8769889, 47.6597001]], [[15.8769889, 47.6597001], [15.8772419, 47.6596947]], [[15.8772419, 47.6596947], [15.8775019, 47.6596782]], [[15.8775019, 47.6596782], [15.8774889, 47.6596375]], [[15.8779008, 47.6595977], [15.8774889, 47.6596375]], [[15.8780742, 47.6595763], [15.8779008, 47.6595977]], [[15.8783375, 47.6595388], [15.8780742, 47.6595763]], [[15.8786172, 47.6594875], [15.8783375, 47.6595388]], [[15.8788412, 47.659436], [15.8786172, 47.6594875]], [[15.879107, 47.6593683], [15.8788412, 47.659436]], [[15.8791867, 47.6593481], [15.879107, 47.6593683]], [[15.8793215, 47.6593122], [15.8791867, 47.6593481]], [[15.8795036, 47.6592653], [15.8793215, 47.6593122]], [[15.8797031, 47.6592139], [15.8795036, 47.6592653]], [[15.8799514, 47.6591542], [15.8797031, 47.6592139]], [[15.8802792, 47.6590788], [15.8799514, 47.6591542]], [[15.8803233, 47.659126], [15.8802792, 47.6590788]], [[15.8803233, 47.659126], [15.8806075, 47.659074]], [[15.8806075, 47.659074], [15.8806672, 47.6590631]], [[15.8806672, 47.6590631], [15.8809555, 47.6590236]], [[15.8809555, 47.6590236], [15.8811705, 47.6590069]], [[15.8811705, 47.6590069], [15.8816195, 47.6589794]], [[15.8816195, 47.6589794], [15.8818737, 47.6589701]], [[15.8818737, 47.6589701], [15.8820962, 47.6589686]], [[15.8820962, 47.6589686], [15.8824667, 47.6589661]], [[15.8824667, 47.6589661], [15.882969, 47.6589628]], [[15.882969, 47.6589628], [15.8834593, 47.6589857]], [[15.8834593, 47.6589857], [15.884173, 47.6590227]], [[15.884173, 47.6590227], [15.8848839, 47.6590872]], [[15.8848839, 47.6590872], [15.8851957, 47.6591246]], [[15.8851957, 47.6591246], [15.8854838, 47.6591592]], [[15.8855004, 47.6591016], [15.8854838, 47.6591592]], [[15.8855714, 47.6591028], [15.8855004, 47.6591016]], [[15.8861325, 47.6591877], [15.8855714, 47.6591028]], [[15.8865561, 47.6592275], [15.8861325, 47.6591877]], [[15.8867974, 47.659253], [15.8865561, 47.6592275]], [[15.8869039, 47.6592722], [15.8867974, 47.659253]], [[15.8872068, 47.6593662], [15.8869039, 47.6592722]], [[15.8875973, 47.6594714], [15.8872068, 47.6593662]], [[15.8879428, 47.6595559], [15.8875973, 47.6594714]], [[15.8886456, 47.6596706], [15.8879428, 47.6595559]], [[15.8891969, 47.659736], [15.8886456, 47.6596706]], [[15.8896797, 47.659771], [15.8891969, 47.659736]], [[15.8899778, 47.6597886], [15.8896797, 47.659771]], [[15.8905361, 47.6598066], [15.8899778, 47.6597886]], [[15.8905361, 47.6598066], [15.8907921, 47.6598066]], [[15.8907921, 47.6598066], [15.8913006, 47.6597926]], [[15.8913006, 47.6597926], [15.8922694, 47.6597638]], [[15.8922694, 47.6597638], [15.8928941, 47.6597385]], [[15.8928941, 47.6597385], [15.8931375, 47.6597245]], [[15.8931375, 47.6597245], [15.8931761, 47.659722]], [[15.8931761, 47.659722], [15.8937185, 47.6596863]], [[15.8937185, 47.6596863], [15.8946635, 47.6596242]], [[15.8946635, 47.6596242], [15.8947683, 47.6596139]], [[15.8947683, 47.6596139], [15.8953721, 47.6595543]], [[15.8953721, 47.6595543], [15.8957759, 47.6595155]], [[15.8957759, 47.6595155], [15.8959292, 47.6594868]], [[15.8959292, 47.6594868], [15.8961587, 47.6594522]], [[15.8961587, 47.6594522], [15.897016, 47.6593526]], [[15.897016, 47.6593526], [15.8971489, 47.6593365]], [[15.8971489, 47.6593365], [15.8979179, 47.6592434]], [[15.8979179, 47.6592434], [15.8985966, 47.6591564]], [[15.8985966, 47.6591564], [15.8991885, 47.65909]], [[15.8991885, 47.65909], [15.899514, 47.6590529]], [[15.899514, 47.6590529], [15.8998555, 47.659014]], [[15.8998555, 47.659014], [15.9004098, 47.658946]], [[15.9004098, 47.658946], [15.9009876, 47.6588875]], [[15.9009876, 47.6588875], [15.9017861, 47.6587989]], [[15.9017861, 47.6587989], [15.9019562, 47.6587844]], [[15.9019562, 47.6587844], [15.9021267, 47.6587736]], [[15.9021267, 47.6587736], [15.9025447, 47.6587245]], [[15.9025447, 47.6587245], [15.9030826, 47.6586739]], [[15.9030826, 47.6586739], [15.9036063, 47.6586328]], [[15.9036063, 47.6586328], [15.9040573, 47.6586185]], [[15.9040573, 47.6586185], [15.9040708, 47.6586669]], [[15.9040708, 47.6586669], [15.9041448, 47.6586644]], [[15.9041448, 47.6586644], [15.9043616, 47.6586682]], [[15.9043616, 47.6586682], [15.9043764, 47.6586687]], [[15.9043764, 47.6586687], [15.904924, 47.6586993]], [[15.904924, 47.6586993], [15.9051945, 47.6587142]], [[15.9051945, 47.6587142], [15.9056523, 47.6587712]], [[15.9056523, 47.6587712], [15.9061304, 47.6588428]], [[15.9061304, 47.6588428], [15.9067084, 47.6589401]], [[15.9067084, 47.6589401], [15.9064746, 47.6593811]], [[15.9064746, 47.6593811], [15.9064477, 47.6594373]], [[15.9064477, 47.6594373], [15.9064409, 47.6594515]], [[15.9072849, 47.6596747], [15.9064409, 47.6594515]], [[15.9079667, 47.6599226], [15.9072849, 47.6596747]], [[15.9084422, 47.6600129], [15.9079667, 47.6599226]], [[15.9089599, 47.6600071], [15.9084422, 47.6600129]], [[15.9092743, 47.659917], [15.9089599, 47.6600071]], [[15.9097468, 47.6598481], [15.9092743, 47.659917]], [[15.909965, 47.6598367], [15.9097468, 47.6598481]], [[15.9102838, 47.6598836], [15.909965, 47.6598367]], [[15.9103821, 47.6598981], [15.9102838, 47.6598836]], [[15.910985, 47.660055], [15.9103821, 47.6598981]], [[15.9112235, 47.6600933], [15.910985, 47.660055]], [[15.9114584, 47.6600899], [15.9112235, 47.6600933]], [[15.9119057, 47.6602773], [15.9114584, 47.6600899]], [[15.9129913, 47.6608269], [15.9119057, 47.6602773]], [[15.9131563, 47.6608824], [15.9129913, 47.6608269]], [[15.913559, 47.6610057], [15.9131563, 47.6608824]], [[15.9135883, 47.6610068], [15.913559, 47.6610057]], [[15.9136243, 47.6609907], [15.9135883, 47.6610068]], [[15.913665, 47.6609261], [15.9136243, 47.6609907]], [[15.9136854, 47.6608938], [15.913665, 47.6609261]], [[15.9136854, 47.6608938], [15.9140294, 47.6609976]], [[15.9140294, 47.6609976], [15.9141992, 47.6610492]], [[15.9141992, 47.6610492], [15.9142257, 47.6610573]], [[15.9142257, 47.6610573], [15.9143615, 47.6610943]], [[15.9143615, 47.6610943], [15.9144789, 47.6611262]], [[15.9144789, 47.6611262], [15.9148188, 47.6612208]], [[15.9148188, 47.6612208], [15.9152011, 47.6613349]], [[15.9152011, 47.6613349], [15.9153336, 47.6613788]], [[15.9153336, 47.6613788], [15.9155425, 47.6614479]], [[15.9155425, 47.6614479], [15.9158497, 47.6615392]], [[15.9158497, 47.6615392], [15.9163181, 47.6616784]], [[15.9163181, 47.6616784], [15.9164545, 47.6617189]], [[15.9164545, 47.6617189], [15.916556, 47.661749]], [[15.916556, 47.661749], [15.9170649, 47.6619171]], [[15.9170649, 47.6619171], [15.917319, 47.662001]], [[15.917319, 47.662001], [15.9176867, 47.6621386]], [[15.9176867, 47.6621386], [15.9180825, 47.6622556]], [[15.9180825, 47.6622556], [15.9185229, 47.6623849]], [[15.9185229, 47.6623849], [15.9187058, 47.6624323]], [[15.9187058, 47.6624323], [15.9189084, 47.6624764]], [[15.9189427, 47.662576], [15.9189084, 47.6624764]], [[15.9189915, 47.6626429], [15.9189427, 47.662576]], [[15.9191106, 47.6627254], [15.9189915, 47.6626429]], [[15.9193204, 47.6628197], [15.9191106, 47.6627254]], [[15.9197629, 47.6629362], [15.9193204, 47.6628197]], [[15.9199841, 47.6629929], [15.9197629, 47.6629362]], [[15.9201724, 47.6630296], [15.9199841, 47.6629929]], [[15.9205739, 47.6630902], [15.9201724, 47.6630296]], [[15.920867, 47.6631088], [15.9205739, 47.6630902]], [[15.9210561, 47.6631199], [15.920867, 47.6631088]], [[15.9215431, 47.6631266], [15.9210561, 47.6631199]], [[15.9216152, 47.6631003], [15.9215431, 47.6631266]], [[15.9216546, 47.6630677], [15.9216152, 47.6631003]], [[15.9216546, 47.6630677], [15.9220123, 47.6631734]], [[15.9220123, 47.6631734], [15.9222941, 47.6632757]], [[15.9222941, 47.6632757], [15.9223373, 47.6632914]], [[15.9223373, 47.6632914], [15.9225055, 47.6633583]], [[15.9225055, 47.6633583], [15.9227032, 47.6634513]], [[15.9227032, 47.6634513], [15.9229159, 47.6635521]], [[15.9229159, 47.6635521], [15.9230009, 47.6635913]], [[15.9230009, 47.6635913], [15.92319, 47.663681]], [[15.92319, 47.663681], [15.9234797, 47.6638151]], [[15.9234797, 47.6638151], [15.923731, 47.6639267]], [[15.923731, 47.6639267], [15.923833, 47.663972]], [[15.923833, 47.663972], [15.9241181, 47.6640915]], [[15.9241181, 47.6640915], [15.9248871, 47.664378]], [[15.9248871, 47.664378], [15.9250376, 47.6644369]], [[15.9250376, 47.6644369], [15.9251806, 47.6644955]], [[15.9251806, 47.6644955], [15.9252524, 47.664529]], [[15.9252524, 47.664529], [15.925378, 47.6645919]], [[15.925378, 47.6645919], [15.92551, 47.6646573]], [[15.92551, 47.6646573], [15.9256271, 47.664714]], [[15.9256271, 47.664714], [15.9257601, 47.6647831]], [[15.9257601, 47.6647831], [15.9257856, 47.6647963]], [[15.9257856, 47.6647963], [15.9258985, 47.6648592]], [[15.9258985, 47.6648592], [15.9260254, 47.6649299]], [[15.9260254, 47.6649299], [15.9263799, 47.6651274]], [[15.9263799, 47.6651274], [15.9265064, 47.6652005]], [[15.9265064, 47.6652005], [15.926636, 47.6652754]], [[15.926636, 47.6652754], [15.9267568, 47.6653426]], [[15.9267568, 47.6653426], [15.9267762, 47.6653534]], [[15.9267762, 47.6653534], [15.9268775, 47.6654118]], [[15.9268775, 47.6654118], [15.9271083, 47.6655601]], [[15.9271083, 47.6655601], [15.9272358, 47.6656417]], [[15.9272358, 47.6656417], [15.9273758, 47.6657315]], [[15.9273758, 47.6657315], [15.9274892, 47.6658227]], [[15.9274892, 47.6658227], [15.9275281, 47.6658573]], [[15.9275281, 47.6658573], [15.927607, 47.6659363]], [[15.927607, 47.6659363], [15.9276625, 47.6660055]], [[15.9276625, 47.6660055], [15.9276764, 47.6660233]], [[15.9276764, 47.6660233], [15.9276996, 47.6660528]], [[15.9276996, 47.6660528], [15.9278102, 47.6662066]], [[15.9278102, 47.6662066], [15.9278915, 47.6662685]], [[15.9278915, 47.6662685], [15.9278882, 47.6663202]], [[15.9278882, 47.6663202], [15.9279092, 47.6663976]], [[15.9279092, 47.6663976], [15.9279342, 47.6664299]], [[15.9279342, 47.6664299], [15.9280687, 47.6665964]], [[15.9280687, 47.6665964], [15.9281631, 47.6667141]], [[15.9281631, 47.6667141], [15.9282738, 47.6666948]], [[15.9282738, 47.6666948], [15.9283604, 47.6667595]], [[15.9283604, 47.6667595], [15.9284618, 47.6669083]], [[15.9284618, 47.6669083], [15.9287153, 47.6672515]], [[15.9287153, 47.6672515], [15.9288318, 47.667422]], [[15.9288318, 47.667422], [15.9289058, 47.6675629]], [[15.9289058, 47.6675629], [15.9289502, 47.6676216]], [[15.9289502, 47.6676216], [15.9290129, 47.6677045]], [[15.9290129, 47.6677045], [15.9290736, 47.6677684]], [[15.9290736, 47.6677684], [15.9291157, 47.6678076]], [[15.9291157, 47.6678076], [15.9294382, 47.6682359]], [[15.9294382, 47.6682359], [15.9298872, 47.6688345]], [[15.9298872, 47.6688345], [15.9302321, 47.6693061]], [[15.9302321, 47.6693061], [15.9304981, 47.6696568]], [[15.9304981, 47.6696568], [15.9305419, 47.6697451]], [[15.9305419, 47.6697451], [15.9306625, 47.6699062]], [[15.9306625, 47.6699062], [15.9311066, 47.6704994]], [[15.9311066, 47.6704994], [15.9311727, 47.6705741]], [[15.9311727, 47.6705741], [15.9313205, 47.6707862]], [[15.9313205, 47.6707862], [15.9314197, 47.6709274]], [[15.9314197, 47.6709274], [15.9314385, 47.6709911]], [[15.9314385, 47.6709911], [15.9314731, 47.6710007]], [[15.9314731, 47.6710007], [15.9315013, 47.671021]], [[15.9315013, 47.671021], [15.931536, 47.6710904]], [[15.931536, 47.6710904], [15.9316267, 47.6712491]], [[15.9316267, 47.6712491], [15.9318121, 47.6713158]], [[15.9318121, 47.6713158], [15.931859, 47.6713756]], [[15.931859, 47.6713756], [15.9318708, 47.6714333]], [[15.9318708, 47.6714333], [15.9318776, 47.6714773]], [[15.9318776, 47.6714773], [15.9319623, 47.6714843]], [[15.9319623, 47.6714843], [15.9320909, 47.6714957]], [[15.9320909, 47.6714957], [15.9322428, 47.6715173]], [[15.9322428, 47.6715173], [15.932398, 47.6715562]], [[15.932398, 47.6715562], [15.932504, 47.6716431]], [[15.932504, 47.6716431], [15.9328466, 47.672052]], [[15.9328466, 47.672052], [15.932895, 47.6721097]], [[15.932895, 47.6721097], [15.9330128, 47.6722065]], [[15.9330128, 47.6722065], [15.9335626, 47.6728809]], [[15.9335626, 47.6728809], [15.9335851, 47.6729098]], [[15.9335851, 47.6729098], [15.9336505, 47.6729508]], [[15.9336505, 47.6729508], [15.934308, 47.6737516]], [[15.934308, 47.6737516], [15.9343096, 47.6737845]], [[15.9343096, 47.6737845], [15.9349016, 47.6745009]], [[15.9349016, 47.6745009], [15.934985, 47.6746241]], [[15.934985, 47.6746241], [15.9350353, 47.6747085]], [[15.9350353, 47.6747085], [15.9354644, 47.6750867]], [[15.9354644, 47.6750867], [15.93551, 47.6751143]], [[15.93551, 47.6751143], [15.9355652, 47.6751247]], [[15.9355652, 47.6751247], [15.9356623, 47.6751228]], [[15.9356623, 47.6751228], [15.9357699, 47.6751203]], [[15.9357699, 47.6751203], [15.9360589, 47.6751137]], [[15.9360589, 47.6751137], [15.9360701, 47.675188]], [[15.9360701, 47.675188], [15.9360618, 47.6752483]], [[15.9360618, 47.6752483], [15.9361049, 47.675374]], [[15.9361049, 47.675374], [15.9363677, 47.6755743]], [[15.9363677, 47.6755743], [15.9364174, 47.6756298]], [[15.9364174, 47.6756298], [15.9364587, 47.6757183]], [[15.9364587, 47.6757183], [15.9365697, 47.6757404]], [[15.9365697, 47.6757404], [15.9366897, 47.6759064]], [[15.9366897, 47.6759064], [15.9367439, 47.6759767]], [[15.9367439, 47.6759767], [15.9367892, 47.6760375]], [[15.9367892, 47.6760375], [15.9366703, 47.6761361]], [[15.9366703, 47.6761361], [15.9367634, 47.67616]], [[15.9367634, 47.67616], [15.9368489, 47.6761716]], [[15.9368489, 47.6761716], [15.936928, 47.6761728]], [[15.936928, 47.6761728], [15.9370402, 47.6761749]], [[15.9370402, 47.6761749], [15.9371494, 47.6761676]], [[15.9371494, 47.6761676], [15.9372081, 47.6761617]], [[15.9372081, 47.6761617], [15.9374018, 47.6761347]], [[15.9374018, 47.6761347], [15.9375321, 47.6761116]], [[15.9375321, 47.6761116], [15.9377013, 47.6760818]], [[15.9377167, 47.6761205], [15.9377013, 47.6760818]], [[15.9377331, 47.6761617], [15.9377167, 47.6761205]], [[15.9377607, 47.676261], [15.9377331, 47.6761617]], [[15.937758, 47.6763928], [15.9377607, 47.676261]], [[15.9377519, 47.6764945], [15.937758, 47.6763928]], [[15.9377382, 47.6765831], [15.9377519, 47.6764945]], [[15.9377382, 47.6765831], [15.9377211, 47.6768508]], [[15.9377095, 47.6769244], [15.9377211, 47.6768508]], [[15.9377095, 47.6769244], [15.9378491, 47.6769412]], [[15.9378491, 47.6769412], [15.9391372, 47.676979]], [[15.9391372, 47.676979], [15.9411084, 47.6769204]], [[15.9411084, 47.6769204], [15.9413982, 47.676946]], [[15.9413982, 47.676946], [15.9421019, 47.6770025]], [[15.9421019, 47.6770025], [15.942364, 47.6770069]], [[15.942364, 47.6770069], [15.94254, 47.6769776]], [[15.9427431, 47.6770415], [15.94254, 47.6769776]], [[15.943034, 47.6770683], [15.9427431, 47.6770415]], [[15.9432051, 47.677084], [15.943034, 47.6770683]], [[15.9435392, 47.6771043], [15.9432051, 47.677084]], [[15.9439529, 47.6771292], [15.9435392, 47.6771043]], [[15.9451276, 47.6772201], [15.9439529, 47.6771292]], [[15.9454979, 47.6772501], [15.9451276, 47.6772201]], [[15.9458396, 47.677274], [15.9454979, 47.6772501]], [[15.9459881, 47.6772844], [15.9458396, 47.677274]], [[15.9460858, 47.6772912], [15.9459881, 47.6772844]], [[15.9465479, 47.6773235], [15.9460858, 47.6772912]], [[15.9467559, 47.6773381], [15.9465479, 47.6773235]], [[15.9468114, 47.677342], [15.9467559, 47.6773381]], [[15.9468856, 47.6773461], [15.9468114, 47.677342]], [[15.9470003, 47.6773486], [15.9468856, 47.6773461]], [[15.9476161, 47.6773618], [15.9470003, 47.6773486]], [[15.9478379, 47.6773659], [15.9476161, 47.6773618]], [[15.9478379, 47.6773659], [15.9480473, 47.677367]], [[15.9480473, 47.677367], [15.9480507, 47.67732]], [[15.9480507, 47.67732], [15.9484194, 47.6773248]], [[15.9484194, 47.6773248], [15.9484277, 47.6773194]], [[15.9484277, 47.6773194], [15.9484275, 47.6772987]], [[15.9484275, 47.6772987], [15.9484268, 47.6772055]], [[15.9484268, 47.6772055], [15.9484286, 47.6771855]], [[15.9484286, 47.6771855], [15.9484359, 47.6771783]], [[15.9484359, 47.6771783], [15.9493474, 47.6770703]], [[15.9493474, 47.6770703], [15.9498648, 47.6769386]], [[15.9498648, 47.6769386], [15.9504403, 47.6767183]], [[15.9504403, 47.6767183], [15.951206, 47.6763665]], [[15.951206, 47.6763665], [15.9516104, 47.6760784]], [[15.9516104, 47.6760784], [15.9519681, 47.6757812]], [[15.9519681, 47.6757812], [15.9524061, 47.6753885]], [[15.9524061, 47.6753885], [15.9531752, 47.6746859]], [[15.9531752, 47.6746859], [15.9536551, 47.6744073]], [[15.9536551, 47.6744073], [15.9540707, 47.6742653]], [[15.9540707, 47.6742653], [15.9547308, 47.6741243]], [[15.9547308, 47.6741243], [15.9549826, 47.6740678]], [[15.9549826, 47.6740678], [15.9558315, 47.6740034]], [[15.9558315, 47.6740034], [15.9562905, 47.6739964]], [[15.9562905, 47.6739964], [15.9574367, 47.6740523]], [[15.9574367, 47.6740523], [15.9580674, 47.6741714]], [[15.9580674, 47.6741714], [15.959255, 47.6745136]], [[15.959255, 47.6745136], [15.9595499, 47.6745986]], [[15.9595499, 47.6745986], [15.9599525, 47.6746842]], [[15.9599525, 47.6746842], [15.9637177, 47.675352]], [[15.9634911, 47.6758466], [15.9637177, 47.675352]], [[15.9634837, 47.6759286], [15.9634911, 47.6758466]], [[15.9635242, 47.6759913], [15.9634837, 47.6759286]], [[15.9635569, 47.6760398], [15.9635242, 47.6759913]], [[15.9636269, 47.6760366], [15.9635569, 47.6760398]], [[15.9637898, 47.6760646], [15.9636269, 47.6760366]], [[15.9639801, 47.6760993], [15.9637898, 47.6760646]], [[15.965162, 47.676353], [15.9639801, 47.6760993]], [[15.9655818, 47.6763698], [15.965162, 47.676353]], [[15.9655818, 47.6763698], [15.9655842, 47.6764445]], [[15.9655842, 47.6764445], [15.965652, 47.6764988]], [[15.965652, 47.6764988], [15.9660508, 47.6767015]], [[15.9660508, 47.6767015], [15.9665301, 47.6768608]], [[15.9665301, 47.6768608], [15.9670051, 47.6769164]], [[15.9670051, 47.6769164], [15.9671617, 47.6770117]], [[15.9671617, 47.6770117], [15.9677569, 47.6773738]], [[15.9677569, 47.6773738], [15.9680363, 47.6774995]], [[15.9680363, 47.6774995], [15.9681833, 47.6775387]], [[15.9681833, 47.6775387], [15.9682931, 47.6775545]], [[15.9682931, 47.6775545], [15.9683846, 47.6774906]], [[15.9683846, 47.6774906], [15.9688531, 47.6773443]], [[15.9688531, 47.6773443], [15.9693429, 47.6771325]], [[15.9693429, 47.6771325], [15.9694387, 47.6771118]], [[15.9694387, 47.6771118], [15.9701645, 47.6771973]], [[15.9701645, 47.6771973], [15.9714656, 47.6773562]], [[15.9714656, 47.6773562], [15.9719076, 47.6775069]], [[15.9719076, 47.6775069], [15.9726566, 47.6778626]], [[15.9726566, 47.6778626], [15.9750209, 47.6788599]], [[15.9750209, 47.6788599], [15.9754423, 47.6790331]], [[15.9754423, 47.6790331], [15.9756798, 47.6791308]], [[15.9756798, 47.6791308], [15.9758772, 47.679212]], [[15.9758772, 47.679212], [15.9765746, 47.6795123]], [[15.9765746, 47.6795123], [15.9771331, 47.6797845]], [[15.9771331, 47.6797845], [15.977703, 47.6800383]], [[15.977703, 47.6800383], [15.9785459, 47.6804204]], [[15.9785459, 47.6804204], [15.9795417, 47.6808933]], [[15.9795417, 47.6808933], [15.9797177, 47.6809818]], [[15.9797177, 47.6809818], [15.9799632, 47.6810859]], [[15.9799632, 47.6810859], [15.9811653, 47.681646]], [[15.9811653, 47.681646], [15.9813129, 47.6817036]], [[15.9813129, 47.6817036], [15.9815182, 47.6818465]], [[15.9815182, 47.6818465], [15.9815536, 47.6818836]], [[15.9815536, 47.6818836], [15.981562, 47.6818931]], [[15.981562, 47.6818931], [15.9820502, 47.6823972]], [[15.9820502, 47.6823972], [15.9822482, 47.6825639]], [[15.9822482, 47.6825639], [15.9835504, 47.6839299]], [[15.9835504, 47.6839299], [15.9840278, 47.6843877]], [[15.9840278, 47.6843877], [15.9844868, 47.6847856]], [[15.9844868, 47.6847856], [15.985026, 47.685219]], [[15.985026, 47.685219], [15.985406, 47.685469]], [[15.985406, 47.685469], [15.9854196, 47.6855557]], [[15.9854196, 47.6855557], [15.9853308, 47.6856985]], [[15.9853308, 47.6856985], [15.9853107, 47.6857448]], [[15.9853107, 47.6857448], [15.9853313, 47.6857655]], [[15.9853313, 47.6857655], [15.985537, 47.6856324]], [[15.985537, 47.6856324], [15.9856543, 47.6856216]], [[15.9856543, 47.6856216], [15.9863258, 47.6860953]], [[15.9863258, 47.6860953], [15.9873217, 47.686783]], [[15.9873217, 47.686783], [15.9890695, 47.6879008]], [[15.9890695, 47.6879008], [15.9895773, 47.6881743]], [[15.9895773, 47.6881743], [15.9897142, 47.688242]], [[15.9897142, 47.688242], [15.9900887, 47.6884274]], [[15.9900887, 47.6884274], [15.9906578, 47.6886849]], [[15.9906578, 47.6886849], [15.9916129, 47.6890583]], [[15.9916129, 47.6890583], [15.992018, 47.6891847]], [[15.992018, 47.6891847], [15.9923737, 47.6893256]], [[15.9923737, 47.6893256], [15.9944285, 47.689789]], [[15.9944285, 47.689789], [15.9962245, 47.6900741]], [[15.9962245, 47.6900741], [15.9981521, 47.6904232]], [[15.9981521, 47.6904232], [15.9981839, 47.690429]], [[15.9981839, 47.690429], [15.9982518, 47.6904501]], [[15.9982518, 47.6904501], [15.9983295, 47.6904742]], [[15.9983295, 47.6904742], [15.9983636, 47.6904776]], [[15.9983636, 47.6904776], [15.9984288, 47.690484]], [[15.9984288, 47.690484], [15.9994555, 47.6906266]], [[15.9994555, 47.6906266], [16.0050582, 47.6915624]], [[16.0050582, 47.6915624], [16.0057331, 47.6916937]], [[16.0057331, 47.6916937], [16.0059617, 47.691749]], [[16.0059617, 47.691749], [16.006011, 47.6917609]], [[16.006011, 47.6917609], [16.0060557, 47.6917679]], [[16.0060557, 47.6917679], [16.006188, 47.6917697]], [[16.006188, 47.6917697], [16.0070604, 47.6919022]], [[16.0070604, 47.6919022], [16.0086159, 47.6922024]], [[16.0086159, 47.6922024], [16.0099436, 47.6925681]], [[16.0099436, 47.6925681], [16.0107309, 47.6928228]], [[16.0107309, 47.6928228], [16.0112345, 47.6930258]], [[16.0112345, 47.6930258], [16.0116456, 47.6932126]], [[16.0116456, 47.6932126], [16.0118157, 47.6933217]], [[16.0118157, 47.6933217], [16.0120368, 47.6933936]], [[16.0120368, 47.6933936], [16.0123054, 47.6935104]], [[16.0123054, 47.6935104], [16.0129935, 47.6938932]], [[16.0129935, 47.6938932], [16.0135765, 47.6942623]], [[16.0135765, 47.6942623], [16.0139756, 47.6945463]], [[16.0139756, 47.6945463], [16.0142122, 47.6947146]], [[16.0142122, 47.6947146], [16.0145679, 47.6950562]], [[16.0145679, 47.6950562], [16.0147643, 47.6953656]], [[16.0147643, 47.6953656], [16.0149446, 47.6957355]], [[16.0149446, 47.6957355], [16.0149702, 47.6958359]], [[16.0149702, 47.6958359], [16.0149823, 47.6958864]], [[16.0149823, 47.6958864], [16.0149932, 47.6959318]], [[16.0149932, 47.6959318], [16.0150307, 47.6959558]], [[16.0150307, 47.6959558], [16.0151001, 47.6960551]], [[16.0151001, 47.6960551], [16.0152111, 47.6962254]], [[16.0152111, 47.6962254], [16.0156725, 47.6969999]], [[16.0156725, 47.6969999], [16.0156551, 47.6970345]], [[16.0157195, 47.69716], [16.0156551, 47.6970345]], [[16.0157195, 47.69716], [16.0157986, 47.6971732]], [[16.0157986, 47.6971732], [16.0158556, 47.6972067]], [[16.0158556, 47.6972067], [16.0161228, 47.6974833]], [[16.0161228, 47.6974833], [16.0173865, 47.6985077]], [[16.0173865, 47.6985077], [16.0174061, 47.6985229]], [[16.0174061, 47.6985229], [16.0174982, 47.6985954]], [[16.0174982, 47.6985954], [16.0175195, 47.698615]], [[16.0175195, 47.698615], [16.0185826, 47.6994585]], [[16.0185826, 47.6994585], [16.0187979, 47.6996882]], [[16.0187979, 47.6996882], [16.018816, 47.6997023]], [[16.018816, 47.6997023], [16.0188546, 47.6997323]], [[16.0188546, 47.6997323], [16.0188859, 47.6997135]], [[16.0188859, 47.6997135], [16.019154, 47.6995633]], [[16.019154, 47.6995633], [16.0194522, 47.6993933]], [[16.0194522, 47.6993933], [16.0194725, 47.6993806]], [[16.0195198, 47.6994092], [16.0194725, 47.6993806]], [[16.0198533, 47.6997305], [16.0195198, 47.6994092]], [[16.0204671, 47.7002494], [16.0198533, 47.6997305]], [[16.0212779, 47.7008776], [16.0204671, 47.7002494]], [[16.0223206, 47.701721], [16.0212779, 47.7008776]], [[16.02311, 47.702355], [16.0223206, 47.701721]], [[16.0239987, 47.7030574], [16.02311, 47.702355]], [[16.0242636, 47.7031844], [16.0239987, 47.7030574]], [[16.0244674, 47.7032585], [16.0242636, 47.7031844]], [[16.0247066, 47.7034417], [16.0244674, 47.7032585]], [[16.0248047, 47.7037148], [16.0247066, 47.7034417]], [[16.0261034, 47.7047399], [16.0248047, 47.7037148]], [[16.026273, 47.7048408], [16.0261034, 47.7047399]], [[16.0269859, 47.7054711], [16.026273, 47.7048408]], [[16.027539, 47.7058786], [16.0269859, 47.7054711]], [[16.0277891, 47.7060628], [16.027539, 47.7058786]], [[16.0277891, 47.7060628], [16.0280529, 47.706217]], [[16.0280529, 47.706217], [16.0282439, 47.7062646]], [[16.0282439, 47.7062646], [16.0283825, 47.7062841]], [[16.0283825, 47.7062841], [16.0297559, 47.7065043]], [[16.0297559, 47.7065043], [16.0325186, 47.7069639]], [[16.0325186, 47.7069639], [16.0325643, 47.7069717]], [[16.0325643, 47.7069717], [16.0334831, 47.7071277]], [[16.0334831, 47.7071277], [16.0340455, 47.707225]], [[16.0340455, 47.707225], [16.034223, 47.7072692]], [[16.034223, 47.7072692], [16.0344398, 47.7073297]], [[16.0344398, 47.7073297], [16.0347288, 47.7074206]], [[16.0347288, 47.7074206], [16.034847, 47.7074642]], [[16.034847, 47.7074642], [16.0352101, 47.7076234]], [[16.0352101, 47.7076234], [16.0353415, 47.7076968]], [[16.0353415, 47.7076968], [16.0365743, 47.7084944]], [[16.0365743, 47.7084944], [16.0378232, 47.70916]], [[16.0378232, 47.70916], [16.0380364, 47.7092974]], [[16.0380364, 47.7092974], [16.0383407, 47.7095164]], [[16.0383407, 47.7095164], [16.0386457, 47.7097688]], [[16.0386457, 47.7097688], [16.0388079, 47.709912]], [[16.0388079, 47.709912], [16.0390346, 47.7101514]], [[16.0390346, 47.7101514], [16.0392331, 47.7103826]], [[16.0392331, 47.7103826], [16.0393319, 47.7105151]], [[16.0393319, 47.7105151], [16.039468, 47.7107133]], [[16.039468, 47.7107133], [16.0399744, 47.7114898]], [[16.0399744, 47.7114898], [16.0400927, 47.7116535]], [[16.0400927, 47.7116535], [16.0402068, 47.7117935]], [[16.0402068, 47.7117935], [16.040306, 47.711893]], [[16.040306, 47.711893], [16.0404875, 47.7120295]], [[16.0404875, 47.7120295], [16.0405894, 47.7121406]], [[16.0405894, 47.7121406], [16.0406193, 47.7121493]], [[16.0406193, 47.7121493], [16.0407044, 47.7121715]], [[16.0407044, 47.7121715], [16.0407891, 47.7121931]], [[16.0407891, 47.7121931], [16.0408276, 47.7122024]], [[16.0408276, 47.7122024], [16.0409599, 47.7122392]], [[16.0409599, 47.7122392], [16.0410806, 47.7122727]], [[16.0410806, 47.7122727], [16.0414155, 47.7123373]], [[16.0414155, 47.7123373], [16.0417919, 47.7123746]], [[16.0417919, 47.7123746], [16.0422607, 47.712425]], [[16.0422607, 47.712425], [16.0424695, 47.712596]], [[16.0424695, 47.712596], [16.0425685, 47.7126771]], [[16.0425685, 47.7126771], [16.0428115, 47.7128051]], [[16.0428115, 47.7128051], [16.0430099, 47.7129335]], [[16.0430099, 47.7129335], [16.0431503, 47.7130582]], [[16.0431503, 47.7130582], [16.0432175, 47.7131377]], [[16.0432175, 47.7131377], [16.0432731, 47.7132226]], [[16.0432731, 47.7132226], [16.0434, 47.7134322]], [[16.0434, 47.7134322], [16.0434303, 47.7135932]], [[16.0434303, 47.7135932], [16.0434441, 47.7137586]], [[16.0434441, 47.7137586], [16.0433737, 47.7143779]], [[16.0433737, 47.7143779], [16.0433187, 47.7148179]], [[16.0433187, 47.7148179], [16.0432494, 47.7153873]], [[16.0432494, 47.7153873], [16.043244, 47.7154912]], [[16.043244, 47.7154912], [16.0432731, 47.7156163]], [[16.0432731, 47.7156163], [16.0433111, 47.715699]], [[16.0433111, 47.715699], [16.0434268, 47.7159015]], [[16.0434268, 47.7159015], [16.0440708, 47.7169451]], [[16.0440708, 47.7169451], [16.0441889, 47.7170536]], [[16.0441889, 47.7170536], [16.0443168, 47.7171476]], [[16.0443168, 47.7171476], [16.0445338, 47.7172554]], [[16.0445338, 47.7172554], [16.0447213, 47.7173241]], [[16.0447213, 47.7173241], [16.0449317, 47.7173639]], [[16.0449317, 47.7173639], [16.0460051, 47.7174691]], [[16.0460051, 47.7174691], [16.0462283, 47.7174689]], [[16.0462283, 47.7174689], [16.0464067, 47.7174507]], [[16.0464067, 47.7174507], [16.0464925, 47.7174554]], [[16.0464925, 47.7174554], [16.0467109, 47.7175144]], [[16.0467109, 47.7175144], [16.0468705, 47.7175273]], [[16.0468705, 47.7175273], [16.046956, 47.717529]], [[16.046956, 47.717529], [16.04715, 47.7175323]], [[16.04715, 47.7175323], [16.0474648, 47.7175158]], [[16.0474648, 47.7175158], [16.0478921, 47.7174019]], [[16.0478921, 47.7174019], [16.0485357, 47.7171901]], [[16.0485357, 47.7171901], [16.0490498, 47.7170853]], [[16.0490498, 47.7170853], [16.0492787, 47.7171085]], [[16.0492787, 47.7171085], [16.049698, 47.7171838]], [[16.049698, 47.7171838], [16.0497632, 47.7172218]], [[16.0497632, 47.7172218], [16.0499876, 47.7172887]], [[16.0499876, 47.7172887], [16.0504241, 47.7174028]], [[16.0504241, 47.7174028], [16.0506957, 47.7174572]], [[16.0506957, 47.7174572], [16.0511628, 47.7175026]], [[16.0511628, 47.7175026], [16.0515595, 47.7174881]], [[16.0515595, 47.7174881], [16.0516158, 47.717462]], [[16.0516158, 47.717462], [16.0517679, 47.7174386]], [[16.0517679, 47.7174386], [16.0518904, 47.7174307]], [[16.0518904, 47.7174307], [16.0525265, 47.7174445]], [[16.0525265, 47.7174445], [16.0527424, 47.7174307]], [[16.0527424, 47.7174307], [16.0531858, 47.7173738]], [[16.0531858, 47.7173738], [16.0533842, 47.7173797]], [[16.0533842, 47.7173797], [16.0536264, 47.717419]], [[16.0536264, 47.717419], [16.0540961, 47.7175093]], [[16.0540961, 47.7175093], [16.0548051, 47.7176584]], [[16.0548051, 47.7176584], [16.055259, 47.7177752]], [[16.055259, 47.7177752], [16.0561005, 47.7180667]], [[16.0561005, 47.7180667], [16.0567599, 47.7182493]], [[16.0567599, 47.7182493], [16.0569904, 47.7183141]], [[16.0569904, 47.7183141], [16.0571392, 47.7183396]], [[16.0571392, 47.7183396], [16.0577133, 47.7184243]], [[16.0577133, 47.7184243], [16.0586243, 47.7185143]], [[16.0586243, 47.7185143], [16.0595696, 47.7185791]], [[16.0595696, 47.7185791], [16.0605076, 47.7186151]], [[16.0605076, 47.7186151], [16.0608188, 47.7185988]], [[16.0608188, 47.7185988], [16.0609683, 47.7185772]], [[16.0609683, 47.7185772], [16.0611626, 47.7185261]], [[16.0611626, 47.7185261], [16.061617, 47.7183571]], [[16.061617, 47.7183571], [16.0617462, 47.7183325]], [[16.0617462, 47.7183325], [16.0620033, 47.7183101]], [[16.0620033, 47.7183101], [16.0621896, 47.7183121]], [[16.0621896, 47.7183121], [16.0624085, 47.7183376]], [[16.0624085, 47.7183376], [16.0628398, 47.7184416]], [[16.0628398, 47.7184416], [16.063341, 47.7186158]], [[16.063341, 47.7186158], [16.0639103, 47.7188312]], [[16.0639103, 47.7188312], [16.0640357, 47.718898]], [[16.0640357, 47.718898], [16.0644495, 47.7191185]], [[16.0644495, 47.7191185], [16.0650503, 47.7192744]], [[16.0650503, 47.7192744], [16.0655223, 47.7194072]], [[16.0655223, 47.7194072], [16.0660002, 47.7195967]], [[16.0660002, 47.7195967], [16.0665498, 47.7199856]], [[16.0665498, 47.7199856], [16.0671141, 47.720497]], [[16.0672335, 47.7206097], [16.0671141, 47.720497]], [[16.0675364, 47.7209342], [16.0672335, 47.7206097]], [[16.0682011, 47.7216621], [16.0675364, 47.7209342]], [[16.0683117, 47.7217686], [16.0682011, 47.7216621]], [[16.0683884, 47.7218529], [16.0683117, 47.7217686]], [[16.0686374, 47.7221354], [16.0683884, 47.7218529]], [[16.070041, 47.7235843], [16.0686374, 47.7221354]], [[16.0705291, 47.7240929], [16.070041, 47.7235843]], [[16.0710254, 47.7246369], [16.0705291, 47.7240929]], [[16.0712605, 47.7248934], [16.0710254, 47.7246369]], [[16.0713716, 47.7249996], [16.0712605, 47.7248934]], [[16.0714979, 47.7251203], [16.0713716, 47.7249996]], [[16.0716984, 47.7252809], [16.0714979, 47.7251203]], [[16.0719251, 47.7254131], [16.0716984, 47.7252809]], [[16.0721771, 47.7255659], [16.0719251, 47.7254131]], [[16.0724024, 47.7256774], [16.0721771, 47.7255659]], [[16.0726827, 47.7257946], [16.0724024, 47.7256774]], [[16.0728446, 47.7258515], [16.0726827, 47.7257946]], [[16.0729995, 47.7258978], [16.0728446, 47.7258515]], [[16.0734531, 47.7260162], [16.0729995, 47.7258978]], [[16.0736457, 47.7260555], [16.0734531, 47.7260162]], [[16.0738112, 47.726077], [16.0736457, 47.7260555]], [[16.073813, 47.7261132], [16.0738112, 47.726077]], [[16.0738692, 47.7262433], [16.073813, 47.7261132]], [[16.0738692, 47.7262433], [16.0739019, 47.7263299]], [[16.0739019, 47.7263299], [16.0740227, 47.7266203]], [[16.0740227, 47.7266203], [16.0742371, 47.7272086]], [[16.0742371, 47.7272086], [16.074436, 47.7278002]], [[16.074436, 47.7278002], [16.0744506, 47.7278526]], [[16.0744506, 47.7278526], [16.0744636, 47.7278992]], [[16.0744636, 47.7278992], [16.0746369, 47.7284291]], [[16.0746369, 47.7284291], [16.0752082, 47.7286257]], [[16.0752082, 47.7286257], [16.0753289, 47.7286393]], [[16.0753289, 47.7286393], [16.0757018, 47.7285811]], [[16.0757018, 47.7285811], [16.0759423, 47.7293721]], [[16.0759423, 47.7293721], [16.0759693, 47.7294509]], [[16.0759693, 47.7294509], [16.0763343, 47.7295891]], [[16.0763343, 47.7295891], [16.0764323, 47.7296062]], [[16.0764323, 47.7296062], [16.076563, 47.7295894]], [[16.0766139, 47.7297439], [16.076563, 47.7295894]], [[16.0766139, 47.7297439], [16.0764853, 47.7297996]], [[16.0764853, 47.7297996], [16.0764387, 47.729866]], [[16.0764387, 47.729866], [16.0763779, 47.729935]], [[16.0763779, 47.729935], [16.0762926, 47.7300019]], [[16.0762926, 47.7300019], [16.0759224, 47.73023]], [[16.0759224, 47.73023], [16.0758674, 47.730291]], [[16.0758674, 47.730291], [16.0758424, 47.7303614]], [[16.0758424, 47.7303614], [16.0758027, 47.7304152]], [[16.0758027, 47.7304152], [16.075748, 47.7304586]], [[16.075748, 47.7304586], [16.0756854, 47.7304913]], [[16.0756854, 47.7304913], [16.0756086, 47.7305166]], [[16.0756086, 47.7305166], [16.0755773, 47.7305322]], [[16.0755773, 47.7305322], [16.0755659, 47.7305528]], [[16.0755659, 47.7305528], [16.0755626, 47.7305762]], [[16.0755626, 47.7305762], [16.0755727, 47.730598]], [[16.0755727, 47.730598], [16.0755981, 47.7306168]], [[16.0755981, 47.7306168], [16.07576, 47.7306855]], [[16.0756742, 47.7308773], [16.07576, 47.7306855]], [[16.0756276, 47.7310267], [16.0756742, 47.7308773]], [[16.0755522, 47.7313711], [16.0756276, 47.7310267]], [[16.0755607, 47.7314725], [16.0755522, 47.7313711]], [[16.0756079, 47.7315395], [16.0755607, 47.7314725]], [[16.0756079, 47.7315395], [16.0756898, 47.731525]], [[16.0756898, 47.731525], [16.0762754, 47.7315657]], [[16.0762754, 47.7315657], [16.0767224, 47.731599]], [[16.0767224, 47.731599], [16.0772347, 47.7316371]], [[16.0772347, 47.7316371], [16.077699, 47.7316717]], [[16.077699, 47.7316717], [16.0776721, 47.7318922]], [[16.0776721, 47.7318922], [16.078253, 47.732288]], [[16.078253, 47.732288], [16.0787816, 47.7326365]], [[16.0787816, 47.7326365], [16.0789112, 47.7327336]], [[16.0789112, 47.7327336], [16.0789907, 47.7328175]], [[16.0789907, 47.7328175], [16.0795499, 47.7333314]], [[16.0795499, 47.7333314], [16.0796217, 47.7333974]], [[16.0796217, 47.7333974], [16.0796342, 47.7334088]], [[16.0796342, 47.7334088], [16.0797676, 47.7335315]], [[16.0797676, 47.7335315], [16.0800514, 47.7337923]], [[16.0800514, 47.7337923], [16.0806557, 47.7343475]], [[16.0806557, 47.7343475], [16.081153, 47.7348253]], [[16.081153, 47.7348253], [16.0809076, 47.73501]], [[16.0809076, 47.73501], [16.080755, 47.735194]], [[16.0808461, 47.735227], [16.080755, 47.735194]], [[16.0817518, 47.7355552], [16.0808461, 47.735227]], [[16.0828057, 47.7359253], [16.0817518, 47.7355552]], [[16.083016, 47.7360252], [16.0828057, 47.7359253]], [[16.0840296, 47.7364698], [16.083016, 47.7360252]], [[16.0843644, 47.7366675], [16.0840296, 47.7364698]], [[16.0846867, 47.7368577], [16.0843644, 47.7366675]], [[16.0847261, 47.736881], [16.0846867, 47.7368577]], [[16.0847772, 47.7369128], [16.0847261, 47.736881]], [[16.0850107, 47.7370583], [16.0847772, 47.7369128]], [[16.0851952, 47.7371733], [16.0850107, 47.7370583]], [[16.0853315, 47.7372583], [16.0851952, 47.7371733]], [[16.0855091, 47.737369], [16.0853315, 47.7372583]], [[16.0856813, 47.7374763], [16.0855091, 47.737369]], [[16.0857702, 47.7374995], [16.0856813, 47.7374763]], [[16.086368, 47.7374079], [16.0857702, 47.7374995]], [[16.0864777, 47.737393], [16.086368, 47.7374079]], [[16.0864777, 47.737393], [16.086543, 47.7373841]], [[16.086543, 47.7373841], [16.0866417, 47.7376327]], [[16.0866417, 47.7376327], [16.086714, 47.7377943]], [[16.086714, 47.7377943], [16.0868176, 47.7379861]], [[16.0868176, 47.7379861], [16.0871782, 47.7385676]], [[16.0871782, 47.7385676], [16.087578, 47.7391465]], [[16.087578, 47.7391465], [16.0880163, 47.7397942]], [[16.0879191, 47.739834], [16.0880163, 47.7397942]], [[16.0880981, 47.7400589], [16.0879191, 47.739834]], [[16.0882034, 47.7401759], [16.0880981, 47.7400589]], [[16.0882586, 47.7402442], [16.0882034, 47.7401759]], [[16.0883694, 47.7403753], [16.0882586, 47.7402442]], [[16.0886702, 47.7408196], [16.0883694, 47.7403753]], [[16.0888137, 47.7410018], [16.0886702, 47.7408196]], [[16.0889593, 47.7411484], [16.0888137, 47.7410018]], [[16.0889593, 47.7411484], [16.0888982, 47.7412408]], [[16.0888982, 47.7412408], [16.0889343, 47.7413629]], [[16.0889343, 47.7413629], [16.0891039, 47.741553]], [[16.0891039, 47.741553], [16.0892123, 47.7417246]], [[16.0892123, 47.7417246], [16.0893231, 47.7419479]], [[16.0893231, 47.7419479], [16.0894286, 47.7422163]], [[16.0894286, 47.7422163], [16.0894938, 47.7424163]], [[16.0894938, 47.7424163], [16.0895619, 47.7427212]], [[16.0895619, 47.7427212], [16.0897837, 47.7446977]], [[16.0897837, 47.7446977], [16.0899009, 47.7462304]], [[16.0899009, 47.7462304], [16.0899044, 47.7463231]], [[16.0899044, 47.7463231], [16.0899553, 47.7469643]], [[16.0899553, 47.7469643], [16.0899848, 47.7472005]], [[16.0899848, 47.7472005], [16.0900271, 47.7473958]], [[16.0900271, 47.7473958], [16.0901185, 47.7477051]], [[16.0901185, 47.7477051], [16.0902416, 47.7480065]], [[16.0902416, 47.7480065], [16.0903681, 47.7482662]], [[16.0903681, 47.7482662], [16.0906024, 47.7486784]], [[16.0906024, 47.7486784], [16.0907494, 47.7489375]], [[16.0907494, 47.7489375], [16.0909625, 47.749304]], [[16.0909625, 47.749304], [16.0911095, 47.7495893]], [[16.0911095, 47.7495893], [16.0911993, 47.7498087]], [[16.0911993, 47.7498087], [16.091256, 47.7500589]], [[16.091256, 47.7500589], [16.0912937, 47.7503108]], [[16.0912937, 47.7503108], [16.0913163, 47.7506256]], [[16.0913163, 47.7506256], [16.0913385, 47.7508332]], [[16.0913385, 47.7508332], [16.0913467, 47.7511601]], [[16.0913467, 47.7511601], [16.0913623, 47.7514133]], [[16.0913623, 47.7514133], [16.09136, 47.7516921]], [[16.09136, 47.7516921], [16.0917447, 47.7516668]], [[16.0918882, 47.75183], [16.0917447, 47.7516668]], [[16.0920351, 47.7520124], [16.0918882, 47.75183]], [[16.0921784, 47.7521904], [16.0920351, 47.7520124]], [[16.092316, 47.7523611], [16.0921784, 47.7521904]], [[16.0921599, 47.7526334], [16.092316, 47.7523611]], [[16.092168, 47.7527758], [16.0921599, 47.7526334]], [[16.0922329, 47.7529558], [16.092168, 47.7527758]], [[16.0924791, 47.7533075], [16.0922329, 47.7529558]], [[16.0926475, 47.7535264], [16.0924791, 47.7533075]], [[16.0926266, 47.7535981], [16.0926475, 47.7535264]], [[16.0922, 47.7538942], [16.0926266, 47.7535981]], [[16.092093, 47.7539859], [16.0922, 47.7538942]], [[16.0923178, 47.7548955], [16.092093, 47.7539859]], [[16.0919738, 47.7550066], [16.0923178, 47.7548955]], [[16.0920103, 47.7554062], [16.0919738, 47.7550066]], [[16.091955, 47.7556733], [16.0920103, 47.7554062]], [[16.091955, 47.7556733], [16.0921429, 47.75571]], [[16.0921429, 47.75571], [16.092222, 47.7557502]], [[16.092222, 47.7557502], [16.0925362, 47.756779]], [[16.0925362, 47.756779], [16.092852, 47.7574967]], [[16.092852, 47.7574967], [16.0914471, 47.7577433]], [[16.0914471, 47.7577433], [16.0918894, 47.7583568]], [[16.0918894, 47.7583568], [16.0918878, 47.7585009]], [[16.0916256, 47.7586213], [16.0918878, 47.7585009]], [[16.0911912, 47.7587074], [16.0916256, 47.7586213]], [[16.0911912, 47.7587074], [16.0912803, 47.7590157]], [[16.0912803, 47.7590157], [16.0911687, 47.7597726]], [[16.0911687, 47.7597726], [16.0912485, 47.7600598]], [[16.0912485, 47.7600598], [16.0912497, 47.760066]], [[16.0912497, 47.760066], [16.0915913, 47.7609223]], [[16.0915913, 47.7609223], [16.091716, 47.761465]], [[16.091716, 47.761465], [16.0917354, 47.7616158]], [[16.0917354, 47.7616158], [16.0916533, 47.7620818]], [[16.0916533, 47.7620818], [16.0916469, 47.7626229]], [[16.0916469, 47.7626229], [16.0917468, 47.7632662]], [[16.0917468, 47.7632662], [16.0919423, 47.7637977]], [[16.0919423, 47.7637977], [16.0920037, 47.7639646]], [[16.0920037, 47.7639646], [16.0926082, 47.7649574]], [[16.0926082, 47.7649574], [16.093063, 47.765812]], [[16.093063, 47.765812], [16.0932242, 47.7659758]], [[16.0932242, 47.7659758], [16.0933353, 47.7661825]], [[16.0933353, 47.7661825], [16.0936293, 47.7667851]], [[16.0936293, 47.7667851], [16.0937637, 47.767163]], [[16.0937637, 47.767163], [16.0938737, 47.7673874]], [[16.0938737, 47.7673874], [16.0939322, 47.7675876]], [[16.0939322, 47.7675876], [16.0939997, 47.7679751]], [[16.0939997, 47.7679751], [16.0941379, 47.7684466]], [[16.0941379, 47.7684466], [16.0941621, 47.7686776]], [[16.094285, 47.769582], [16.0941621, 47.7686776]], [[16.0942542, 47.7706875], [16.094285, 47.769582]], [[16.0941855, 47.770953], [16.0942542, 47.7706875]], [[16.0935705, 47.7723811], [16.0941855, 47.770953]], [[16.0933902, 47.7726759], [16.0935705, 47.7723811]], [[16.0933666, 47.7727144], [16.0933902, 47.7726759]], [[16.0932881, 47.7729174], [16.0933666, 47.7727144]], [[16.093256, 47.7730393], [16.0932881, 47.7729174]], [[16.0932296, 47.7737582], [16.093256, 47.7730393]], [[16.0931964, 47.7740143], [16.0932296, 47.7737582]], [[16.0929857, 47.7750004], [16.0931964, 47.7740143]], [[16.0929181, 47.7756449], [16.0929857, 47.7750004]], [[16.0928072, 47.7768318], [16.0929181, 47.7756449]], [[16.0927783, 47.777141], [16.0928072, 47.7768318]], [[16.0927697, 47.7772332], [16.0927783, 47.777141]], [[16.0927697, 47.7772332], [16.0927571, 47.7775694]], [[16.0927571, 47.7775694], [16.0929835, 47.7790816]], [[16.0930065, 47.7791827], [16.0929835, 47.7790816]], [[16.0930065, 47.7791827], [16.0929435, 47.7793989]], [[16.0929435, 47.7793989], [16.0927811, 47.7796578]], [[16.0927811, 47.7796578], [16.0927542, 47.7797611]], [[16.0927542, 47.7797611], [16.0928452, 47.7803304]], [[16.0928452, 47.7803304], [16.0929711, 47.7807371]], [[16.0929711, 47.7807371], [16.0931078, 47.7809626]], [[16.0931078, 47.7809626], [16.0933716, 47.7811996]], [[16.0933716, 47.7811996], [16.0935075, 47.7812802]], [[16.0937762, 47.7815304], [16.0935075, 47.7812802]], [[16.0939245, 47.7818426], [16.0937762, 47.7815304]], [[16.0939329, 47.7821477], [16.0939245, 47.7818426]], [[16.0938898, 47.7825046], [16.0939329, 47.7821477]], [[16.0937749, 47.7832184], [16.0938898, 47.7825046]], [[16.0939049, 47.7834693], [16.0937749, 47.7832184]], [[16.0939241, 47.7835065], [16.0939049, 47.7834693]], [[16.0939358, 47.7835291], [16.0939241, 47.7835065]], [[16.0939358, 47.7835291], [16.0934715, 47.7836079]], [[16.0934715, 47.7836079], [16.0930645, 47.7836803]], [[16.0929919, 47.7838034], [16.0930645, 47.7836803]], [[16.0927745, 47.783904], [16.0929919, 47.7838034]], [[16.0926298, 47.7839304], [16.0927745, 47.783904]], [[16.0926324, 47.7840064], [16.0926298, 47.7839304]], [[16.0926096, 47.7840811], [16.0926324, 47.7840064]], [[16.0925398, 47.7842366], [16.0926096, 47.7840811]], [[16.0925157, 47.784293], [16.0925398, 47.7842366]], [[16.0925011, 47.7843544], [16.0925157, 47.784293]], [[16.0924759, 47.7844982], [16.0925011, 47.7843544]], [[16.0924706, 47.7846674], [16.0924759, 47.7844982]], [[16.0924605, 47.7849071], [16.0924706, 47.7846674]], [[16.092436, 47.7850944], [16.0924605, 47.7849071]], [[16.0923791, 47.7853736], [16.092436, 47.7850944]], [[16.0923791, 47.7853736], [16.0925014, 47.7853899]], [[16.0925014, 47.7853899], [16.0927323, 47.7854471]], [[16.0927323, 47.7854471], [16.0928583, 47.7860554]], [[16.0928583, 47.7860554], [16.0928811, 47.7861761]], [[16.0928811, 47.7861761], [16.0930372, 47.7871256]], [[16.0930372, 47.7871256], [16.092985, 47.7874446]], [[16.092985, 47.7874446], [16.0926552, 47.7886945]], [[16.0926552, 47.7886945], [16.0922968, 47.7900034]], [[16.0922968, 47.7900034], [16.0923017, 47.7901728]], [[16.0923017, 47.7901728], [16.0923581, 47.7904132]], [[16.0923581, 47.7904132], [16.0923711, 47.7906069]], [[16.0923711, 47.7906069], [16.0922366, 47.7916219]], [[16.0922366, 47.7916219], [16.092197, 47.7918236]], [[16.092197, 47.7918236], [16.092082, 47.7921109]], [[16.092082, 47.7921109], [16.0917802, 47.7926776]], [[16.0917802, 47.7926776], [16.0915495, 47.7931917]], [[16.0915495, 47.7931917], [16.0914811, 47.7934281]], [[16.0914811, 47.7934281], [16.0913644, 47.7937264]], [[16.0913644, 47.7937264], [16.0911486, 47.7941444]], [[16.0911486, 47.7941444], [16.0908838, 47.7945683]], [[16.0908838, 47.7945683], [16.0906006, 47.7950642]], [[16.0906006, 47.7950642], [16.0898867, 47.7965812]], [[16.0898867, 47.7965812], [16.0897079, 47.7969612]], [[16.0897079, 47.7969612], [16.0896762, 47.7970126]], [[16.0896762, 47.7970126], [16.0895493, 47.7972308]], [[16.0895493, 47.7972308], [16.0895309, 47.7972659]], [[16.0895309, 47.7972659], [16.0895212, 47.7972829]], [[16.0895212, 47.7972829], [16.0895186, 47.7972874]], [[16.0895186, 47.7972874], [16.0895138, 47.7972958]], [[16.0895138, 47.7972958], [16.0895075, 47.7973062]], [[16.0895075, 47.7973062], [16.0894939, 47.7973288]], [[16.0894939, 47.7973288], [16.0889955, 47.7981547]], [[16.0889955, 47.7981547], [16.0892444, 47.7983334]], [[16.0892444, 47.7983334], [16.0895392, 47.7984967]], [[16.0895392, 47.7984967], [16.0899438, 47.7986849]], [[16.0899438, 47.7986849], [16.0904109, 47.7988419]], [[16.0904109, 47.7988419], [16.0908187, 47.7989447]], [[16.0908187, 47.7989447], [16.0911948, 47.7990273]], [[16.0911948, 47.7990273], [16.0917227, 47.7990905]], [[16.0917227, 47.7990905], [16.0923229, 47.7992022]], [[16.0923229, 47.7992022], [16.0940017, 47.7996052]], [[16.0940017, 47.7996052], [16.0944235, 47.7997065]], [[16.0944235, 47.7997065], [16.095078, 47.7999191]], [[16.095078, 47.7999191], [16.095888, 47.8002849]], [[16.095888, 47.8002849], [16.0965233, 47.8005244]], [[16.0965233, 47.8005244], [16.0970253, 47.8007137]], [[16.0970253, 47.8007137], [16.0980607, 47.8010857]], [[16.0980607, 47.8010857], [16.0985481, 47.8012219]], [[16.0985481, 47.8012219], [16.099115, 47.8014118]], [[16.099115, 47.8014118], [16.099534, 47.8016226]], [[16.099534, 47.8016226], [16.0998492, 47.8018425]], [[16.0998492, 47.8018425], [16.0999739, 47.8019505]], [[16.0999739, 47.8019505], [16.1000879, 47.8020824]], [[16.1000879, 47.8020824], [16.1002478, 47.8022183]], [[16.1002478, 47.8022183], [16.1004976, 47.8023981]], [[16.1004976, 47.8023981], [16.1007857, 47.802558]], [[16.1007857, 47.802558], [16.1028136, 47.8036136]], [[16.1028136, 47.8036136], [16.103051, 47.8036961]], [[16.103051, 47.8036961], [16.103355, 47.803822]], [[16.103355, 47.803822], [16.1038872, 47.8040814]], [[16.1038872, 47.8040814], [16.1041943, 47.8042992]], [[16.1041943, 47.8042992], [16.1042968, 47.8043842]], [[16.1042968, 47.8043842], [16.1043947, 47.8044817]], [[16.1043947, 47.8044817], [16.1044467, 47.8045765]], [[16.1044467, 47.8045765], [16.1046145, 47.8047859]], [[16.1046145, 47.8047859], [16.1047344, 47.804895]], [[16.1047344, 47.804895], [16.1050176, 47.8051045]], [[16.1050176, 47.8051045], [16.1060226, 47.8056295]], [[16.1060226, 47.8056295], [16.1064746, 47.8058763]], [[16.1064746, 47.8058763], [16.1070706, 47.8063289]], [[16.1070706, 47.8063289], [16.1077816, 47.8073227]], [[16.1077816, 47.8073227], [16.1084249, 47.8082391]], [[16.1084249, 47.8082391], [16.1087301, 47.8085799]], [[16.1087301, 47.8085799], [16.109915, 47.8096949]], [[16.109915, 47.8096949], [16.1106658, 47.8101671]], [[16.1106658, 47.8101671], [16.1108707, 47.8102135]], [[16.1108707, 47.8102135], [16.1109923, 47.8101606]], [[16.1109923, 47.8101606], [16.1110438, 47.8101381]], [[16.1110438, 47.8101381], [16.1110883, 47.8101148]], [[16.1110883, 47.8101148], [16.1112252, 47.8100506]], [[16.1112252, 47.8100506], [16.1113409, 47.8099963]], [[16.1113409, 47.8099963], [16.1113505, 47.8101144]], [[16.1113505, 47.8101144], [16.1115052, 47.810394]], [[16.1115052, 47.810394], [16.1118662, 47.8108949]], [[16.1118662, 47.8108949], [16.111909, 47.8109666]], [[16.111909, 47.8109666], [16.1119307, 47.8110085]], [[16.1119307, 47.8110085], [16.1119881, 47.8111086]], [[16.1119881, 47.8111086], [16.1121246, 47.81138]], [[16.1121246, 47.81138], [16.1121678, 47.8115087]], [[16.1121678, 47.8115087], [16.1122257, 47.8117314]], [[16.1122257, 47.8117314], [16.1122924, 47.811878]], [[16.1122924, 47.811878], [16.1123164, 47.8119189]], [[16.1123164, 47.8119189], [16.1121963, 47.811963]], [[16.1121963, 47.811963], [16.1121183, 47.8120073]], [[16.1121183, 47.8120073], [16.1119519, 47.8121261]], [[16.1119519, 47.8121261], [16.1118055, 47.8122679]], [[16.1118055, 47.8122679], [16.1118983, 47.8123114]], [[16.1118983, 47.8123114], [16.111956, 47.8123384]], [[16.111956, 47.8123384], [16.1120223, 47.8123869]], [[16.1120223, 47.8123869], [16.1120431, 47.8123989]], [[16.1120431, 47.8123989], [16.1126022, 47.8127233]], [[16.1126022, 47.8127233], [16.1131605, 47.8129978]], [[16.1131605, 47.8129978], [16.1134918, 47.8131455]], [[16.1134918, 47.8131455], [16.11376, 47.8132704]], [[16.11376, 47.8132704], [16.1140059, 47.8134447]], [[16.1140059, 47.8134447], [16.1142905, 47.8136982]], [[16.1142905, 47.8136982], [16.114674, 47.8138934]], [[16.114674, 47.8138934], [16.1151334, 47.8141085]], [[16.1151334, 47.8141085], [16.1156475, 47.8143802]], [[16.1156475, 47.8143802], [16.116717, 47.8148337]], [[16.116717, 47.8148337], [16.1174385, 47.8151669]], [[16.1174385, 47.8151669], [16.1178388, 47.8153565]], [[16.1178388, 47.8153565], [16.118433, 47.8155263]], [[16.118433, 47.8155263], [16.1186606, 47.8156168]], [[16.1186606, 47.8156168], [16.1192927, 47.8159932]], [[16.1192927, 47.8159932], [16.1194191, 47.8161092]], [[16.1194191, 47.8161092], [16.1197015, 47.8165004]], [[16.1197015, 47.8165004], [16.1199761, 47.8166902]], [[16.1199761, 47.8166902], [16.1201592, 47.8168064]], [[16.1201592, 47.8168064], [16.1204523, 47.8169925]], [[16.1204523, 47.8169925], [16.1206818, 47.8170779]], [[16.120763, 47.8170716], [16.1206818, 47.8170779]], [[16.120763, 47.8170716], [16.1209278, 47.8171189]], [[16.1209278, 47.8171189], [16.1211563, 47.8171986]], [[16.1211563, 47.8171986], [16.1214141, 47.8173205]], [[16.1214141, 47.8173205], [16.1217766, 47.8175218]], [[16.1217766, 47.8175218], [16.1219881, 47.8176184]], [[16.1219881, 47.8176184], [16.1223092, 47.8177352]], [[16.1223092, 47.8177352], [16.1225508, 47.8178434]], [[16.1225508, 47.8178434], [16.1232579, 47.818213]], [[16.1232579, 47.818213], [16.1233608, 47.8183031]], [[16.1233608, 47.8183031], [16.1235308, 47.8184654]], [[16.1235308, 47.8184654], [16.123947, 47.81882]], [[16.123947, 47.81882], [16.124126, 47.8189462]], [[16.124126, 47.8189462], [16.1244124, 47.81914]], [[16.1244124, 47.81914], [16.1247346, 47.8193233]], [[16.1247346, 47.8193233], [16.1249879, 47.8194502]], [[16.1249879, 47.8194502], [16.1251732, 47.8195667]], [[16.1251732, 47.8195667], [16.1253477, 47.8196959]], [[16.1253477, 47.8196959], [16.1257816, 47.8198887]], [[16.1257816, 47.8198887], [16.1259787, 47.8199573]], [[16.1259787, 47.8199573], [16.1267887, 47.8201466]], [[16.1267887, 47.8201466], [16.1272845, 47.8202445]], [[16.1272845, 47.8202445], [16.1274689, 47.8202908]], [[16.1274689, 47.8202908], [16.1277396, 47.8204051]], [[16.1277396, 47.8204051], [16.1287288, 47.820906]], [[16.1287288, 47.820906], [16.1289672, 47.8210087]], [[16.1289672, 47.8210087], [16.1291516, 47.8210752]], [[16.1291516, 47.8210752], [16.1294034, 47.8211446]], [[16.1294034, 47.8211446], [16.1296868, 47.8212121]], [[16.1296868, 47.8212121], [16.1298274, 47.8213024]], [[16.1298274, 47.8213024], [16.1299378, 47.8214092]], [[16.1299378, 47.8214092], [16.1300435, 47.8215182]], [[16.1300435, 47.8215182], [16.1302904, 47.8217009]], [[16.1302904, 47.8217009], [16.1305489, 47.8218625]], [[16.1305489, 47.8218625], [16.1307016, 47.821943]], [[16.1307016, 47.821943], [16.1308398, 47.8220212]], [[16.1308398, 47.8220212], [16.1309016, 47.8220651]], [[16.1309016, 47.8220651], [16.1310792, 47.8222171]], [[16.1310792, 47.8222171], [16.131277, 47.8223443]], [[16.131277, 47.8223443], [16.1315197, 47.8224697]], [[16.1315197, 47.8224697], [16.132247, 47.8227927]], [[16.132247, 47.8227927], [16.1326252, 47.8229709]], [[16.1326252, 47.8229709], [16.1333197, 47.8232614]], [[16.1333197, 47.8232614], [16.1336869, 47.8234396]], [[16.1336869, 47.8234396], [16.1338215, 47.8235397]], [[16.1338215, 47.8235397], [16.1338978, 47.8236423]], [[16.1338978, 47.8236423], [16.1339524, 47.8237741]], [[16.1339524, 47.8237741], [16.1340287, 47.8242209]], [[16.1340287, 47.8242209], [16.1340651, 47.8242966]], [[16.1340651, 47.8242966], [16.1341233, 47.8243674]], [[16.1341233, 47.8243674], [16.1343523, 47.8245578]], [[16.1343523, 47.8245578], [16.1344214, 47.824653]], [[16.1344214, 47.824653], [16.1344578, 47.8247775]], [[16.1344578, 47.8247775], [16.134476, 47.8249387]], [[16.134476, 47.8249387], [16.1344578, 47.82509]], [[16.1344578, 47.82509], [16.1344142, 47.8252414]], [[16.1344142, 47.8252414], [16.1343633, 47.8253879]], [[16.1343633, 47.8253879], [16.1343669, 47.8254489]], [[16.1343669, 47.8254489], [16.134436, 47.8255319]], [[16.134436, 47.8255319], [16.1345523, 47.8256247]], [[16.1345523, 47.8256247], [16.1346142, 47.825671]], [[16.1346142, 47.825671], [16.1347082, 47.8257267]], [[16.1347082, 47.8257267], [16.1347932, 47.8257125]], [[16.1347932, 47.8257125], [16.1349091, 47.8256704]], [[16.1349091, 47.8256704], [16.1358091, 47.8252838]], [[16.1358091, 47.8252838], [16.1362856, 47.8251291]], [[16.1362856, 47.8251291], [16.1366223, 47.8250599]], [[16.1366223, 47.8250599], [16.1371895, 47.824964]], [[16.1371895, 47.824964], [16.1374162, 47.8249358]], [[16.1374162, 47.8249358], [16.1377198, 47.8249132]], [[16.1377198, 47.8249132], [16.1379758, 47.8249067]], [[16.1379758, 47.8249067], [16.1388853, 47.8249105]], [[16.1388853, 47.8249105], [16.1392264, 47.824898]], [[16.1392264, 47.824898], [16.1392998, 47.8248959]], [[16.1392998, 47.8248959], [16.139348, 47.824894]], [[16.139348, 47.824894], [16.1396979, 47.8248798]], [[16.1396979, 47.8248798], [16.1399322, 47.8248871]], [[16.1399322, 47.8248871], [16.1405511, 47.8249287]], [[16.1405511, 47.8249287], [16.1409204, 47.8249868]], [[16.1409204, 47.8249868], [16.1414056, 47.8250632]], [[16.1414056, 47.8250632], [16.1418418, 47.8250993]], [[16.1418418, 47.8250993], [16.1429063, 47.8250656]], [[16.1429063, 47.8250656], [16.1432907, 47.8250314]], [[16.1432907, 47.8250314], [16.144449, 47.8249137]], [[16.144449, 47.8249137], [16.1451877, 47.8249077]], [[16.1451877, 47.8249077], [16.1453572, 47.8249284]], [[16.1453572, 47.8249284], [16.1454471, 47.8249529]], [[16.1454471, 47.8249529], [16.1461299, 47.825247]], [[16.1461299, 47.825247], [16.1469893, 47.8257221]], [[16.1469893, 47.8257221], [16.1476112, 47.826031]], [[16.1476112, 47.826031], [16.1478128, 47.8261091]], [[16.1478128, 47.8261091], [16.1479705, 47.8261619]], [[16.1479705, 47.8261619], [16.1482237, 47.8263012]], [[16.1482237, 47.8263012], [16.1485923, 47.8265864]], [[16.1485923, 47.8265864], [16.1492684, 47.8272501]], [[16.1492684, 47.8272501], [16.150066, 47.8278568]], [[16.150066, 47.8278568], [16.150357, 47.8280896]], [[16.150357, 47.8280896], [16.1504521, 47.8281427]], [[16.1504521, 47.8281427], [16.1507771, 47.8282745]], [[16.1507771, 47.8282745], [16.1510202, 47.8284407]], [[16.1510202, 47.8284407], [16.151222, 47.8285443]], [[16.151222, 47.8285443], [16.1513347, 47.8285747]], [[16.1513347, 47.8285747], [16.1514339, 47.8285771]], [[16.1514339, 47.8285771], [16.1515166, 47.8285624]], [[16.1515166, 47.8285624], [16.1516233, 47.8285198]], [[16.1517985, 47.8286726], [16.1516233, 47.8285198]], [[16.1518071, 47.8286997], [16.1517985, 47.8286726]], [[16.1518077, 47.8287363], [16.1518071, 47.8286997]], [[16.1518341, 47.8287767], [16.1518077, 47.8287363]], [[16.152213, 47.8290086], [16.1518341, 47.8287767]], [[16.1527859, 47.8293468], [16.152213, 47.8290086]], [[16.153233, 47.8296498], [16.1527859, 47.8293468]], [[16.1536502, 47.8297366], [16.153233, 47.8296498]], [[16.1538245, 47.8297608], [16.1536502, 47.8297366]], [[16.1549957, 47.8298971], [16.1538245, 47.8297608]], [[16.156166, 47.8301517], [16.1549957, 47.8298971]], [[16.1567529, 47.8303328], [16.156166, 47.8301517]], [[16.158036, 47.8310239], [16.1567529, 47.8303328]], [[16.1580985, 47.8310575], [16.158036, 47.8310239]], [[16.1583562, 47.8312258], [16.1580985, 47.8310575]], [[16.1585342, 47.8313013], [16.1583562, 47.8312258]], [[16.1591246, 47.8314886], [16.1585342, 47.8313013]], [[16.1593428, 47.8315441], [16.1591246, 47.8314886]], [[16.1594706, 47.8315918], [16.1593428, 47.8315441]], [[16.1596416, 47.8316607], [16.1594706, 47.8315918]], [[16.1597009, 47.8316762], [16.1596416, 47.8316607]], [[16.1598462, 47.831683], [16.1597009, 47.8316762]], [[16.1599827, 47.8316813], [16.1598462, 47.831683]], [[16.1602762, 47.8316555], [16.1599827, 47.8316813]], [[16.1604874, 47.8316249], [16.1602762, 47.8316555]], [[16.1607462, 47.831564], [16.1604874, 47.8316249]], [[16.1611059, 47.8314595], [16.1607462, 47.831564]], [[16.1612744, 47.8314358], [16.1611059, 47.8314595]], [[16.1615174, 47.8314197], [16.1612744, 47.8314358]], [[16.1617644, 47.8314101], [16.1615174, 47.8314197]], [[16.1619126, 47.8314266], [16.1617644, 47.8314101]], [[16.1623107, 47.8315066], [16.1619126, 47.8314266]], [[16.1627067, 47.8316179], [16.1623107, 47.8315066]], [[16.1629964, 47.8316849], [16.1627067, 47.8316179]], [[16.1630755, 47.8316989], [16.1629964, 47.8316849]], [[16.163375, 47.8317237], [16.1630755, 47.8316989]], [[16.163887, 47.8317321], [16.163375, 47.8317237]], [[16.1640743, 47.8317299], [16.163887, 47.8317321]], [[16.1641284, 47.8317256], [16.1640743, 47.8317299]], [[16.1642916, 47.8317049], [16.1641284, 47.8317256]], [[16.1643525, 47.8316849], [16.1642916, 47.8317049]], [[16.1644717, 47.8316231], [16.1643525, 47.8316849]], [[16.1646396, 47.8315371], [16.1644717, 47.8316231]], [[16.1648863, 47.8317028], [16.1646396, 47.8315371]], [[16.1650274, 47.8317516], [16.1648863, 47.8317028]], [[16.1651697, 47.8317778], [16.1650274, 47.8317516]], [[16.165351, 47.8317874], [16.1651697, 47.8317778]], [[16.1656161, 47.8317852], [16.165351, 47.8317874]], [[16.1658379, 47.8317577], [16.1656161, 47.8317852]], [[16.1658671, 47.8318195], [16.1658379, 47.8317577]], [[16.1660385, 47.8321823], [16.1658671, 47.8318195]], [[16.1662663, 47.832156], [16.1660385, 47.8321823]], [[16.1664802, 47.8321279], [16.1662663, 47.832156]], [[16.1666994, 47.8320992], [16.1664802, 47.8321279]], [[16.167028, 47.8320691], [16.1666994, 47.8320992]], [[16.1671192, 47.8323006], [16.167028, 47.8320691]], [[16.1671192, 47.8323006], [16.1683737, 47.8321747]], [[16.1683737, 47.8321747], [16.1690664, 47.8321246]], [[16.1690664, 47.8321246], [16.1695675, 47.8321286]], [[16.1695675, 47.8321286], [16.1697405, 47.832156]], [[16.1697405, 47.832156], [16.1707997, 47.8325417]], [[16.1706928, 47.8326394], [16.1707997, 47.8325417]], [[16.1706928, 47.8326394], [16.171972, 47.8330791]], [[16.171972, 47.8330791], [16.1719533, 47.8331049]], [[16.1719533, 47.8331049], [16.1719189, 47.8331521]], [[16.1719189, 47.8331521], [16.1720015, 47.8331778]], [[16.1726407, 47.8333765], [16.1720015, 47.8331778]], [[16.1733473, 47.8335425], [16.1726407, 47.8333765]], [[16.1748325, 47.8340413], [16.1733473, 47.8335425]], [[16.174011, 47.8349162], [16.1748325, 47.8340413]], [[16.1733554, 47.83566], [16.174011, 47.8349162]], [[16.1733554, 47.83566], [16.1730042, 47.8356025]], [[16.1730042, 47.8356025], [16.1730624, 47.8357011]], [[16.1730624, 47.8357011], [16.1732595, 47.8359444]], [[16.1732595, 47.8359444], [16.1733373, 47.8361152]], [[16.1733373, 47.8361152], [16.1733983, 47.8363494]], [[16.1733983, 47.8363494], [16.1735328, 47.8365639]], [[16.1735328, 47.8365639], [16.1738692, 47.8368998]], [[16.1738692, 47.8368998], [16.1744158, 47.8373655]], [[16.1744158, 47.8373655], [16.1750224, 47.837956]], [[16.1750224, 47.837956], [16.175741, 47.8385711]], [[16.175741, 47.8385711], [16.1757661, 47.8385926]], [[16.1757661, 47.8385926], [16.1760098, 47.8387371]], [[16.1760098, 47.8387371], [16.1763904, 47.8389791]], [[16.1763904, 47.8389791], [16.1764655, 47.8390252]], [[16.1764655, 47.8390252], [16.1771522, 47.8395824]], [[16.1771522, 47.8395824], [16.1774019, 47.8397857]], [[16.1774019, 47.8397857], [16.1782667, 47.8402792]], [[16.1782667, 47.8402792], [16.1787198, 47.8404763]], [[16.1787198, 47.8404763], [16.1791545, 47.8407075]], [[16.1791545, 47.8407075], [16.1794913, 47.8409177]], [[16.1794913, 47.8409177], [16.1805904, 47.8415978]], [[16.1805904, 47.8415978], [16.1808244, 47.8417246]], [[16.1808244, 47.8417246], [16.1808422, 47.8421991]], [[16.1808422, 47.8421991], [16.1808323, 47.8424089]], [[16.1808323, 47.8424089], [16.1807965, 47.8430258]], [[16.1807965, 47.8430258], [16.1808034, 47.8435627]], [[16.1808034, 47.8435627], [16.1808982, 47.8443386]], [[16.1808982, 47.8443386], [16.1809869, 47.8458895]], [[16.1809869, 47.8458895], [16.1810134, 47.8462718]], [[16.1810134, 47.8462718], [16.1809952, 47.8468823]], [[16.1809952, 47.8468823], [16.1808587, 47.848254]], [[16.1808587, 47.848254], [16.1808846, 47.8487518]], [[16.1808846, 47.8487518], [16.1809369, 47.8493344]], [[16.1809369, 47.8493344], [16.1810186, 47.8499971]], [[16.1810186, 47.8499971], [16.1813244, 47.850945]], [[16.1813244, 47.850945], [16.1813963, 47.8516571]], [[16.1813963, 47.8516571], [16.1814355, 47.8517778]], [[16.1814355, 47.8517778], [16.1816072, 47.8521234]], [[16.1816072, 47.8521234], [16.1816661, 47.8522759]], [[16.1816661, 47.8522759], [16.1816906, 47.8524262]], [[16.1816906, 47.8524262], [16.1817756, 47.8527158]], [[16.1817756, 47.8527158], [16.1819505, 47.8534717]], [[16.1819505, 47.8534717], [16.1819898, 47.8536429]], [[16.1819898, 47.8536429], [16.1820364, 47.8537377]], [[16.1820364, 47.8537377], [16.182456, 47.854341]], [[16.182456, 47.854341], [16.1828633, 47.8548757]], [[16.1828633, 47.8548757], [16.1828659, 47.8549465]], [[16.1828659, 47.8549465], [16.1828396, 47.8550066]], [[16.1828396, 47.8550066], [16.1826221, 47.8552312]], [[16.1826221, 47.8552312], [16.1825454, 47.8553841]], [[16.1825454, 47.8553841], [16.1823904, 47.8558373]], [[16.1823904, 47.8558373], [16.1823931, 47.8558969]], [[16.1823931, 47.8558969], [16.1823329, 47.8559456]], [[16.1823329, 47.8559456], [16.1817169, 47.8563035]], [[16.1817169, 47.8563035], [16.1813654, 47.8564752]], [[16.1813654, 47.8564752], [16.1811246, 47.8566165]], [[16.1811246, 47.8566165], [16.1809698, 47.8567247]], [[16.1809698, 47.8567247], [16.1805788, 47.8571039]], [[16.1805788, 47.8571039], [16.1804456, 47.8571817]], [[16.1804456, 47.8571817], [16.1802779, 47.8572918]], [[16.1802779, 47.8572918], [16.1801248, 47.8574231]], [[16.1801248, 47.8574231], [16.1796093, 47.8577793]], [[16.1796093, 47.8577793], [16.1794018, 47.8578961]], [[16.1794018, 47.8578961], [16.1791929, 47.8579733]], [[16.1791929, 47.8579733], [16.178827, 47.858082]], [[16.178827, 47.858082], [16.1778559, 47.8583206]], [[16.1778559, 47.8583206], [16.17778, 47.8583546]], [[16.17778, 47.8583546], [16.1776213, 47.8584568]], [[16.1776213, 47.8584568], [16.177387, 47.8586335]], [[16.177387, 47.8586335], [16.1770334, 47.8589588]], [[16.1770334, 47.8589588], [16.1767151, 47.8592662]], [[16.1767151, 47.8592662], [16.1765086, 47.8595613]], [[16.1765086, 47.8595613], [16.1763292, 47.8598178]], [[16.1763292, 47.8598178], [16.1762775, 47.8599701]], [[16.1762775, 47.8599701], [16.1762791, 47.8600664]], [[16.1762791, 47.8600664], [16.1762377, 47.8601463]], [[16.1762377, 47.8601463], [16.1761829, 47.8603456]], [[16.1761223, 47.8604347], [16.1761829, 47.8603456]], [[16.1760711, 47.8605593], [16.1761223, 47.8604347]], [[16.1760598, 47.86066], [16.1760711, 47.8605593]], [[16.1760832, 47.860898], [16.1760598, 47.86066]], [[16.1760782, 47.8610939], [16.1760832, 47.860898]], [[16.1760206, 47.8614335], [16.1760782, 47.8610939]], [[16.1759791, 47.8615293], [16.1760206, 47.8614335]], [[16.1759164, 47.8616209], [16.1759791, 47.8615293]], [[16.175805, 47.8617138], [16.1759164, 47.8616209]], [[16.1755909, 47.861993], [16.175805, 47.8617138]], [[16.1754929, 47.8621636], [16.1755909, 47.861993]], [[16.1754159, 47.862395], [16.1754929, 47.8621636]], [[16.1754159, 47.862395], [16.1753584, 47.862596]], [[16.1753584, 47.862596], [16.1753436, 47.8626796]], [[16.1753436, 47.8626796], [16.1753452, 47.8628024]], [[16.1753452, 47.8628024], [16.1755761, 47.8627588]], [[16.1755761, 47.8627588], [16.175886, 47.862635]], [[16.175886, 47.862635], [16.1774359, 47.8619689]], [[16.1775157, 47.8619802], [16.1774359, 47.8619689]], [[16.1775546, 47.8620135], [16.1775157, 47.8619802]], [[16.1778275, 47.8625337], [16.1775546, 47.8620135]], [[16.1783286, 47.8634743], [16.1778275, 47.8625337]], [[16.1783286, 47.8634743], [16.1786027, 47.8634687]], [[16.1786027, 47.8634687], [16.1787858, 47.8634678]], [[16.1787858, 47.8634678], [16.1788373, 47.8634131]], [[16.1788373, 47.8634131], [16.178944, 47.8633686]], [[16.178944, 47.8633686], [16.1799458, 47.863414]], [[16.1799458, 47.863414], [16.1803997, 47.8634482]], [[16.1803997, 47.8634482], [16.1806364, 47.8634567]], [[16.1806364, 47.8634567], [16.1806861, 47.8634702]], [[16.1806861, 47.8634702], [16.1807441, 47.8634685]], [[16.1807441, 47.8634685], [16.1813345, 47.8634774]], [[16.1813345, 47.8634774], [16.1814954, 47.8634707]], [[16.1814954, 47.8634707], [16.1820425, 47.8634289]], [[16.1820425, 47.8634289], [16.1825475, 47.8633839]], [[16.1825475, 47.8633839], [16.1831358, 47.8633135]], [[16.1831358, 47.8633135], [16.1835105, 47.863317]], [[16.1835105, 47.863317], [16.1838571, 47.8633375]], [[16.1838571, 47.8633375], [16.1839749, 47.8633385]], [[16.1839749, 47.8633385], [16.1840773, 47.8633394]], [[16.1840773, 47.8633394], [16.1844702, 47.8633911]], [[16.1844702, 47.8633911], [16.1851987, 47.8634866]], [[16.1851987, 47.8634866], [16.1852537, 47.8634997]], [[16.1852537, 47.8634997], [16.1853018, 47.8635112]], [[16.1853018, 47.8635112], [16.1853819, 47.8635148]], [[16.1853819, 47.8635148], [16.1863375, 47.8636341]], [[16.1863375, 47.8636341], [16.1881634, 47.8638684]], [[16.1881634, 47.8638684], [16.1883753, 47.8639264]], [[16.1883753, 47.8639264], [16.1894862, 47.8640725]], [[16.1894862, 47.8640725], [16.1896088, 47.8640886]], [[16.1896088, 47.8640886], [16.1897596, 47.8640957]], [[16.1897596, 47.8640957], [16.1898451, 47.8640947]], [[16.1898451, 47.8640947], [16.1900134, 47.8640807]], [[16.1900134, 47.8640807], [16.1901422, 47.8640794]], [[16.1901422, 47.8640794], [16.1904003, 47.8641082]], [[16.1904003, 47.8641082], [16.1916979, 47.8643158]], [[16.1916979, 47.8643158], [16.1923208, 47.8644163]], [[16.1923208, 47.8644163], [16.1924549, 47.864446]], [[16.1924549, 47.864446], [16.1936053, 47.8645918]], [[16.1936053, 47.8645918], [16.1948627, 47.8647535]], [[16.1948627, 47.8647535], [16.1963522, 47.8649409]], [[16.1963522, 47.8649409], [16.1966868, 47.8649962]], [[16.1966868, 47.8649962], [16.1969295, 47.8650511]], [[16.1969295, 47.8650511], [16.1972219, 47.8651397]], [[16.1972219, 47.8651397], [16.1974264, 47.8652121]], [[16.1974264, 47.8652121], [16.1975478, 47.8652699]], [[16.1975478, 47.8652699], [16.1975964, 47.8652985]], [[16.1975964, 47.8652985], [16.1976591, 47.8653394]], [[16.1976591, 47.8653394], [16.1977195, 47.8653624]], [[16.1977195, 47.8653624], [16.1981506, 47.8654865]], [[16.1981506, 47.8654865], [16.1982667, 47.865512]], [[16.1982667, 47.865512], [16.1987063, 47.8656128]], [[16.1987063, 47.8656128], [16.1987312, 47.8656672]], [[16.1987312, 47.8656672], [16.1989573, 47.8657148]], [[16.1989573, 47.8657148], [16.1991095, 47.8657475]], [[16.1991095, 47.8657475], [16.1993088, 47.86579]], [[16.1993088, 47.86579], [16.199806, 47.8658919]], [[16.199806, 47.8658919], [16.1999592, 47.8659229]], [[16.1999592, 47.8659229], [16.2000286, 47.865937]], [[16.2000286, 47.865937], [16.2001653, 47.8659649]], [[16.2001613, 47.8660014], [16.2001653, 47.8659649]], [[16.2001597, 47.8660156], [16.2001613, 47.8660014]], [[16.2001163, 47.8664098], [16.2001597, 47.8660156]], [[16.2000748, 47.8665093], [16.2001163, 47.8664098]], [[16.1999839, 47.8666341], [16.2000748, 47.8665093]], [[16.1999437, 47.866725], [16.1999839, 47.8666341]], [[16.1999344, 47.8668666], [16.1999437, 47.866725]], [[16.1999392, 47.8669272], [16.1999344, 47.8668666]], [[16.1999925, 47.8669563], [16.1999392, 47.8669272]], [[16.200531, 47.8670191], [16.1999925, 47.8669563]], [[16.2012314, 47.8671479], [16.200531, 47.8670191]], [[16.2012314, 47.8671479], [16.2014138, 47.8672681]], [[16.2014138, 47.8672681], [16.2016373, 47.8674953]], [[16.2016373, 47.8674953], [16.2020646, 47.8680464]], [[16.2020646, 47.8680464], [16.2022324, 47.8682466]], [[16.2022324, 47.8682466], [16.2025112, 47.8684308]], [[16.2025112, 47.8684308], [16.2026952, 47.8685128]], [[16.2026952, 47.8685128], [16.20284, 47.8685773]], [[16.20284, 47.8685773], [16.2029146, 47.8686091]], [[16.2028981, 47.8687023], [16.2029146, 47.8686091]], [[16.2027478, 47.8692938], [16.2028981, 47.8687023]], [[16.2027319, 47.8693346], [16.2027478, 47.8692938]], [[16.2027232, 47.8693571], [16.2027319, 47.8693346]], [[16.2026701, 47.8694611], [16.2027232, 47.8693571]], [[16.2026013, 47.8695561], [16.2026701, 47.8694611]], [[16.2026013, 47.8695561], [16.2025209, 47.8696333]], [[16.2025209, 47.8696333], [16.2023936, 47.8697005]], [[16.2023936, 47.8697005], [16.2016486, 47.8699298]], [[16.2016486, 47.8699298], [16.2014764, 47.8699615]], [[16.2014764, 47.8699615], [16.2013891, 47.8699895]], [[16.2013891, 47.8699895], [16.2013042, 47.870047]], [[16.2013042, 47.870047], [16.2012689, 47.8700992]], [[16.2012689, 47.8700992], [16.2012003, 47.8702651]], [[16.2012003, 47.8702651], [16.2011168, 47.8703867]], [[16.2011168, 47.8703867], [16.2010603, 47.8704647]], [[16.2010603, 47.8704647], [16.2010928, 47.8705417]], [[16.2010928, 47.8705417], [16.2011433, 47.8709635]], [[16.2011433, 47.8709635], [16.2011947, 47.8712667]], [[16.2011947, 47.8712667], [16.201229, 47.8715723]], [[16.201229, 47.8715723], [16.2012351, 47.8716741]], [[16.2012351, 47.8716741], [16.2012136, 47.8718829]], [[16.2012136, 47.8718829], [16.2012381, 47.8719212]], [[16.2012381, 47.8719212], [16.2012182, 47.8719954]], [[16.2012182, 47.8719954], [16.2011813, 47.8720833]], [[16.2011813, 47.8720833], [16.2010585, 47.872378]], [[16.2010585, 47.872378], [16.2009813, 47.8725682]], [[16.2009813, 47.8725682], [16.2006041, 47.873585]], [[16.2006041, 47.873585], [16.2004891, 47.8738709]], [[16.2004891, 47.8738709], [16.2002346, 47.8745751]], [[16.2002346, 47.8745751], [16.200215, 47.8746387]], [[16.200215, 47.8746387], [16.2001555, 47.8748023]], [[16.2001555, 47.8748023], [16.2000849, 47.8749263]], [[16.2000849, 47.8749263], [16.1999939, 47.8750178]], [[16.1999939, 47.8750178], [16.1994479, 47.8754978]], [[16.1994479, 47.8754978], [16.1993971, 47.875566]], [[16.1993971, 47.875566], [16.1993846, 47.8756478]], [[16.1993846, 47.8756478], [16.1994235, 47.8757291]], [[16.1994235, 47.8757291], [16.199702, 47.8761308]], [[16.199702, 47.8761308], [16.1997559, 47.8762895]], [[16.1997559, 47.8762895], [16.1997588, 47.8764418]], [[16.1997588, 47.8764418], [16.1997108, 47.8766561]], [[16.1997108, 47.8766561], [16.1994787, 47.8773544]], [[16.1994787, 47.8773544], [16.1993836, 47.8775937]], [[16.1993836, 47.8775937], [16.1990711, 47.8784467]], [[16.1990711, 47.8784467], [16.1990448, 47.8785942]], [[16.1990692, 47.8787291], [16.1990448, 47.8785942]], [[16.1991648, 47.8789617], [16.1990692, 47.8787291]], [[16.1992609, 47.8793943], [16.1991648, 47.8789617]], [[16.1993365, 47.8796649], [16.1992609, 47.8793943]], [[16.199354, 47.8798134], [16.1993365, 47.8796649]], [[16.1993365, 47.8799772], [16.199354, 47.8798134]], [[16.1991849, 47.8806113], [16.1993365, 47.8799772]], [[16.1991566, 47.8808487], [16.1991849, 47.8806113]], [[16.1991936, 47.8813538], [16.1991566, 47.8808487]], [[16.1991632, 47.8815274], [16.1991936, 47.8813538]], [[16.1989936, 47.8819152], [16.1991632, 47.8815274]], [[16.1989624, 47.8820408], [16.1989936, 47.8819152]], [[16.19897, 47.8821757], [16.1989624, 47.8820408]], [[16.1990171, 47.8823076], [16.19897, 47.8821757]], [[16.1990911, 47.8824237], [16.1990171, 47.8823076]], [[16.1992945, 47.8826774], [16.1990911, 47.8824237]], [[16.1993499, 47.8828138], [16.1992945, 47.8826774]], [[16.1993603, 47.8829675], [16.1993499, 47.8828138]], [[16.1993476, 47.8830753], [16.1993603, 47.8829675]], [[16.1993457, 47.8832613], [16.1993476, 47.8830753]], [[16.1993675, 47.8834293], [16.1993457, 47.8832613]], [[16.1994753, 47.883873], [16.1993675, 47.8834293]], [[16.199502, 47.8839829], [16.1994753, 47.883873]], [[16.1995964, 47.8843629], [16.199502, 47.8839829]], [[16.1996785, 47.8846931], [16.1995964, 47.8843629]], [[16.199757, 47.8851363], [16.1996785, 47.8846931]], [[16.200084, 47.8863045], [16.199757, 47.8851363]], [[16.2001321, 47.8866024], [16.200084, 47.8863045]], [[16.2001363, 47.886656], [16.2001321, 47.8866024]], [[16.2001695, 47.8868659], [16.2001363, 47.886656]], [[16.2003967, 47.8879164], [16.2001695, 47.8868659]], [[16.2007125, 47.8892785], [16.2003967, 47.8879164]], [[16.2007909, 47.8895057], [16.2007125, 47.8892785]], [[16.2008908, 47.8897169], [16.2007909, 47.8895057]], [[16.2011146, 47.8900216], [16.2008908, 47.8897169]], [[16.2012965, 47.8903802], [16.2011146, 47.8900216]], [[16.2014914, 47.8908771], [16.2012965, 47.8903802]], [[16.201636, 47.8911285], [16.2014914, 47.8908771]], [[16.2018467, 47.8913779], [16.201636, 47.8911285]], [[16.202022, 47.8916219], [16.2018467, 47.8913779]], [[16.2021973, 47.8919261], [16.202022, 47.8916219]], [[16.2024899, 47.8924451], [16.2021973, 47.8919261]], [[16.2026588, 47.8927448], [16.2024899, 47.8924451]], [[16.2026872, 47.8928074], [16.2026588, 47.8927448]], [[16.2027159, 47.8928903], [16.2026872, 47.8928074]], [[16.2027751, 47.8932538], [16.2027159, 47.8928903]], [[16.2028136, 47.8936123], [16.2027751, 47.8932538]], [[16.2028137, 47.8936596], [16.2028136, 47.8936123]], [[16.2027794, 47.8940777], [16.2028137, 47.8936596]], [[16.2027063, 47.894259], [16.2027794, 47.8940777]], [[16.2027205, 47.8943287], [16.2027063, 47.894259]], [[16.2025145, 47.8944132], [16.2027205, 47.8943287]], [[16.2023851, 47.8944746], [16.2025145, 47.8944132]], [[16.2021317, 47.8946137], [16.2023851, 47.8944746]], [[16.2018554, 47.894789], [16.2021317, 47.8946137]], [[16.2016287, 47.8949977], [16.2018554, 47.894789]], [[16.2014745, 47.8951856], [16.2016287, 47.8949977]], [[16.2013833, 47.8953591], [16.2014745, 47.8951856]], [[16.2012988, 47.8955552], [16.2013833, 47.8953591]], [[16.2012492, 47.8957638], [16.2012988, 47.8955552]], [[16.2012425, 47.8959175], [16.2012492, 47.8957638]], [[16.201268, 47.8961828], [16.2012425, 47.8959175]], [[16.2013778, 47.8967699], [16.201268, 47.8961828]], [[16.2017441, 47.8986878], [16.2013778, 47.8967699]], [[16.2017468, 47.8989477], [16.2017441, 47.8986878]], [[16.2017065, 47.8992552], [16.2017468, 47.8989477]], [[16.2016301, 47.8995123], [16.2017065, 47.8992552]], [[16.20146, 47.8999205], [16.2016301, 47.8995123]], [[16.20146, 47.8999205], [16.2016099, 47.8998644]], [[16.2016099, 47.8998644], [16.2018181, 47.8997753]], [[16.2018181, 47.8997753], [16.2018466, 47.8998008]], [[16.2018466, 47.8998008], [16.2024531, 47.9003444]], [[16.2024531, 47.9003444], [16.2030561, 47.9009852]], [[16.2030561, 47.9009852], [16.2033378, 47.9013552]], [[16.2033378, 47.9013552], [16.2035205, 47.9016396]], [[16.2035205, 47.9016396], [16.2037237, 47.9020595]], [[16.2037237, 47.9020595], [16.203744, 47.9021014]], [[16.203744, 47.9021014], [16.2039748, 47.9025271]], [[16.2039748, 47.9025271], [16.2041138, 47.9028642]], [[16.2041138, 47.9028642], [16.2041842, 47.9031684]], [[16.2041842, 47.9031684], [16.2042176, 47.9035631]], [[16.2042176, 47.9035631], [16.2041994, 47.9041611]], [[16.2041994, 47.9041611], [16.2041508, 47.9043885]], [[16.2041508, 47.9043885], [16.2039975, 47.9048413]], [[16.2039975, 47.9048413], [16.2039121, 47.9050355]], [[16.2039121, 47.9050355], [16.2037869, 47.9054226]], [[16.2037869, 47.9054226], [16.2037877, 47.9054837]], [[16.2037877, 47.9054837], [16.2038547, 47.9055394]], [[16.2038547, 47.9055394], [16.2047159, 47.905778]], [[16.2047159, 47.905778], [16.2049738, 47.9058374]], [[16.2049738, 47.9058374], [16.2052612, 47.9058696]], [[16.2052612, 47.9058696], [16.2053326, 47.9058862]], [[16.2053326, 47.9058862], [16.2053712, 47.9059118]], [[16.2053712, 47.9059118], [16.2053931, 47.9059429]], [[16.2053931, 47.9059429], [16.2053995, 47.9060159]], [[16.2053995, 47.9060159], [16.2054143, 47.9066311]], [[16.2054143, 47.9066311], [16.205373, 47.9067624]], [[16.205373, 47.9067624], [16.2052545, 47.9070305]], [[16.2052545, 47.9070305], [16.2052359, 47.9071023]], [[16.2052359, 47.9071023], [16.2052257, 47.9071768]], [[16.2052257, 47.9071768], [16.2052285, 47.9074106]], [[16.2052285, 47.9074106], [16.2052978, 47.908001]], [[16.2052978, 47.908001], [16.2053956, 47.9086113]], [[16.2053956, 47.9086113], [16.2054482, 47.9087321]], [[16.2047658, 47.9089682], [16.2054482, 47.9087321]], [[16.2045475, 47.9090343], [16.2047658, 47.9089682]], [[16.2043968, 47.9090748], [16.2045475, 47.9090343]], [[16.2041673, 47.9091683], [16.2043968, 47.9090748]], [[16.2033272, 47.9095951], [16.2041673, 47.9091683]], [[16.2030504, 47.9097587], [16.2033272, 47.9095951]], [[16.2025236, 47.9101894], [16.2030504, 47.9097587]], [[16.2022831, 47.9103745], [16.2025236, 47.9101894]], [[16.2021919, 47.9104281], [16.2022831, 47.9103745]], [[16.2024435, 47.911044], [16.2021919, 47.9104281]], [[16.2025432, 47.9111568], [16.2024435, 47.911044]], [[16.2026872, 47.9112582], [16.2025432, 47.9111568]], [[16.202874, 47.9113469], [16.2026872, 47.9112582]], [[16.2030157, 47.9114357], [16.202874, 47.9113469]], [[16.2035458, 47.9117371], [16.2030157, 47.9114357]], [[16.2041172, 47.9119656], [16.2035458, 47.9117371]], [[16.205419, 47.9124643], [16.2041172, 47.9119656]], [[16.2060956, 47.9127088], [16.205419, 47.9124643]], [[16.207033, 47.913032], [16.2060956, 47.9127088]], [[16.2074517, 47.913178], [16.207033, 47.913032]], [[16.2075377, 47.9132334], [16.2074517, 47.913178]], [[16.2075889, 47.9132862], [16.2075377, 47.9132334]], [[16.2076181, 47.9133722], [16.2075889, 47.9132862]], [[16.2076179, 47.9135156], [16.2076181, 47.9133722]], [[16.2075505, 47.9141485], [16.2076179, 47.9135156]], [[16.2075483, 47.9142404], [16.2075505, 47.9141485]], [[16.2075276, 47.9143304], [16.2075483, 47.9142404]], [[16.2075102, 47.9144122], [16.2075276, 47.9143304]], [[16.2074941, 47.9145376], [16.2075102, 47.9144122]], [[16.2074773, 47.9148243], [16.2074941, 47.9145376]], [[16.2074156, 47.9153609], [16.2074773, 47.9148243]], [[16.2074022, 47.9154711], [16.2074156, 47.9153609]], [[16.2073948, 47.9156868], [16.2074022, 47.9154711]], [[16.2074278, 47.916087], [16.2073948, 47.9156868]], [[16.2074324, 47.9162513], [16.2074278, 47.916087]], [[16.2074171, 47.9163529], [16.2074324, 47.9162513]], [[16.2074047, 47.9163938], [16.2074171, 47.9163529]], [[16.2073695, 47.9165101], [16.2074047, 47.9163938]], [[16.2073083, 47.916658], [16.2073695, 47.9165101]], [[16.2072681, 47.9168508], [16.2073083, 47.916658]], [[16.2072401, 47.9170844], [16.2072681, 47.9168508]], [[16.207231, 47.9173492], [16.2072401, 47.9170844]], [[16.207207, 47.9177312], [16.207231, 47.9173492]], [[16.2071903, 47.9178943], [16.207207, 47.9177312]], [[16.2071504, 47.9181511], [16.2071903, 47.9178943]], [[16.207146, 47.9183037], [16.2071504, 47.9181511]], [[16.2071481, 47.9184619], [16.207146, 47.9183037]], [[16.2071565, 47.9185873], [16.2071481, 47.9184619]], [[16.2071849, 47.9187455], [16.2071565, 47.9185873]], [[16.207232, 47.9188953], [16.2071849, 47.9187455]], [[16.2073347, 47.9191419], [16.207232, 47.9188953]], [[16.2073372, 47.9192039], [16.2073347, 47.9191419]], [[16.20731, 47.9192592], [16.2073372, 47.9192039]], [[16.20731, 47.9192592], [16.2071996, 47.9193182]], [[16.2071996, 47.9193182], [16.206727, 47.9194865]], [[16.206727, 47.9194865], [16.2066386, 47.9195265]], [[16.2065846, 47.9196289], [16.2066386, 47.9195265]], [[16.2065579, 47.9197105], [16.2065846, 47.9196289]], [[16.2065708, 47.9197838], [16.2065579, 47.9197105]], [[16.2066181, 47.9198632], [16.2065708, 47.9197838]], [[16.2066958, 47.9199148], [16.2066181, 47.9198632]], [[16.2067732, 47.9199255], [16.2066958, 47.9199148]], [[16.2069237, 47.9199075], [16.2067732, 47.9199255]], [[16.2070582, 47.9199013], [16.2069237, 47.9199075]], [[16.2071702, 47.9199139], [16.2070582, 47.9199013]], [[16.2073344, 47.9199556], [16.2071702, 47.9199139]], [[16.2080431, 47.9202422], [16.2073344, 47.9199556]], [[16.2089441, 47.9205963], [16.2080431, 47.9202422]], [[16.2091443, 47.9207281], [16.2089441, 47.9205963]], [[16.2092881, 47.9207916], [16.2091443, 47.9207281]], [[16.209866, 47.9210068], [16.2092881, 47.9207916]], [[16.2101943, 47.9211291], [16.209866, 47.9210068]], [[16.2103812, 47.9211938], [16.2101943, 47.9211291]], [[16.2107367, 47.9213273], [16.2103812, 47.9211938]], [[16.2110738, 47.9214554], [16.2107367, 47.9213273]], [[16.2111375, 47.921488], [16.2110738, 47.9214554]], [[16.2111888, 47.9215271], [16.2111375, 47.921488]], [[16.2112466, 47.9215926], [16.2111888, 47.9215271]], [[16.2112921, 47.9216606], [16.2112466, 47.9215926]], [[16.2113274, 47.9217336], [16.2112921, 47.9216606]], [[16.2113373, 47.9218063], [16.2113274, 47.9217336]], [[16.2113444, 47.9220278], [16.2113373, 47.9218063]], [[16.211338, 47.9221207], [16.2113444, 47.9220278]], [[16.2113259, 47.9221669], [16.211338, 47.9221207]], [[16.2113048, 47.9222178], [16.2113259, 47.9221669]], [[16.2110483, 47.922649], [16.2113048, 47.9222178]], [[16.2110483, 47.922649], [16.2112392, 47.9226956]], [[16.2112392, 47.9226956], [16.2117476, 47.9228329]], [[16.2117476, 47.9228329], [16.2122962, 47.923002]], [[16.2122962, 47.923002], [16.2126623, 47.9231086]], [[16.2126623, 47.9231086], [16.2127725, 47.9231907]], [[16.2127725, 47.9231907], [16.2138094, 47.9236422]], [[16.2138094, 47.9236422], [16.2145705, 47.9238281]], [[16.2145705, 47.9238281], [16.2147375, 47.9238337]], [[16.2147873, 47.9239606], [16.2147375, 47.9238337]], [[16.2151427, 47.9248439], [16.2147873, 47.9239606]], [[16.2151928, 47.9249372], [16.2151427, 47.9248439]], [[16.2152155, 47.9249795], [16.2151928, 47.9249372]], [[16.2153031, 47.9251136], [16.2152155, 47.9249795]], [[16.2153339, 47.9251603], [16.2153031, 47.9251136]], [[16.2153526, 47.9251888], [16.2153339, 47.9251603]], [[16.2154321, 47.9253094], [16.2153526, 47.9251888]], [[16.2156331, 47.9256308], [16.2154321, 47.9253094]], [[16.2156957, 47.9259104], [16.2156331, 47.9256308]], [[16.2157165, 47.9260272], [16.2156957, 47.9259104]], [[16.2157305, 47.9260889], [16.2157165, 47.9260272]], [[16.2157921, 47.9262255], [16.2157305, 47.9260889]], [[16.2159856, 47.9264712], [16.2157921, 47.9262255]], [[16.2159769, 47.9266699], [16.2159856, 47.9264712]], [[16.2159947, 47.926753], [16.2159769, 47.9266699]], [[16.2159941, 47.9267719], [16.2159947, 47.926753]], [[16.2159981, 47.9268626], [16.2159941, 47.9267719]], [[16.2160076, 47.9269517], [16.2159981, 47.9268626]], [[16.216104, 47.9271989], [16.2160076, 47.9269517]], [[16.2162763, 47.9276255], [16.216104, 47.9271989]], [[16.2164651, 47.9281685], [16.2162763, 47.9276255]], [[16.2164788, 47.9282081], [16.2164651, 47.9281685]], [[16.2165157, 47.9283], [16.2164788, 47.9282081]], [[16.2165274, 47.9285153], [16.2165157, 47.9283]], [[16.2165371, 47.9287435], [16.2165274, 47.9285153]], [[16.2165273, 47.9287911], [16.2165371, 47.9287435]], [[16.2165137, 47.9288613], [16.2165273, 47.9287911]], [[16.2165198, 47.9289142], [16.2165137, 47.9288613]], [[16.2165387, 47.9290138], [16.2165198, 47.9289142]], [[16.2165468, 47.9290567], [16.2165387, 47.9290138]], [[16.2165772, 47.9292455], [16.2165468, 47.9290567]], [[16.2166087, 47.9294242], [16.2165772, 47.9292455]], [[16.2166248, 47.9295812], [16.2166087, 47.9294242]], [[16.216637, 47.9297207], [16.2166248, 47.9295812]], [[16.216637, 47.9297207], [16.2166867, 47.9298097]], [[16.2166867, 47.9298097], [16.2167141, 47.9299198]], [[16.2167141, 47.9299198], [16.2167197, 47.9299422]], [[16.2167197, 47.9299422], [16.216767, 47.9299554]], [[16.216767, 47.9299554], [16.2168055, 47.929978]], [[16.2168055, 47.929978], [16.2168313, 47.9300077]], [[16.2168313, 47.9300077], [16.2168416, 47.930043]], [[16.2168416, 47.930043], [16.2168338, 47.9300786]], [[16.2168338, 47.9300786], [16.2168087, 47.9301104]], [[16.2168087, 47.9301104], [16.2169793, 47.9301766]], [[16.2169793, 47.9301766], [16.2171776, 47.9302535]], [[16.2171776, 47.9302535], [16.2172779, 47.9302971]], [[16.2172779, 47.9302971], [16.2174252, 47.9303751]], [[16.2174252, 47.9303751], [16.2177856, 47.9306188]], [[16.2177856, 47.9306188], [16.2182436, 47.9308793]], [[16.2182436, 47.9308793], [16.2184887, 47.9310304]], [[16.2184887, 47.9310304], [16.2184344, 47.9310952]], [[16.2184344, 47.9310952], [16.2199566, 47.9319381]], [[16.2199566, 47.9319381], [16.220026, 47.9319664]], [[16.220026, 47.9319664], [16.2201318, 47.9320097]], [[16.2201318, 47.9320097], [16.2204364, 47.9321729]], [[16.2204364, 47.9321729], [16.2204895, 47.9321823]], [[16.2204895, 47.9321823], [16.2214555, 47.9327161]], [[16.2214555, 47.9327161], [16.2215093, 47.9327687]], [[16.2215093, 47.9327687], [16.2221858, 47.9331245]], [[16.2221858, 47.9331245], [16.2230247, 47.93355]], [[16.2230247, 47.93355], [16.2235685, 47.9337916]], [[16.2235685, 47.9337916], [16.2236108, 47.9338343]], [[16.2236108, 47.9338343], [16.2240326, 47.9340063]], [[16.2240326, 47.9340063], [16.2241452, 47.9340486]], [[16.2241452, 47.9340486], [16.2242264, 47.9340603]], [[16.2242264, 47.9340603], [16.2249841, 47.9343725]], [[16.2249841, 47.9343725], [16.2255875, 47.9346111]], [[16.2255875, 47.9346111], [16.2259457, 47.9347333]], [[16.2259457, 47.9347333], [16.2263616, 47.9348646]], [[16.2263616, 47.9348646], [16.226947, 47.9350353]], [[16.226947, 47.9350353], [16.2275711, 47.9352131]], [[16.2275711, 47.9352131], [16.2277843, 47.9352513]], [[16.2277843, 47.9352513], [16.2278138, 47.9352652]], [[16.2278138, 47.9352652], [16.2278208, 47.9352859]], [[16.2278047, 47.9354261], [16.2278208, 47.9352859]], [[16.2277139, 47.9359816], [16.2278047, 47.9354261]], [[16.227679, 47.9361893], [16.2277139, 47.9359816]], [[16.2276509, 47.9362473], [16.227679, 47.9361893]], [[16.2276289, 47.9363027], [16.2276509, 47.9362473]], [[16.227602, 47.9363705], [16.2276289, 47.9363027]], [[16.227602, 47.9363705], [16.2276905, 47.9363872]], [[16.2276905, 47.9363872], [16.2277998, 47.9364079]], [[16.2277998, 47.9364079], [16.2294252, 47.936723]], [[16.2294252, 47.936723], [16.2295796, 47.9367527]], [[16.2295796, 47.9367527], [16.2297484, 47.9367803]], [[16.2297484, 47.9367803], [16.2299373, 47.9368067]], [[16.2299373, 47.9368067], [16.2309721, 47.937072]], [[16.2309721, 47.937072], [16.2311475, 47.9371178]], [[16.2311475, 47.9371178], [16.2312477, 47.9371574]], [[16.2312477, 47.9371574], [16.2318291, 47.9373061]], [[16.2318291, 47.9373061], [16.2319139, 47.937317]], [[16.2319139, 47.937317], [16.2319379, 47.9373227]], [[16.2319379, 47.9373227], [16.2321339, 47.9373775]], [[16.2321339, 47.9373775], [16.2321921, 47.9374229]], [[16.2321921, 47.9374229], [16.2322053, 47.9374725]], [[16.2322053, 47.9374725], [16.2322953, 47.9374646]], [[16.2322953, 47.9374646], [16.2324025, 47.9375029]], [[16.2324025, 47.9375029], [16.2323871, 47.9375563]], [[16.2323871, 47.9375563], [16.2323902, 47.9376217]], [[16.2323902, 47.9376217], [16.2324603, 47.9379417]], [[16.2324603, 47.9379417], [16.2325612, 47.9384068]], [[16.2325612, 47.9384068], [16.232571, 47.9384519]], [[16.232571, 47.9384519], [16.2326923, 47.9385324]], [[16.2326923, 47.9385324], [16.2331295, 47.9387903]], [[16.2331295, 47.9387903], [16.2331717, 47.9388071]], [[16.2331717, 47.9388071], [16.2332217, 47.9388117]], [[16.2332217, 47.9388117], [16.2333593, 47.9388155]], [[16.2333593, 47.9388155], [16.2333971, 47.9388153]], [[16.2332926, 47.9398754], [16.2333971, 47.9388153]], [[16.2331258, 47.9411878], [16.2332926, 47.9398754]], [[16.2330409, 47.9414535], [16.2331258, 47.9411878]], [[16.2327448, 47.9434607], [16.2330409, 47.9414535]], [[16.2327479, 47.9435442], [16.2327448, 47.9434607]], [[16.2327422, 47.9435849], [16.2327479, 47.9435442]], [[16.2327363, 47.9436259], [16.2327422, 47.9435849]], [[16.2326749, 47.9440557], [16.2327363, 47.9436259]], [[16.2327263, 47.9442784], [16.2326749, 47.9440557]], [[16.2328822, 47.9446269], [16.2327263, 47.9442784]], [[16.2329428, 47.9447682], [16.2328822, 47.9446269]], [[16.2331623, 47.9449945], [16.2329428, 47.9447682]], [[16.2337754, 47.9460688], [16.2331623, 47.9449945]], [[16.2340273, 47.9465256], [16.2337754, 47.9460688]], [[16.2352982, 47.9486089], [16.2340273, 47.9465256]], [[16.2353149, 47.9486368], [16.2352982, 47.9486089]], [[16.2353411, 47.9486818], [16.2353149, 47.9486368]], [[16.2356834, 47.9492695], [16.2353411, 47.9486818]], [[16.2360849, 47.9499327], [16.2356834, 47.9492695]], [[16.2364044, 47.9504841], [16.2360849, 47.9499327]], [[16.2362109, 47.9505312], [16.2364044, 47.9504841]], [[16.2357898, 47.9506305], [16.2362109, 47.9505312]], [[16.2357898, 47.9506305], [16.2361966, 47.9510245]], [[16.2361966, 47.9510245], [16.2365073, 47.9513645]], [[16.2365073, 47.9513645], [16.2371029, 47.9527133]], [[16.2371029, 47.9527133], [16.2378142, 47.9542093]], [[16.2378142, 47.9542093], [16.2380693, 47.9547762]], [[16.2380693, 47.9547762], [16.2384992, 47.9556168]], [[16.2384992, 47.9556168], [16.2386793, 47.9560829]], [[16.2386793, 47.9560829], [16.2389355, 47.956764]], [[16.2389355, 47.956764], [16.2390437, 47.956979]], [[16.2390437, 47.956979], [16.2391661, 47.9571784]], [[16.2391661, 47.9571784], [16.2392232, 47.9572758]], [[16.2392649, 47.9573605], [16.2392232, 47.9572758]], [[16.2393272, 47.9574739], [16.2392649, 47.9573605]], [[16.2394479, 47.9574533], [16.2393272, 47.9574739]], [[16.2395023, 47.9574426], [16.2394479, 47.9574533]], [[16.2395435, 47.9574341], [16.2395023, 47.9574426]], [[16.2395435, 47.9574341], [16.2396817, 47.9577064]], [[16.2396817, 47.9577064], [16.239754, 47.957826]], [[16.239754, 47.957826], [16.239801, 47.9579183]], [[16.239801, 47.9579183], [16.2399958, 47.9583552]], [[16.2399958, 47.9583552], [16.2402363, 47.9588427]], [[16.2402363, 47.9588427], [16.2402623, 47.9589772]], [[16.2402623, 47.9589772], [16.2404025, 47.9592731]], [[16.2404025, 47.9592731], [16.2404592, 47.9593315]], [[16.2404592, 47.9593315], [16.2417571, 47.9621121]], [[16.2417571, 47.9621121], [16.2420154, 47.9626247]], [[16.2420154, 47.9626247], [16.2428504, 47.9644542]], [[16.2428504, 47.9644542], [16.243166, 47.9651296]], [[16.243166, 47.9651296], [16.2432113, 47.965206]], [[16.2432113, 47.965206], [16.2432517, 47.9652309]], [[16.2432517, 47.9652309], [16.2433168, 47.9652559]], [[16.2433168, 47.9652559], [16.2434106, 47.9652693]], [[16.2434106, 47.9652693], [16.2440634, 47.9651387]], [[16.2440634, 47.9651387], [16.244087, 47.9651397]], [[16.244087, 47.9651397], [16.2441002, 47.9651476]], [[16.2441002, 47.9651476], [16.2441361, 47.9652289]], [[16.2441361, 47.9652289], [16.2441481, 47.9652529]], [[16.2441481, 47.9652529], [16.2435346, 47.9653761]], [[16.2435346, 47.9653761], [16.2434089, 47.9654042]], [[16.2434089, 47.9654042], [16.243387, 47.9654477]], [[16.243387, 47.9654477], [16.2440226, 47.9669215]], [[16.2440226, 47.9669215], [16.2441569, 47.9672427]], [[16.2441569, 47.9672427], [16.2446236, 47.9682765]], [[16.2446236, 47.9682765], [16.2448299, 47.9686701]], [[16.2448299, 47.9686701], [16.2456358, 47.9703957]], [[16.2456358, 47.9703957], [16.2459132, 47.9709845]], [[16.2459132, 47.9709845], [16.2461171, 47.9713499]], [[16.2461171, 47.9713499], [16.2461487, 47.9714568]], [[16.2461487, 47.9714568], [16.2462081, 47.9716254]], [[16.2462081, 47.9716254], [16.2473772, 47.9741964]], [[16.2473772, 47.9741964], [16.2473702, 47.9743644]], [[16.2473702, 47.9743644], [16.2474072, 47.9744451]], [[16.2474072, 47.9744451], [16.2477012, 47.975024]], [[16.2477012, 47.975024], [16.2477356, 47.9751045]], [[16.2477356, 47.9751045], [16.2479225, 47.9752277]], [[16.2479225, 47.9752277], [16.2479189, 47.9752567]], [[16.2479189, 47.9752567], [16.2483855, 47.9767703]], [[16.2483855, 47.9767703], [16.2487668, 47.9782717]], [[16.2487668, 47.9782717], [16.2488202, 47.9784252]], [[16.2488202, 47.9784252], [16.2494797, 47.9808315]], [[16.2494797, 47.9808315], [16.2495655, 47.9811]], [[16.2495655, 47.9811], [16.2496673, 47.9813166]], [[16.2496673, 47.9813166], [16.2497949, 47.9815153]], [[16.2497949, 47.9815153], [16.2499517, 47.9816628]], [[16.2499517, 47.9816628], [16.2500612, 47.981894]], [[16.2500612, 47.981894], [16.2501914, 47.9820974]], [[16.2501914, 47.9820974], [16.2504665, 47.9824107]], [[16.2504665, 47.9824107], [16.2514943, 47.9832863]], [[16.2514943, 47.9832863], [16.253904, 47.9853675]], [[16.253904, 47.9853675], [16.2543592, 47.9857946]], [[16.2543592, 47.9857946], [16.2546743, 47.9862749]], [[16.2546743, 47.9862749], [16.2553441, 47.987296]], [[16.2553441, 47.987296], [16.2562568, 47.9881617]], [[16.2562568, 47.9881617], [16.2566539, 47.9884932]], [[16.2566539, 47.9884932], [16.25666, 47.9885006]], [[16.25666, 47.9885006], [16.2568016, 47.9886724]], [[16.2568016, 47.9886724], [16.2568542, 47.9887943]], [[16.2568542, 47.9887943], [16.2573237, 47.9908231]], [[16.2573237, 47.9908231], [16.2573826, 47.9908962]], [[16.2573826, 47.9908962], [16.2574078, 47.9909319]], [[16.2574078, 47.9909319], [16.2574213, 47.9909899]], [[16.2574213, 47.9909899], [16.2581017, 47.9939075]], [[16.2581017, 47.9939075], [16.2582145, 47.994336]], [[16.2582145, 47.994336], [16.2583567, 47.9944622]], [[16.2583567, 47.9944622], [16.258374, 47.9945164]], [[16.258374, 47.9945164], [16.2584022, 47.9946663]], [[16.2584228, 47.9949833], [16.2584022, 47.9946663]], [[16.2584421, 47.9950814], [16.2584228, 47.9949833]], [[16.2584532, 47.9951392], [16.2584421, 47.9950814]], [[16.2584698, 47.9952652], [16.2584532, 47.9951392]], [[16.2589821, 47.9973459], [16.2584698, 47.9952652]], [[16.2589961, 47.9975146], [16.2589821, 47.9973459]], [[16.2589174, 47.9975935], [16.2589961, 47.9975146]], [[16.2589316, 47.9980851], [16.2589174, 47.9975935]], [[16.2589613, 47.9981446], [16.2589316, 47.9980851]], [[16.2590123, 47.9981973], [16.2589613, 47.9981446]], [[16.2590265, 47.9985669], [16.2590123, 47.9981973]], [[16.2590727, 47.998723], [16.2590265, 47.9985669]], [[16.259203, 47.9989941], [16.2590727, 47.998723]], [[16.2592685, 47.9991064], [16.259203, 47.9989941]], [[16.259275, 47.9991437], [16.2592685, 47.9991064]], [[16.2592673, 47.9991884], [16.259275, 47.9991437]], [[16.2592749, 47.9992235], [16.2592673, 47.9991884]], [[16.2594616, 47.999489], [16.2592749, 47.9992235]], [[16.2595226, 47.9995438], [16.2594616, 47.999489]], [[16.2595834, 47.9995547], [16.2595226, 47.9995438]], [[16.2596601, 47.9995491], [16.2595834, 47.9995547]], [[16.2602963, 47.9999799], [16.2596601, 47.9995491]], [[16.2603518, 48.0000471], [16.2602963, 47.9999799]], [[16.2603503, 48.0001126], [16.2603518, 48.0000471]], [[16.2603503, 48.0001126], [16.2603226, 48.0002926]], [[16.2603226, 48.0002926], [16.2601892, 48.0006426]], [[16.2601892, 48.0006426], [16.2601608, 48.0007171]], [[16.2601608, 48.0007171], [16.2601614, 48.0007537]], [[16.2601614, 48.0007537], [16.2615259, 48.0033012]], [[16.2615259, 48.0033012], [16.2616471, 48.0035276]], [[16.2616471, 48.0035276], [16.2627841, 48.0056502]], [[16.2627841, 48.0056502], [16.2630393, 48.0061239]], [[16.2630393, 48.0061239], [16.2630238, 48.0062279]], [[16.2630238, 48.0062279], [16.2630528, 48.0062824]], [[16.2631273, 48.006445], [16.2630528, 48.0062824]], [[16.2631864, 48.0065119], [16.2631273, 48.006445]], [[16.2641256, 48.0081308], [16.2631864, 48.0065119]], [[16.2641549, 48.0081848], [16.2641256, 48.0081308]], [[16.2641549, 48.0081848], [16.2642175, 48.0082205]], [[16.2642175, 48.0082205], [16.2642475, 48.0082376]], [[16.2642475, 48.0082376], [16.2643838, 48.0082574]], [[16.2643838, 48.0082574], [16.266365, 48.0080805]], [[16.266365, 48.0080805], [16.2667531, 48.0080459]], [[16.2667531, 48.0080459], [16.2668884, 48.0080127]], [[16.2668884, 48.0080127], [16.2669424, 48.0079922]], [[16.2669424, 48.0079922], [16.2669548, 48.0080356]], [[16.2669548, 48.0080356], [16.266958, 48.0080517]], [[16.266958, 48.0080517], [16.2669608, 48.0080659]], [[16.2669608, 48.0080659], [16.266968, 48.0081022]], [[16.266968, 48.0081022], [16.2669705, 48.0081151]], [[16.2669705, 48.0081151], [16.2669729, 48.0081272]], [[16.2669729, 48.0081272], [16.2669779, 48.0081525]], [[16.2669779, 48.0081525], [16.2670324, 48.008928]], [[16.2670324, 48.008928], [16.2670256, 48.0092577]], [[16.2670256, 48.0092577], [16.2669913, 48.0098881]], [[16.2669913, 48.0098881], [16.2669428, 48.0107812]], [[16.2669428, 48.0107812], [16.266932, 48.0109803]], [[16.266932, 48.0109803], [16.2670277, 48.0111008]], [[16.2670277, 48.0111008], [16.2672046, 48.0112596]], [[16.2672046, 48.0112596], [16.2673472, 48.0113263]], [[16.2673472, 48.0113263], [16.2697416, 48.0133573]], [[16.2705674, 48.0140577], [16.2697416, 48.0133573]], [[16.2706911, 48.0141627], [16.2705674, 48.0140577]], [[16.2706911, 48.0141627], [16.2707443, 48.0142148]], [[16.2707443, 48.0142148], [16.2707643, 48.0142539]], [[16.2707643, 48.0142539], [16.2707731, 48.0142882]], [[16.2707731, 48.0142882], [16.270788, 48.0143149]], [[16.270788, 48.0143149], [16.270828, 48.0143477]], [[16.270828, 48.0143477], [16.2710231, 48.0144935]], [[16.2710231, 48.0144935], [16.271069, 48.0145126]], [[16.271069, 48.0145126], [16.2711172, 48.0145163]], [[16.2711172, 48.0145163], [16.2711446, 48.0145263]], [[16.2711446, 48.0145263], [16.2714138, 48.0147816]], [[16.2714138, 48.0147816], [16.2716915, 48.0150236]], [[16.2716915, 48.0150236], [16.2718133, 48.0151653]], [[16.2718133, 48.0151653], [16.271881, 48.0152541]], [[16.271881, 48.0152541], [16.2719204, 48.0153058]], [[16.2719204, 48.0153058], [16.2720724, 48.0155675]], [[16.2720724, 48.0155675], [16.2721851, 48.0156548]], [[16.2721851, 48.0156548], [16.2722877, 48.0158638]], [[16.2722877, 48.0158638], [16.2723363, 48.0159961]], [[16.2723363, 48.0159961], [16.2723898, 48.0161496]], [[16.2723898, 48.0161496], [16.2724384, 48.016201]], [[16.2724384, 48.016201], [16.272554, 48.0164268]], [[16.272554, 48.0164268], [16.2728142, 48.0167473]], [[16.2728142, 48.0167473], [16.2734869, 48.0174684]], [[16.2734869, 48.0174684], [16.273639, 48.0176237]], [[16.273639, 48.0176237], [16.2737364, 48.0177428]], [[16.2737364, 48.0177428], [16.2739392, 48.0179148]], [[16.2739392, 48.0179148], [16.2755429, 48.0195887]], [[16.2755429, 48.0195887], [16.2756733, 48.0197601]], [[16.2756733, 48.0197601], [16.2759242, 48.0200161]], [[16.2759242, 48.0200161], [16.276034, 48.0200838]], [[16.276034, 48.0200838], [16.2768098, 48.0209098]], [[16.2768098, 48.0209098], [16.2768427, 48.021003]], [[16.2768427, 48.021003], [16.277532, 48.0216324]], [[16.277532, 48.0216324], [16.2775618, 48.0216596]], [[16.2775618, 48.0216596], [16.2775855, 48.0216868]], [[16.2775855, 48.0216868], [16.2777124, 48.0218328]], [[16.2777124, 48.0218328], [16.2801057, 48.0243258]], [[16.2801057, 48.0243258], [16.2803665, 48.0245975]], [[16.2803665, 48.0245975], [16.2807359, 48.0249931]], [[16.2807359, 48.0249931], [16.2817636, 48.0260737]], [[16.2817636, 48.0260737], [16.2821579, 48.0264809]], [[16.2821579, 48.0264809], [16.2822562, 48.0265768]], [[16.2822562, 48.0265768], [16.283953, 48.0283531]], [[16.283953, 48.0283531], [16.2848972, 48.0293627]], [[16.2848972, 48.0293627], [16.2849469, 48.0293738]], [[16.2849469, 48.0293738], [16.2850531, 48.029365]], [[16.2850531, 48.029365], [16.2851067, 48.0293763]], [[16.2851067, 48.0293763], [16.2852236, 48.0294459]], [[16.2852236, 48.0294459], [16.2851228, 48.0295122]], [[16.2851228, 48.0295122], [16.2850659, 48.0295427]], [[16.2850659, 48.0295427], [16.2849662, 48.0295962]], [[16.2849662, 48.0295962], [16.2849326, 48.0296142]], [[16.2849326, 48.0296142], [16.2848617, 48.0296445]], [[16.2848617, 48.0296445], [16.2862095, 48.0309899]], [[16.2862095, 48.0309899], [16.2877405, 48.0325826]], [[16.2877405, 48.0325826], [16.2886853, 48.0335529]], [[16.2886853, 48.0335529], [16.2893611, 48.0342756]], [[16.2893611, 48.0342756], [16.2901459, 48.0350558]], [[16.2901459, 48.0350558], [16.2908039, 48.0357524]], [[16.2908039, 48.0357524], [16.2908288, 48.0358322]], [[16.2908288, 48.0358322], [16.2912893, 48.0363104]], [[16.2912893, 48.0363104], [16.2927939, 48.0378283]], [[16.2927939, 48.0378283], [16.2928427, 48.0379117]], [[16.2928427, 48.0379117], [16.2929099, 48.0379702]], [[16.2929099, 48.0379702], [16.2929493, 48.0380003]], [[16.2929493, 48.0380003], [16.2931162, 48.0381281]], [[16.2931162, 48.0381281], [16.2936089, 48.0386107]], [[16.2936089, 48.0386107], [16.2941252, 48.0390372]], [[16.2941252, 48.0390372], [16.2945721, 48.0394064]], [[16.2945721, 48.0394064], [16.2948137, 48.0396451]], [[16.2948137, 48.0396451], [16.2963774, 48.0409673]], [[16.2963774, 48.0409673], [16.2971574, 48.0415884]], [[16.2971574, 48.0415884], [16.2975839, 48.0419101]], [[16.2975839, 48.0419101], [16.2992184, 48.043261]], [[16.2992184, 48.043261], [16.30113, 48.0448213]], [[16.30113, 48.0448213], [16.3013315, 48.0449717]], [[16.3013315, 48.0449717], [16.301444, 48.0450031]], [[16.301444, 48.0450031], [16.3017616, 48.0450447]], [[16.3017616, 48.0450447], [16.3019571, 48.0450513]], [[16.3019571, 48.0450513], [16.3032984, 48.0450088]], [[16.3032984, 48.0450088], [16.3041529, 48.0450279]], [[16.3041529, 48.0450279], [16.3048712, 48.0449706]], [[16.3048712, 48.0449706], [16.3050708, 48.044956]], [[16.3050708, 48.044956], [16.3056324, 48.0448837]], [[16.3056675, 48.0448977], [16.3056324, 48.0448837]], [[16.3057093, 48.0450021], [16.3056675, 48.0448977]], [[16.3058173, 48.0450179], [16.3057093, 48.0450021]], [[16.3058173, 48.0450179], [16.3059619, 48.0450047]], [[16.3059619, 48.0450047], [16.3063111, 48.0449659]], [[16.3063111, 48.0449659], [16.3063872, 48.0449976]], [[16.3063872, 48.0449976], [16.3070519, 48.0459533]], [[16.3070519, 48.0459533], [16.3076528, 48.0468009]], [[16.3076528, 48.0468009], [16.3080894, 48.0468607]], [[16.3080894, 48.0468607], [16.3082899, 48.0469355]], [[16.3082899, 48.0469355], [16.3083545, 48.0468908]], [[16.3083545, 48.0468908], [16.3083062, 48.0467481]], [[16.3083062, 48.0467481], [16.3083398, 48.0467235]], [[16.3083398, 48.0467235], [16.3084192, 48.0466966]], [[16.3084192, 48.0466966], [16.3084696, 48.0466782]], [[16.3084696, 48.0466782], [16.3085439, 48.046839]], [[16.3085439, 48.046839], [16.3088104, 48.0471831]], [[16.3088104, 48.0471831], [16.3098675, 48.0493242]], [[16.3098675, 48.0493242], [16.3099424, 48.0494594]], [[16.3099424, 48.0494594], [16.3102032, 48.049775]], [[16.3102032, 48.049775], [16.3102688, 48.0498902]], [[16.3110525, 48.0497083], [16.3102688, 48.0498902]], [[16.3110525, 48.0497083], [16.3112701, 48.0501069]], [[16.3112701, 48.0501069], [16.3110716, 48.0502254]], [[16.3110716, 48.0502254], [16.3109239, 48.0503357]], [[16.3109239, 48.0503357], [16.3108292, 48.0504221]], [[16.3108292, 48.0504221], [16.3108229, 48.0506627]], [[16.3108229, 48.0506627], [16.3108461, 48.0508627]], [[16.3108461, 48.0508627], [16.3110199, 48.051308]], [[16.3110199, 48.051308], [16.3110776, 48.0513367]], [[16.3110776, 48.0513367], [16.3110304, 48.0514074]], [[16.3110304, 48.0514074], [16.3109701, 48.0514755]], [[16.3109701, 48.0514755], [16.310845, 48.0516106]], [[16.310845, 48.0516106], [16.3105222, 48.0519211]], [[16.3105222, 48.0519211], [16.3103314, 48.0520968]], [[16.3103314, 48.0520968], [16.3101976, 48.0522517]], [[16.3101976, 48.0522517], [16.309986, 48.0525012]], [[16.309986, 48.0525012], [16.3096169, 48.0529804]], [[16.3096169, 48.0529804], [16.3092587, 48.0534583]], [[16.3092587, 48.0534583], [16.3090199, 48.0537798]], [[16.3090199, 48.0537798], [16.3088806, 48.0539301]], [[16.3088806, 48.0539301], [16.3087453, 48.0540567]], [[16.3086427, 48.0541263], [16.3087453, 48.0540567]], [[16.3084616, 48.0542152], [16.3086427, 48.0541263]], [[16.3084616, 48.0542152], [16.3082265, 48.0542948]], [[16.3083376, 48.0544322], [16.3082265, 48.0542948]], [[16.3084024, 48.0546468], [16.3083376, 48.0544322]], [[16.3086331, 48.0550609], [16.3084024, 48.0546468]], [[16.3087475, 48.055247], [16.3086331, 48.0550609]], [[16.3088822, 48.0553639], [16.3087475, 48.055247]], [[16.3089147, 48.0554713], [16.3088822, 48.0553639]], [[16.3094443, 48.0564226], [16.3089147, 48.0554713]], [[16.3095449, 48.0564198], [16.3094443, 48.0564226]], [[16.3095817, 48.056438], [16.3095449, 48.0564198]], [[16.3102414, 48.0576405], [16.3095817, 48.056438]], [[16.3117717, 48.0603645], [16.3102414, 48.0576405]], [[16.3123798, 48.0614767], [16.3117717, 48.0603645]], [[16.3124934, 48.061735], [16.3123798, 48.0614767]], [[16.3125356, 48.0619801], [16.3124934, 48.061735]], [[16.3129628, 48.0627175], [16.3125356, 48.0619801]], [[16.3131432, 48.0631517], [16.3129628, 48.0627175]], [[16.3132685, 48.0635338], [16.3131432, 48.0631517]], [[16.313358, 48.0636223], [16.3132685, 48.0635338]], [[16.3133785, 48.0636622], [16.313358, 48.0636223]], [[16.3133565, 48.0639128], [16.3133785, 48.0636622]], [[16.3133347, 48.0639515], [16.3133565, 48.0639128]], [[16.3133, 48.0639794], [16.3133347, 48.0639515]], [[16.3133, 48.0639794], [16.3132769, 48.0640901]], [[16.3132769, 48.0640901], [16.3132654, 48.0641526]], [[16.3132654, 48.0641526], [16.3132613, 48.0641861]], [[16.3132613, 48.0641861], [16.3133622, 48.064238]], [[16.3133622, 48.064238], [16.3134693, 48.0642433]], [[16.3134693, 48.0642433], [16.313579, 48.0642494]], [[16.313579, 48.0642494], [16.3135144, 48.0645751]], [[16.3135144, 48.0645751], [16.3132019, 48.0659827]], [[16.3132019, 48.0659827], [16.3130784, 48.0664864]], [[16.3130784, 48.0664864], [16.313045, 48.0666105]], [[16.313045, 48.0666105], [16.3130582, 48.0666145]], [[16.3130582, 48.0666145], [16.3130894, 48.066624]], [[16.3130894, 48.066624], [16.3131376, 48.0666387]], [[16.3131376, 48.0666387], [16.3130403, 48.0667861]], [[16.3130403, 48.0667861], [16.3127993, 48.0681385]], [[16.3127513, 48.0682454], [16.3127993, 48.0681385]], [[16.3127513, 48.0682454], [16.3127327, 48.0683234]], [[16.3127327, 48.0683234], [16.3125166, 48.0693161]], [[16.3125166, 48.0693161], [16.3122933, 48.0702884]], [[16.3122933, 48.0702884], [16.312237, 48.0705626]], [[16.312237, 48.0705626], [16.3122198, 48.0706307]], [[16.3122198, 48.0706307], [16.3122149, 48.0706545]], [[16.3122149, 48.0706545], [16.3122048, 48.0707024]], [[16.3122048, 48.0707024], [16.3121993, 48.0707284]], [[16.3121993, 48.0707284], [16.3118994, 48.0720936]], [[16.3118994, 48.0720936], [16.3117924, 48.0726183]], [[16.3117924, 48.0726183], [16.3117683, 48.0727832]], [[16.3117683, 48.0727832], [16.3117629, 48.0730431]], [[16.3117629, 48.0730431], [16.3117911, 48.0733003]], [[16.3117911, 48.0733003], [16.3118756, 48.0736453]], [[16.3121586, 48.0747268], [16.3118756, 48.0736453]], [[16.3122259, 48.0747884], [16.3121586, 48.0747268]], [[16.3122725, 48.0748586], [16.3122259, 48.0747884]], [[16.3123229, 48.0750248], [16.3122725, 48.0748586]], [[16.312796, 48.0765849], [16.3123229, 48.0750248]], [[16.312796, 48.0765849], [16.312898, 48.07661]], [[16.312898, 48.07661], [16.3130099, 48.076924]], [[16.3128725, 48.076944], [16.3130099, 48.076924]], [[16.3128566, 48.0769634], [16.3128725, 48.076944]], [[16.3128624, 48.0769879], [16.3128566, 48.0769634]], [[16.3128646, 48.0770181], [16.3128624, 48.0769879]], [[16.3128714, 48.0770633], [16.3128646, 48.0770181]], [[16.3128812, 48.0770969], [16.3128714, 48.0770633]], [[16.3128714, 48.0771323], [16.3128812, 48.0770969]], [[16.3128686, 48.0771735], [16.3128714, 48.0771323]], [[16.3129411, 48.0773863], [16.3128686, 48.0771735]], [[16.3129672, 48.0774522], [16.3129411, 48.0773863]], [[16.3129934, 48.0775166], [16.3129672, 48.0774522]], [[16.3130467, 48.0775809], [16.3129934, 48.0775166]], [[16.3130482, 48.0776309], [16.3130467, 48.0775809]], [[16.313045, 48.0776948], [16.3130482, 48.0776309]], [[16.3130897, 48.0777978], [16.313045, 48.0776948]], [[16.3131182, 48.0778844], [16.3130897, 48.0777978]], [[16.3131398, 48.077988], [16.3131182, 48.0778844]], [[16.3131362, 48.0780212], [16.3131398, 48.077988]], [[16.3131346, 48.0780516], [16.3131362, 48.0780212]], [[16.3131089, 48.078104], [16.3131346, 48.0780516]], [[16.3131012, 48.0781498], [16.3131089, 48.078104]], [[16.3132271, 48.0785418], [16.3131012, 48.0781498]], [[16.3135703, 48.0797355], [16.3132271, 48.0785418]], [[16.3135748, 48.0797793], [16.3135703, 48.0797355]], [[16.3135961, 48.0798781], [16.3135748, 48.0797793]], [[16.3140272, 48.079827], [16.3135961, 48.0798781]], [[16.314272, 48.0797998], [16.3140272, 48.079827]], [[16.3145624, 48.0797818], [16.314272, 48.0797998]], [[16.3147776, 48.0797819], [16.3145624, 48.0797818]], [[16.3151807, 48.0798123], [16.3147776, 48.0797819]], [[16.3153508, 48.0798261], [16.3151807, 48.0798123]], [[16.3158279, 48.0798628], [16.3153508, 48.0798261]], [[16.3162192, 48.0798973], [16.3158279, 48.0798628]], [[16.3162941, 48.0799031], [16.3162192, 48.0798973]], [[16.3164838, 48.0799261], [16.3162941, 48.0799031]], [[16.3165764, 48.079937], [16.3164838, 48.0799261]], [[16.3167407, 48.0799563], [16.3165764, 48.079937]], [[16.3169532, 48.0799829], [16.3167407, 48.0799563]], [[16.3173496, 48.0800324], [16.3169532, 48.0799829]], [[16.3175816, 48.080061], [16.3173496, 48.0800324]], [[16.3177777, 48.0800851], [16.3175816, 48.080061]], [[16.3179253, 48.0800954], [16.3177777, 48.0800851]], [[16.318158, 48.0801116], [16.3179253, 48.0800954]], [[16.3182247, 48.080116], [16.318158, 48.0801116]], [[16.3186282, 48.0801291], [16.3182247, 48.080116]], [[16.3190352, 48.0801185], [16.3186282, 48.0801291]], [[16.3192896, 48.0801104], [16.3190352, 48.0801185]], [[16.3197762, 48.0800977], [16.3192896, 48.0801104]], [[16.3198437, 48.0800958], [16.3197762, 48.0800977]], [[16.3198437, 48.0800958], [16.319858, 48.0802217]], [[16.319858, 48.0802217], [16.3199282, 48.0804646]], [[16.3199282, 48.0804646], [16.3199445, 48.0805209]], [[16.3199445, 48.0805209], [16.320018, 48.0807748]], [[16.320018, 48.0807748], [16.3200394, 48.080849]], [[16.3200394, 48.080849], [16.3200901, 48.0810241]], [[16.3200901, 48.0810241], [16.3201665, 48.0813202]], [[16.3201665, 48.0813202], [16.3201885, 48.0814055]], [[16.3207241, 48.0814137], [16.3201885, 48.0814055]], [[16.3207643, 48.0814143], [16.3207241, 48.0814137]], [[16.3210368, 48.0814251], [16.3207643, 48.0814143]], [[16.3219978, 48.0815671], [16.3210368, 48.0814251]], [[16.3225375, 48.0816468], [16.3219978, 48.0815671]], [[16.3226087, 48.0816585], [16.3225375, 48.0816468]], [[16.3228399, 48.0816966], [16.3226087, 48.0816585]], [[16.3233892, 48.0817979], [16.3228399, 48.0816966]], [[16.3236275, 48.0832458], [16.3233892, 48.0817979]], [[16.3236275, 48.0832458], [16.3236392, 48.0832575]], [[16.3236392, 48.0832575], [16.3238708, 48.0834975]], [[16.3238708, 48.0834975], [16.3238889, 48.0835174]], [[16.3238889, 48.0835174], [16.3239642, 48.0835027]], [[16.3239642, 48.0835027], [16.323975, 48.0836777]], [[16.323975, 48.0836777], [16.3239728, 48.0836962]], [[16.3239728, 48.0836962], [16.3239692, 48.0837232]], [[16.3239587, 48.0837735], [16.3239692, 48.0837232]], [[16.3245319, 48.0838611], [16.3239587, 48.0837735]], [[16.3246687, 48.0839332], [16.3245319, 48.0838611]], [[16.3248038, 48.0841125], [16.3246687, 48.0839332]], [[16.3249569, 48.0844584], [16.3248038, 48.0841125]], [[16.3249569, 48.0844584], [16.3249551, 48.0845313]], [[16.3250359, 48.0844964], [16.3249551, 48.0845313]], [[16.3261567, 48.0842484], [16.3250359, 48.0844964]], [[16.3268736, 48.0841533], [16.3261567, 48.0842484]], [[16.32749, 48.0841034], [16.3268736, 48.0841533]], [[16.3281882, 48.0840912], [16.32749, 48.0841034]], [[16.3289023, 48.0841338], [16.3281882, 48.0840912]], [[16.3290858, 48.0841483], [16.3289023, 48.0841338]], [[16.3295567, 48.0841966], [16.3290858, 48.0841483]], [[16.3298048, 48.0842109], [16.3295567, 48.0841966]], [[16.3317247, 48.0844814], [16.3298048, 48.0842109]], [[16.3328746, 48.0846492], [16.3317247, 48.0844814]], [[16.3338912, 48.0847834], [16.3328746, 48.0846492]], [[16.3345818, 48.084864], [16.3338912, 48.0847834]], [[16.3352081, 48.0849088], [16.3345818, 48.084864]], [[16.335648, 48.0849231], [16.3352081, 48.0849088]], [[16.3363588, 48.0849043], [16.335648, 48.0849231]], [[16.3365803, 48.0849002], [16.3363588, 48.0849043]], [[16.3365803, 48.0849002], [16.3366373, 48.0849092]], [[16.3366373, 48.0849092], [16.3367643, 48.0849028]], [[16.3367643, 48.0849028], [16.3368384, 48.0848977]], [[16.3368495, 48.0849745], [16.3368384, 48.0848977]], [[16.3368771, 48.0852178], [16.3368495, 48.0849745]], [[16.3368938, 48.0854548], [16.3368771, 48.0852178]], [[16.3369304, 48.0859851], [16.3368938, 48.0854548]], [[16.3369545, 48.0864397], [16.3369304, 48.0859851]], [[16.3369545, 48.0864397], [16.3369555, 48.0864519]], [[16.3369555, 48.0864519], [16.3369625, 48.0865402]], [[16.3369625, 48.0865402], [16.3371145, 48.0884466]], [[16.3371145, 48.0884466], [16.3371578, 48.0887467]], [[16.3371578, 48.0887467], [16.3372001, 48.0889664]], [[16.3372001, 48.0889664], [16.3375323, 48.0903261]], [[16.3375323, 48.0903261], [16.3378721, 48.0917013]], [[16.3378721, 48.0917013], [16.3391722, 48.0953228]], [[16.3391722, 48.0953228], [16.3393663, 48.0958532]], [[16.3393663, 48.0958532], [16.3393817, 48.09591]], [[16.3393817, 48.09591], [16.3393986, 48.0959549]], [[16.3393986, 48.0959549], [16.3394244, 48.0960216]], [[16.3394244, 48.0960216], [16.3400816, 48.0976169]], [[16.3400816, 48.0976169], [16.3402227, 48.0979643]], [[16.3402227, 48.0979643], [16.340629, 48.0990014]], [[16.340629, 48.0990014], [16.3409464, 48.0998117]], [[16.3409464, 48.0998117], [16.3411941, 48.1004437]], [[16.3411941, 48.1004437], [16.3414755, 48.101162]], [[16.3414755, 48.101162], [16.3415823, 48.1014409]], [[16.3415823, 48.1014409], [16.3416681, 48.1015149]], [[16.3416681, 48.1015149], [16.3413591, 48.1020574]], [[16.3413591, 48.1020574], [16.3395787, 48.1051548]], [[16.3395787, 48.1051548], [16.3388333, 48.1064723]], [[16.3388333, 48.1064723], [16.3387429, 48.1065994]], [[16.3387429, 48.1065994], [16.338691, 48.1067059]], [[16.338691, 48.1067059], [16.3386785, 48.1068016]], [[16.3386785, 48.1068016], [16.3387251, 48.1068297]], [[16.3387251, 48.1068297], [16.3388317, 48.1068794]], [[16.3388317, 48.1068794], [16.3389518, 48.1069573]], [[16.339085, 48.107043], [16.3389518, 48.1069573]], [[16.3390111, 48.1070863], [16.339085, 48.107043]], [[16.3388221, 48.1071595], [16.3390111, 48.1070863]], [[16.3387453, 48.10721], [16.3388221, 48.1071595]], [[16.3385118, 48.1074305], [16.3387453, 48.10721]], [[16.3383672, 48.1075727], [16.3385118, 48.1074305]], [[16.3381671, 48.1078327], [16.3383672, 48.1075727]], [[16.3379814, 48.1081421], [16.3381671, 48.1078327]], [[16.3370034, 48.1098692], [16.3379814, 48.1081421]], [[16.3362433, 48.1111866], [16.3370034, 48.1098692]], [[16.3358336, 48.1119157], [16.3362433, 48.1111866]], [[16.3353385, 48.1127991], [16.3358336, 48.1119157]], [[16.3352955, 48.112863], [16.3353385, 48.1127991]], [[16.3352955, 48.112863], [16.3352228, 48.1128883]], [[16.3352228, 48.1128883], [16.335149, 48.1128834]], [[16.335149, 48.1128834], [16.3352053, 48.1131373]], [[16.3352053, 48.1131373], [16.3352472, 48.1132623]], [[16.3352472, 48.1132623], [16.3352697, 48.1132984]], [[16.3352697, 48.1132984], [16.3359042, 48.1143141]], [[16.3359042, 48.1143141], [16.3364828, 48.1153224]], [[16.3364828, 48.1153224], [16.336536, 48.1154152]], [[16.336536, 48.1154152], [16.3371396, 48.1164163]], [[16.3371396, 48.1164163], [16.3375833, 48.1172291]], [[16.3375833, 48.1172291], [16.3380484, 48.1180379]], [[16.3380484, 48.1180379], [16.3381884, 48.1182812]], [[16.3381884, 48.1182812], [16.3384508, 48.11875]], [[16.3384508, 48.11875], [16.338499, 48.1188325]], [[16.338499, 48.1188325], [16.3388253, 48.1194371]], [[16.3388253, 48.1194371], [16.3388927, 48.1195584]], [[16.3388927, 48.1195584], [16.3393732, 48.1205436]], [[16.3393732, 48.1205436], [16.339489, 48.1205682]], [[16.339489, 48.1205682], [16.3397577, 48.1205668]], [[16.3397577, 48.1205668], [16.3405548, 48.1205627]], [[16.3405548, 48.1205627], [16.3405611, 48.1206077]], [[16.3405611, 48.1206077], [16.3405927, 48.1206619]], [[16.3405927, 48.1206619], [16.3407657, 48.120956]], [[16.3407657, 48.120956], [16.3408799, 48.1211532]], [[16.3408799, 48.1211532], [16.3408924, 48.1211773]], [[16.3408924, 48.1211773], [16.3409215, 48.1212474]], [[16.3409215, 48.1212474], [16.340839, 48.1212766]], [[16.340887, 48.1212855], [16.340839, 48.1212766]], [[16.3409261, 48.1213077], [16.340887, 48.1212855]], [[16.3409385, 48.121345], [16.3409261, 48.1213077]], [[16.3410384, 48.12159], [16.3409385, 48.121345]], [[16.3410098, 48.1217699], [16.3410384, 48.12159]], [[16.340954, 48.1219458], [16.3410098, 48.1217699]], [[16.3409728, 48.1220791], [16.340954, 48.1219458]], [[16.3410333, 48.1222254], [16.3409728, 48.1220791]], [[16.3413071, 48.1227924], [16.3410333, 48.1222254]], [[16.3414411, 48.1230897], [16.3413071, 48.1227924]], [[16.3414616, 48.1231353], [16.3414411, 48.1230897]], [[16.3414616, 48.1231353], [16.3414926, 48.1231289]], [[16.3414926, 48.1231289], [16.3416372, 48.1230883]], [[16.3416544, 48.1231158], [16.3416372, 48.1230883]], [[16.3417166, 48.1232199], [16.3416544, 48.1231158]], [[16.3424152, 48.1241995], [16.3417166, 48.1232199]], [[16.34306, 48.1254679], [16.3424152, 48.1241995]], [[16.3430948, 48.1257609], [16.34306, 48.1254679]], [[16.3440807, 48.1278068], [16.3430948, 48.1257609]], [[16.3440983, 48.1278434], [16.3440807, 48.1278068]], [[16.3441093, 48.1278769], [16.3440983, 48.1278434]], [[16.3443625, 48.1284243], [16.3441093, 48.1278769]], [[16.3446376, 48.1288467], [16.3443625, 48.1284243]], [[16.3448049, 48.1291534], [16.3446376, 48.1288467]], [[16.3454474, 48.1306077], [16.3448049, 48.1291534]], [[16.3455867, 48.1309403], [16.3454474, 48.1306077]], [[16.3456183, 48.1310215], [16.3455867, 48.1309403]], [[16.3465154, 48.1311419], [16.3456183, 48.1310215]], [[16.3466637, 48.1311538], [16.3465154, 48.1311419]], [[16.3466525, 48.1312219], [16.3466637, 48.1311538]], [[16.3466456, 48.1314311], [16.3466525, 48.1312219]], [[16.346664, 48.1315144], [16.3466456, 48.1314311]], [[16.3468815, 48.131883], [16.346664, 48.1315144]], [[16.3469414, 48.1320141], [16.3468815, 48.131883]], [[16.3469628, 48.1321014], [16.3469414, 48.1320141]], [[16.3469644, 48.1321821], [16.3469628, 48.1321014]], [[16.3469499, 48.1322356], [16.3469644, 48.1321821]], [[16.3469236, 48.1322865], [16.3469499, 48.1322356]], [[16.3468165, 48.1324049], [16.3469236, 48.1322865]], [[16.3466623, 48.132524], [16.3468165, 48.1324049]], [[16.3464878, 48.1326383], [16.3466623, 48.132524]], [[16.346267, 48.132834], [16.3464878, 48.1326383]], [[16.3461802, 48.1329464], [16.346267, 48.132834]], [[16.3461489, 48.1330166], [16.3461802, 48.1329464]], [[16.3461833, 48.133224], [16.3461489, 48.1330166]], [[16.3461834, 48.1332695], [16.3461833, 48.133224]], [[16.3461699, 48.1333232], [16.3461834, 48.1332695]], [[16.3461563, 48.1333636], [16.3461699, 48.1333232]], [[16.3461143, 48.1334832], [16.3461563, 48.1333636]], [[16.3459292, 48.1339288], [16.3461143, 48.1334832]], [[16.3456861, 48.1344809], [16.3459292, 48.1339288]], [[16.3456797, 48.1344983], [16.3456861, 48.1344809]], [[16.3455249, 48.1345454], [16.3456797, 48.1344983]], [[16.3453846, 48.1346046], [16.3455249, 48.1345454]], [[16.3453608, 48.1346254], [16.3453846, 48.1346046]], [[16.3453548, 48.1346505], [16.3453608, 48.1346254]], [[16.3453764, 48.1346828], [16.3453548, 48.1346505]], [[16.3454007, 48.1347111], [16.3453764, 48.1346828]], [[16.3454315, 48.1347468], [16.3454007, 48.1347111]], [[16.3453868, 48.1347679], [16.3454315, 48.1347468]], [[16.3454063, 48.1347926], [16.3453868, 48.1347679]], [[16.3454258, 48.1348196], [16.3454063, 48.1347926]], [[16.3455038, 48.1348739], [16.3454258, 48.1348196]], [[16.3455298, 48.1349042], [16.3455038, 48.1348739]], [[16.3456236, 48.1351769], [16.3455298, 48.1349042]], [[16.3457573, 48.1354507], [16.3456236, 48.1351769]], [[16.345855, 48.1355825], [16.3457573, 48.1354507]], [[16.3459799, 48.1357316], [16.345855, 48.1355825]], [[16.3460658, 48.135847], [16.3459799, 48.1357316]], [[16.3461402, 48.1359747], [16.3460658, 48.135847]], [[16.3462827, 48.1362571], [16.3461402, 48.1359747]], [[16.346412, 48.1365684], [16.3462827, 48.1362571]], [[16.3464047, 48.1367315], [16.346412, 48.1365684]], [[16.3464022, 48.1367881], [16.3464047, 48.1367315]], [[16.3464375, 48.1368586], [16.3464022, 48.1367881]], [[16.3466297, 48.1368336], [16.3464375, 48.1368586]], [[16.346635, 48.1368633], [16.3466297, 48.1368336]], [[16.3469383, 48.1373523], [16.346635, 48.1368633]], [[16.3472433, 48.1378445], [16.3469383, 48.1373523]], [[16.3476586, 48.1385191], [16.3472433, 48.1378445]], [[16.3480502, 48.1391586], [16.3476586, 48.1385191]], [[16.3484332, 48.1397835], [16.3480502, 48.1391586]], [[16.3488263, 48.1404416], [16.3484332, 48.1397835]], [[16.3492288, 48.1411262], [16.3488263, 48.1404416]], [[16.3496444, 48.1418364], [16.3492288, 48.1411262]], [[16.35006, 48.1425503], [16.3496444, 48.1418364]], [[16.3504882, 48.1432853], [16.35006, 48.1425503]], [[16.3508761, 48.1439655], [16.3504882, 48.1432853]], [[16.3517477, 48.1453473], [16.3508761, 48.1439655]], [[16.3521656, 48.1460188], [16.3517477, 48.1453473]], [[16.3522173, 48.1461019], [16.3521656, 48.1460188]], [[16.3525972, 48.1467124], [16.3522173, 48.1461019]], [[16.3526388, 48.1467717], [16.3525972, 48.1467124]], [[16.3526613, 48.1467911], [16.3526388, 48.1467717]], [[16.3526932, 48.1468102], [16.3526613, 48.1467911]], [[16.3527387, 48.1468253], [16.3526932, 48.1468102]], [[16.3527387, 48.1468253], [16.352781, 48.1468577]], [[16.352781, 48.1468577], [16.3528121, 48.1468983]], [[16.3527804, 48.1469048], [16.3528121, 48.1468983]], [[16.3527804, 48.1469048], [16.3527558, 48.1469208]], [[16.3527558, 48.1469208], [16.3527881, 48.1469542]], [[16.3527881, 48.1469542], [16.3528239, 48.1470114]], [[16.3528239, 48.1470114], [16.3529068, 48.1471549]], [[16.3529068, 48.1471549], [16.353042, 48.1474371]], [[16.353042, 48.1474371], [16.3531469, 48.1476835]], [[16.3531469, 48.1476835], [16.3531591, 48.1477094]], [[16.3531591, 48.1477094], [16.353162, 48.1477488]], [[16.353162, 48.1477488], [16.3531585, 48.147792]], [[16.3531585, 48.147792], [16.3531472, 48.1478258]], [[16.3531472, 48.1478258], [16.3532024, 48.147831]], [[16.3532024, 48.147831], [16.353235, 48.1478297]], [[16.353235, 48.1478297], [16.3535194, 48.1477831]], [[16.3535194, 48.1477831], [16.3535824, 48.1477751]], [[16.3535824, 48.1477751], [16.3536209, 48.1477991]], [[16.3536209, 48.1477991], [16.3536385, 48.147827]], [[16.3536385, 48.147827], [16.3537809, 48.1480535]], [[16.3537809, 48.1480535], [16.3539419, 48.1483095]], [[16.3539419, 48.1483095], [16.3540848, 48.1485245]], [[16.3540848, 48.1485245], [16.3541115, 48.148569]], [[16.3541115, 48.148569], [16.3541667, 48.1486558]], [[16.3541667, 48.1486558], [16.3541977, 48.1487021]], [[16.3541977, 48.1487021], [16.354296, 48.1488489]], [[16.354296, 48.1488489], [16.3543465, 48.1489063]], [[16.3543465, 48.1489063], [16.3544186, 48.1489875]], [[16.3544186, 48.1489875], [16.3546333, 48.1492926]], [[16.3546333, 48.1492926], [16.3546833, 48.149364]], [[16.3546833, 48.149364], [16.3548539, 48.1496077]], [[16.3548539, 48.1496077], [16.3549846, 48.1497944]], [[16.3549846, 48.1497944], [16.3559543, 48.1512438]], [[16.3559543, 48.1512438], [16.355973, 48.1513281]], [[16.3559921, 48.1513778], [16.355973, 48.1513281]], [[16.3560685, 48.1515768], [16.3559921, 48.1513778]], [[16.3562796, 48.1519773], [16.3560685, 48.1515768]], [[16.3563053, 48.1520374], [16.3562796, 48.1519773]], [[16.3562938, 48.152104], [16.3563053, 48.1520374]], [[16.3562021, 48.1521312], [16.3562938, 48.152104]], [[16.3561404, 48.152156], [16.3562021, 48.1521312]], [[16.3561327, 48.1521696], [16.3561404, 48.152156]], [[16.3561489, 48.1521914], [16.3561327, 48.1521696]], [[16.3561993, 48.1522048], [16.3561489, 48.1521914]], [[16.3563208, 48.1522169], [16.3561993, 48.1522048]], [[16.3563922, 48.1522218], [16.3563208, 48.1522169]], [[16.3564484, 48.1522418], [16.3563922, 48.1522218]], [[16.3564556, 48.1522501], [16.3564484, 48.1522418]], [[16.3564871, 48.1522934], [16.3564556, 48.1522501]], [[16.3564871, 48.1522934], [16.3564572, 48.15233]], [[16.3564572, 48.15233], [16.3564536, 48.1523784]], [[16.3564536, 48.1523784], [16.3566826, 48.1527463]], [[16.3566826, 48.1527463], [16.3567126, 48.1527908]], [[16.3567126, 48.1527908], [16.3567315, 48.152819]], [[16.3567315, 48.152819], [16.3568052, 48.1528941]], [[16.3568052, 48.1528941], [16.3572789, 48.1536658]], [[16.3572789, 48.1536658], [16.3573196, 48.1537396]], [[16.3573196, 48.1537396], [16.3576904, 48.1543315]], [[16.3576904, 48.1543315], [16.3580975, 48.1548607]], [[16.3580975, 48.1548607], [16.3581397, 48.1549224]], [[16.3581397, 48.1549224], [16.358191, 48.1550182]], [[16.358191, 48.1550182], [16.3582156, 48.1550643]], [[16.3582156, 48.1550643], [16.3582844, 48.1551779]], [[16.3582844, 48.1551779], [16.3583661, 48.1552526]], [[16.3583661, 48.1552526], [16.3583844, 48.1552693]], [[16.3583844, 48.1552693], [16.3584201, 48.1552935]], [[16.3584201, 48.1552935], [16.358467, 48.1553652]], [[16.358467, 48.1553652], [16.3586303, 48.1556317]], [[16.3586303, 48.1556317], [16.358704, 48.1557558]], [[16.358704, 48.1557558], [16.3588322, 48.155955]], [[16.3588322, 48.155955], [16.3589774, 48.1561864]], [[16.3589774, 48.1561864], [16.360068, 48.1580738]], [[16.360068, 48.1580738], [16.3601229, 48.1581697]], [[16.3602139, 48.1581404], [16.3601229, 48.1581697]], [[16.3602532, 48.1581278], [16.3602139, 48.1581404]], [[16.3603432, 48.158099], [16.3602532, 48.1581278]], [[16.3603954, 48.1580845], [16.3603432, 48.158099]], [[16.3605319, 48.1580467], [16.3603954, 48.1580845]], [[16.3615285, 48.1577726], [16.3605319, 48.1580467]], [[16.3615656, 48.1578308], [16.3615285, 48.1577726]], [[16.361813, 48.1582191], [16.3615656, 48.1578308]], [[16.3618447, 48.1582688], [16.361813, 48.1582191]], [[16.3618696, 48.1583097], [16.3618447, 48.1582688]], [[16.3618937, 48.1583492], [16.3618696, 48.1583097]], [[16.3621089, 48.1586882], [16.3618937, 48.1583492]], [[16.3621357, 48.1587304], [16.3621089, 48.1586882]], [[16.3621726, 48.1587863], [16.3621357, 48.1587304]], [[16.3622566, 48.1589133], [16.3621726, 48.1587863]], [[16.3623928, 48.1591197], [16.3622566, 48.1589133]], [[16.3624523, 48.1592098], [16.3623928, 48.1591197]], [[16.3624523, 48.1592098], [16.362524, 48.1591921]], [[16.362524, 48.1591921], [16.3630056, 48.1590734]], [[16.3630056, 48.1590734], [16.3630591, 48.1590612]], [[16.3630591, 48.1590612], [16.3631146, 48.1590486]], [[16.3631146, 48.1590486], [16.3632451, 48.1590189]], [[16.3632451, 48.1590189], [16.3633196, 48.1590019]], [[16.3633196, 48.1590019], [16.3633812, 48.1589879]], [[16.3633812, 48.1589879], [16.363497, 48.15897]], [[16.363497, 48.15897], [16.3636326, 48.1589491]], [[16.3636326, 48.1589491], [16.3641077, 48.1588756]], [[16.3641077, 48.1588756], [16.3648265, 48.1588195]], [[16.3648265, 48.1588195], [16.3654311, 48.1588553]], [[16.3654311, 48.1588553], [16.3657742, 48.1589049]], [[16.3657742, 48.1589049], [16.3663576, 48.159063]], [[16.3663576, 48.159063], [16.3664169, 48.1590791]], [[16.3664169, 48.1590791], [16.3665876, 48.1591266]], [[16.3665876, 48.1591266], [16.3667588, 48.1591195]], [[16.3667588, 48.1591195], [16.3669146, 48.1591089]], [[16.3669146, 48.1591089], [16.366977, 48.1591072]], [[16.3669831, 48.159161], [16.366977, 48.1591072]], [[16.3669889, 48.1592127], [16.3669831, 48.159161]], [[16.3670057, 48.1594229], [16.3669889, 48.1592127]], [[16.3669599, 48.1594625], [16.3670057, 48.1594229]], [[16.3669599, 48.1594625], [16.3670565, 48.1599818]], [[16.3670565, 48.1599818], [16.3672092, 48.1610459]], [[16.3672092, 48.1610459], [16.3672542, 48.1613959]], [[16.3672542, 48.1613959], [16.3672755, 48.1615611]], [[16.3672755, 48.1615611], [16.367362, 48.1620117]], [[16.367362, 48.1620117], [16.367406, 48.1623898]], [[16.367406, 48.1623898], [16.3674565, 48.1625888]], [[16.3674565, 48.1625888], [16.367559, 48.1625896]], [[16.367559, 48.1625896], [16.3682734, 48.1625952]], [[16.3682734, 48.1625952], [16.3691022, 48.1625944]], [[16.3691022, 48.1625944], [16.3693902, 48.1625581]], [[16.3693902, 48.1625581], [16.3696531, 48.1625032]], [[16.3696531, 48.1625032], [16.3706371, 48.1622232]], [[16.3706371, 48.1622232], [16.3708953, 48.16215]], [[16.3709464, 48.1622493], [16.3708953, 48.16215]], [[16.3709808, 48.1623472], [16.3709464, 48.1622493]], [[16.371188, 48.1628704], [16.3709808, 48.1623472]], [[16.3713751, 48.1633447], [16.371188, 48.1628704]], [[16.3714109, 48.1633943], [16.3713751, 48.1633447]], [[16.3714462, 48.1634332], [16.3714109, 48.1633943]], [[16.3718604, 48.163889], [16.3714462, 48.1634332]], [[16.3719753, 48.1639672], [16.3718604, 48.163889]], [[16.3720103, 48.1640094], [16.3719753, 48.1639672]], [[16.3721344, 48.1641589], [16.3720103, 48.1640094]], [[16.3721677, 48.1642137], [16.3721344, 48.1641589]], [[16.3722345, 48.1643715], [16.3721677, 48.1642137]], [[16.3723069, 48.1646048], [16.3722345, 48.1643715]], [[16.3723434, 48.1646803], [16.3723069, 48.1646048]], [[16.3723732, 48.1647418], [16.3723434, 48.1646803]], [[16.3724568, 48.164904], [16.3723732, 48.1647418]], [[16.3726025, 48.1651851], [16.3724568, 48.164904]], [[16.3726733, 48.1652814], [16.3726025, 48.1651851]], [[16.3727659, 48.1654073], [16.3726733, 48.1652814]], [[16.3728584, 48.1655331], [16.3727659, 48.1654073]], [[16.3729213, 48.1656457], [16.3728584, 48.1655331]], [[16.3730644, 48.1658975], [16.3729213, 48.1656457]], [[16.3731128, 48.1659826], [16.3730644, 48.1658975]], [[16.3732743, 48.1662787], [16.3731128, 48.1659826]], [[16.3736159, 48.1669532], [16.3732743, 48.1662787]], [[16.3736159, 48.1669532], [16.3737054, 48.1671138]], [[16.3737054, 48.1671138], [16.3738565, 48.1673848]], [[16.3738565, 48.1673848], [16.3739028, 48.1674677]], [[16.3739028, 48.1674677], [16.3739637, 48.1675769]], [[16.3739637, 48.1675769], [16.3740557, 48.1677418]], [[16.3740557, 48.1677418], [16.3742075, 48.1680141]], [[16.3742075, 48.1680141], [16.3743741, 48.168313]], [[16.3743741, 48.168313], [16.3744173, 48.1683904]], [[16.3744173, 48.1683904], [16.3744331, 48.1684188]], [[16.3744331, 48.1684188], [16.3744838, 48.1685097]], [[16.3746155, 48.168607], [16.3744838, 48.1685097]], [[16.3746214, 48.1686114], [16.3746155, 48.168607]], [[16.3746793, 48.1687032], [16.3746214, 48.1686114]], [[16.3750155, 48.1692554], [16.3746793, 48.1687032]], [[16.3751177, 48.1693323], [16.3750155, 48.1692554]], [[16.3751324, 48.1693551], [16.3751177, 48.1693323]], [[16.3751569, 48.1693985], [16.3751324, 48.1693551]], [[16.3753058, 48.1696402], [16.3751569, 48.1693985]], [[16.3755114, 48.1699751], [16.3753058, 48.1696402]], [[16.375552, 48.1700376], [16.3755114, 48.1699751]], [[16.375879, 48.1705626], [16.375552, 48.1700376]], [[16.3757901, 48.1705862], [16.375879, 48.1705626]], [[16.3757211, 48.1706042], [16.3757901, 48.1705862]], [[16.3757123, 48.1706143], [16.3757211, 48.1706042]], [[16.3757138, 48.17063], [16.3757123, 48.1706143]], [[16.3757567, 48.1707095], [16.3757138, 48.17063]], [[16.3757875, 48.1707679], [16.3757567, 48.1707095]], [[16.376085, 48.1713312], [16.3757875, 48.1707679]], [[16.3761529, 48.1714658], [16.376085, 48.1713312]], [[16.3761637, 48.1714904], [16.3761529, 48.1714658]], [[16.376483, 48.1721091], [16.3761637, 48.1714904]], [[16.3765446, 48.1721827], [16.376483, 48.1721091]], [[16.3770002, 48.1731137], [16.3765446, 48.1721827]], [[16.3770002, 48.1731137], [16.3770906, 48.1731088]], [[16.3770906, 48.1731088], [16.3772165, 48.1730997]], [[16.3772165, 48.1730997], [16.3776489, 48.1730645]], [[16.3776489, 48.1730645], [16.3778232, 48.1730545]], [[16.3778232, 48.1730545], [16.3779963, 48.1730699]], [[16.3779963, 48.1730699], [16.3782417, 48.1730927]], [[16.3782417, 48.1730927], [16.3783625, 48.1731128]], [[16.3783625, 48.1731128], [16.3784548, 48.1731356]], [[16.3784548, 48.1731356], [16.3784798, 48.1731418]], [[16.3784798, 48.1731418], [16.3785523, 48.1731516]], [[16.3785523, 48.1731516], [16.3786483, 48.1731586]], [[16.3786483, 48.1731586], [16.3787272, 48.173175]], [[16.3787272, 48.173175], [16.3788109, 48.1731976]], [[16.3788109, 48.1731976], [16.3788946, 48.1732261]], [[16.3788946, 48.1732261], [16.3791642, 48.1733179]], [[16.3791642, 48.1733179], [16.3792796, 48.1733684]], [[16.3792796, 48.1733684], [16.3793775, 48.1734218]], [[16.3793775, 48.1734218], [16.3796205, 48.1736325]], [[16.3796205, 48.1736325], [16.3796298, 48.1736429]], [[16.3796298, 48.1736429], [16.3796641, 48.1736811]], [[16.3796641, 48.1736811], [16.3797191, 48.1737714]], [[16.3797191, 48.1737714], [16.3797406, 48.1738135]], [[16.3797406, 48.1738135], [16.3798616, 48.1740505]], [[16.3798616, 48.1740505], [16.3800412, 48.1745268]], [[16.3800412, 48.1745268], [16.3800637, 48.1746618]], [[16.3800637, 48.1746618], [16.3801155, 48.1750612]], [[16.3801155, 48.1750612], [16.3801181, 48.1750811]], [[16.3801181, 48.1750811], [16.3801284, 48.1751646]], [[16.3801284, 48.1751646], [16.3801301, 48.1751788]], [[16.3801301, 48.1751788], [16.3801316, 48.1751908]], [[16.3801316, 48.1751908], [16.3801415, 48.1752709]], [[16.3801415, 48.1752709], [16.3801465, 48.1753018]], [[16.3801465, 48.1753018], [16.3802861, 48.1761689]], [[16.3802861, 48.1761689], [16.3803792, 48.1767779]], [[16.3803792, 48.1767779], [16.3805118, 48.1776516]], [[16.3805118, 48.1776516], [16.3805214, 48.1777148]], [[16.3805214, 48.1777148], [16.3806586, 48.1777102]], [[16.3806586, 48.1777102], [16.3806578, 48.1777423]], [[16.3806578, 48.1777423], [16.3806564, 48.1778039]], [[16.3806564, 48.1778039], [16.3806443, 48.1779275]], [[16.3806443, 48.1779275], [16.3806414, 48.1779572]], [[16.3806414, 48.1779572], [16.3803477, 48.1782871]], [[16.3803477, 48.1782871], [16.3802841, 48.1783592]], [[16.3802841, 48.1783592], [16.3801115, 48.1785583]], [[16.3801115, 48.1785583], [16.380054, 48.1786263]], [[16.380054, 48.1786263], [16.3800145, 48.1786976]], [[16.3800145, 48.1786976], [16.3799224, 48.1791683]], [[16.3799224, 48.1791683], [16.3798192, 48.1797747]], [[16.3798192, 48.1797747], [16.3798131, 48.1797975]], [[16.3798131, 48.1797975], [16.379803, 48.1798357]], [[16.379803, 48.1798357], [16.3797844, 48.1799191]], [[16.3797844, 48.1799191], [16.3797497, 48.180075]], [[16.3797497, 48.180075], [16.3796646, 48.1804061]], [[16.3796646, 48.1804061], [16.3796121, 48.1806599]], [[16.3796121, 48.1806599], [16.3795533, 48.1807826]], [[16.3795533, 48.1807826], [16.3795427, 48.1808894]], [[16.3795427, 48.1808894], [16.3795066, 48.1811223]], [[16.3795066, 48.1811223], [16.379455, 48.1812802]], [[16.379455, 48.1812802], [16.3793685, 48.1813607]], [[16.3793685, 48.1813607], [16.3793383, 48.1813887]], [[16.3793383, 48.1813887], [16.3791815, 48.1814702]], [[16.3791815, 48.1814702], [16.379056, 48.1815415]], [[16.379056, 48.1815415], [16.3790269, 48.181558]], [[16.3790269, 48.181558], [16.3790213, 48.1815625]], [[16.3790213, 48.1815625], [16.3785653, 48.1819252]], [[16.3785653, 48.1819252], [16.3782837, 48.182148]], [[16.3782837, 48.182148], [16.3781822, 48.1822411]], [[16.3781822, 48.1822411], [16.3771112, 48.1831493]], [[16.3771112, 48.1831493], [16.3770414, 48.1832325]], [[16.3770414, 48.1832325], [16.3769911, 48.1832925]], [[16.3769911, 48.1832925], [16.3769476, 48.1833356]], [[16.3769476, 48.1833356], [16.3768712, 48.1833871]], [[16.3768712, 48.1833871], [16.3768484, 48.1833981]], [[16.3768484, 48.1833981], [16.376809, 48.1834237]], [[16.376809, 48.1834237], [16.3766695, 48.1835314]], [[16.3766695, 48.1835314], [16.3766577, 48.1835614]], [[16.3766577, 48.1835614], [16.3766436, 48.1835852]], [[16.3766436, 48.1835852], [16.3766219, 48.1836068]], [[16.3766219, 48.1836068], [16.3762221, 48.1839406]], [[16.3762221, 48.1839406], [16.3761916, 48.1839607]], [[16.3761916, 48.1839607], [16.3761481, 48.1839784]], [[16.3761481, 48.1839784], [16.3761155, 48.183999]], [[16.3761155, 48.183999], [16.3760567, 48.1840681]], [[16.3760567, 48.1840681], [16.3759676, 48.1841961]], [[16.3759676, 48.1841961], [16.3758303, 48.1843201]], [[16.3758303, 48.1843201], [16.3757571, 48.1843754]], [[16.3757571, 48.1843754], [16.3757046, 48.1844392]], [[16.3757046, 48.1844392], [16.3756357, 48.1845186]], [[16.3756357, 48.1845186], [16.3755399, 48.1845824]], [[16.3755399, 48.1845824], [16.3754033, 48.1846517]], [[16.3754033, 48.1846517], [16.3752804, 48.1847035]], [[16.3752804, 48.1847035], [16.3751889, 48.1847317]], [[16.3751889, 48.1847317], [16.3750836, 48.1847586]], [[16.3750836, 48.1847586], [16.3750324, 48.1847682]], [[16.3750324, 48.1847682], [16.3749054, 48.1847845]], [[16.3749054, 48.1847845], [16.3747651, 48.1847884]], [[16.3747651, 48.1847884], [16.3746231, 48.1847952]], [[16.3746231, 48.1847952], [16.3744774, 48.1847958]], [[16.3744774, 48.1847958], [16.3743043, 48.1847962]], [[16.3743043, 48.1847962], [16.3741169, 48.1847908]], [[16.3741169, 48.1847908], [16.3741087, 48.1848483]], [[16.3741087, 48.1848483], [16.3740486, 48.1852693]], [[16.3740486, 48.1852693], [16.3740604, 48.1853376]], [[16.3740604, 48.1853376], [16.3740608, 48.1853587]], [[16.3740608, 48.1853587], [16.3740447, 48.1854687]], [[16.3740447, 48.1854687], [16.3740248, 48.1856048]], [[16.3740248, 48.1856048], [16.374244, 48.1856868]], [[16.374244, 48.1856868], [16.3742745, 48.1856938]], [[16.374249, 48.1857367], [16.3742745, 48.1856938]], [[16.3742288, 48.1857632], [16.374249, 48.1857367]], [[16.3742, 48.1857947], [16.3742288, 48.1857632]], [[16.3741593, 48.1858301], [16.3742, 48.1857947]], [[16.3741283, 48.1858552], [16.3741593, 48.1858301]], [[16.3741052, 48.1858739], [16.3741283, 48.1858552]], [[16.3740752, 48.1858986], [16.3741052, 48.1858739]], [[16.3740488, 48.1859196], [16.3740752, 48.1858986]], [[16.3739719, 48.1859806], [16.3740488, 48.1859196]], [[16.3739467, 48.1860002], [16.3739719, 48.1859806]], [[16.3739192, 48.1860175], [16.3739467, 48.1860002]], [[16.3737999, 48.186074], [16.3739192, 48.1860175]], [[16.3737709, 48.1860881], [16.3737999, 48.186074]], [[16.3736861, 48.1861303], [16.3737709, 48.1860881]], [[16.3736369, 48.1861634], [16.3736861, 48.1861303]], [[16.3736316, 48.1861691], [16.3736369, 48.1861634]], [[16.3736129, 48.1861892], [16.3736316, 48.1861691]], [[16.3735672, 48.1862625], [16.3736129, 48.1861892]], [[16.3735542, 48.1862581], [16.3735672, 48.1862625]], [[16.3734753, 48.1862313], [16.3735542, 48.1862581]], [[16.3734058, 48.1862066], [16.3734753, 48.1862313]], [[16.3734183, 48.1862473], [16.3734058, 48.1862066]], [[16.3734327, 48.1862907], [16.3734183, 48.1862473]], [[16.3734338, 48.1863045], [16.3734327, 48.1862907]], [[16.3734373, 48.1863461], [16.3734338, 48.1863045]], [[16.37344, 48.1864328], [16.3734373, 48.1863461]], [[16.373465, 48.1867369], [16.37344, 48.1864328]], [[16.3734624, 48.186877], [16.373465, 48.1867369]], [[16.3734624, 48.186877], [16.3734486, 48.1870149]], [[16.3734486, 48.1870149], [16.3734478, 48.187035]], [[16.3734478, 48.187035], [16.3734507, 48.1870823]], [[16.3734507, 48.1870823], [16.372809, 48.1868532]], [[16.372809, 48.1868532], [16.3727728, 48.1868403]], [[16.3727728, 48.1868403], [16.3727306, 48.1868995]], [[16.3727306, 48.1868995], [16.3724397, 48.187235]], [[16.3724397, 48.187235], [16.3720048, 48.1877499]], [[16.3720048, 48.1877499], [16.371979, 48.1877789]], [[16.371979, 48.1877789], [16.3719364, 48.1878308]], [[16.3719364, 48.1878308], [16.3718925, 48.1878829]], [[16.3718925, 48.1878829], [16.3718799, 48.1878981]], [[16.3718799, 48.1878981], [16.3714995, 48.188356]], [[16.3714995, 48.188356], [16.3713537, 48.1885316]], [[16.3713537, 48.1885316], [16.3707956, 48.1892035]], [[16.3707956, 48.1892035], [16.3706382, 48.189393]], [[16.3706382, 48.189393], [16.3705365, 48.1895153]], [[16.3705365, 48.1895153], [16.3705259, 48.1895281]], [[16.3705259, 48.1895281], [16.3704613, 48.1895998]], [[16.3704613, 48.1895998], [16.3704206, 48.1896433]], [[16.3704206, 48.1896433], [16.370403, 48.1896649]], [[16.370403, 48.1896649], [16.3703515, 48.1897282]], [[16.3703515, 48.1897282], [16.3700373, 48.1901098]], [[16.3700373, 48.1901098], [16.3696974, 48.1905226]], [[16.3696974, 48.1905226], [16.3692009, 48.1910839]], [[16.3692009, 48.1910839], [16.3691424, 48.1911504]], [[16.3691424, 48.1911504], [16.3690948, 48.1912056]], [[16.3690948, 48.1912056], [16.3681257, 48.1923617]], [[16.3681257, 48.1923617], [16.3680815, 48.1924144]], [[16.3680815, 48.1924144], [16.36802, 48.1924793]], [[16.36802, 48.1924793], [16.3679632, 48.1925392]], [[16.3679632, 48.1925392], [16.3677592, 48.1926637]], [[16.3677592, 48.1926637], [16.3671958, 48.1929576]], [[16.3671958, 48.1929576], [16.3671034, 48.1930084]], [[16.3672138, 48.1936096], [16.3671034, 48.1930084]], [[16.367233, 48.193838], [16.3672138, 48.1936096]], [[16.3672325, 48.19416], [16.367233, 48.193838]], [[16.3672229, 48.1943549], [16.3672325, 48.19416]], [[16.3672173, 48.1943891], [16.3672229, 48.1943549]], [[16.3672146, 48.1944321], [16.3672173, 48.1943891]], [[16.3672082, 48.1944731], [16.3672146, 48.1944321]], [[16.367173, 48.1947545], [16.3672082, 48.1944731]], [[16.3671561, 48.1951178], [16.367173, 48.1947545]], [[16.3671767, 48.1954059], [16.3671561, 48.1951178]], [[16.3671848, 48.1955614], [16.3671767, 48.1954059]], [[16.3671915, 48.1957141], [16.3671848, 48.1955614]], [[16.3671896, 48.195747], [16.3671915, 48.1957141]], [[16.3672018, 48.1958227], [16.3671896, 48.195747]], [[16.3671733, 48.1958791], [16.3672018, 48.1958227]], [[16.3671813, 48.1959149], [16.3671733, 48.1958791]], [[16.3672777, 48.196325], [16.3671813, 48.1959149]], [[16.3673131, 48.1963968], [16.3672777, 48.196325]], [[16.3673131, 48.1963968], [16.3674336, 48.1963872]], [[16.3674336, 48.1963872], [16.3675289, 48.1963724]], [[16.3675289, 48.1963724], [16.3675793, 48.1963423]], [[16.3675793, 48.1963423], [16.3676671, 48.1963226]], [[16.3676671, 48.1963226], [16.3677221, 48.1963079]], [[16.3677221, 48.1963079], [16.3677811, 48.1962995]], [[16.3677811, 48.1962995], [16.3679048, 48.1962816]], [[16.3679048, 48.1962816], [16.3680176, 48.1962537]], [[16.3680176, 48.1962537], [16.3680677, 48.1962406]], [[16.3680677, 48.1962406], [16.3681282, 48.1962213]], [[16.3681282, 48.1962213], [16.3682235, 48.196198]], [[16.3682235, 48.196198], [16.3682983, 48.1961723]], [[16.3682983, 48.1961723], [16.3683948, 48.196129]], [[16.3684244, 48.1961562], [16.3683948, 48.196129]], [[16.3685279, 48.1962352], [16.3684244, 48.1961562]], [[16.3685704, 48.1962676], [16.3685279, 48.1962352]], [[16.3686587, 48.1962934], [16.3685704, 48.1962676]], [[16.3687581, 48.1963087], [16.3686587, 48.1962934]], [[16.3688564, 48.1963106], [16.3687581, 48.1963087]], [[16.3688667, 48.1963332], [16.3688564, 48.1963106]], [[16.3694665, 48.1965502], [16.3688667, 48.1963332]], [[16.369586, 48.1965931], [16.3694665, 48.1965502]], [[16.3698899, 48.1966968], [16.369586, 48.1965931]], [[16.3699718, 48.196748], [16.3698899, 48.1966968]], [[16.3703692, 48.1968929], [16.3699718, 48.196748]], [[16.371702, 48.1973739], [16.3703692, 48.1968929]], [[16.3717116, 48.1973774], [16.371702, 48.1973739]], [[16.3717392, 48.1973872], [16.3717116, 48.1973774]], [[16.3717793, 48.1973996], [16.3717392, 48.1973872]], [[16.3717793, 48.1973996], [16.3717382, 48.1974684]], [[16.3717382, 48.1974684], [16.3715986, 48.1977116]], [[16.3715986, 48.1977116], [16.3715724, 48.197755]], [[16.3715724, 48.197755], [16.3715324, 48.1978266]], [[16.3715324, 48.1978266], [16.3714858, 48.1978997]], [[16.3714858, 48.1978997], [16.3712815, 48.1982444]], [[16.3712815, 48.1982444], [16.3712789, 48.1982765]], [[16.3712789, 48.1982765], [16.3712801, 48.1983384]], [[16.3712432, 48.1985288], [16.3712801, 48.1983384]], [[16.371419, 48.1985625], [16.3712432, 48.1985288]], [[16.3716386, 48.1986173], [16.371419, 48.1985625]], [[16.3718905, 48.1987404], [16.3716386, 48.1986173]], [[16.3720833, 48.1988187], [16.3718905, 48.1987404]], [[16.3721381, 48.1988928], [16.3720833, 48.1988187]], [[16.3721457, 48.1989115], [16.3721381, 48.1988928]], [[16.372148, 48.1989297], [16.3721457, 48.1989115]], [[16.3721374, 48.1990071], [16.372148, 48.1989297]], [[16.3721366, 48.1990389], [16.3721374, 48.1990071]], [[16.3721412, 48.1990763], [16.3721366, 48.1990389]], [[16.3721518, 48.1991122], [16.3721412, 48.1990763]], [[16.372173, 48.1991481], [16.3721518, 48.1991122]], [[16.3722352, 48.1992301], [16.372173, 48.1991481]], [[16.3722496, 48.1992574], [16.3722352, 48.1992301]], [[16.3722889, 48.1993505], [16.3722496, 48.1992574]], [[16.3723202, 48.1994192], [16.3722889, 48.1993505]], [[16.372349, 48.1994778], [16.3723202, 48.1994192]], [[16.372365, 48.1995031], [16.372349, 48.1994778]], [[16.3723923, 48.1995325], [16.372365, 48.1995031]], [[16.3724503, 48.1995866], [16.3723923, 48.1995325]], [[16.3724863, 48.1996199], [16.3724503, 48.1995866]], [[16.3724985, 48.1996328], [16.3724863, 48.1996199]], [[16.3725106, 48.1996493], [16.3724985, 48.1996328]], [[16.3725791, 48.1997584], [16.3725106, 48.1996493]], [[16.3725915, 48.1997775], [16.3725791, 48.1997584]], [[16.3726074, 48.199802], [16.3725915, 48.1997775]], [[16.3726443, 48.1998227], [16.3726074, 48.199802]], [[16.3726864, 48.1998255], [16.3726443, 48.1998227]], [[16.3727975, 48.1998007], [16.3726864, 48.1998255]], [[16.3728362, 48.1998095], [16.3727975, 48.1998007]], [[16.3728672, 48.1998644], [16.3728362, 48.1998095]], [[16.3729253, 48.1999585], [16.3728672, 48.1998644]], [[16.3729253, 48.1999585], [16.3729679, 48.1999984]], [[16.3729679, 48.1999984], [16.3730136, 48.2000701]], [[16.3730136, 48.2000701], [16.373326, 48.2007142]], [[16.3735694, 48.2012231], [16.373326, 48.2007142]], [[16.3735847, 48.2012552], [16.3735694, 48.2012231]], [[16.3736006, 48.2012907], [16.3735847, 48.2012552]], [[16.3736006, 48.2012907], [16.3737155, 48.2013355]], [[16.3737155, 48.2013355], [16.3740281, 48.2014082]], [[16.374006, 48.2014482], [16.3740281, 48.2014082]], [[16.3739932, 48.2014714], [16.374006, 48.2014482]], [[16.3739869, 48.2014821], [16.3739932, 48.2014714]], [[16.373951, 48.2015531], [16.3739869, 48.2014821]], [[16.3739181, 48.2016127], [16.373951, 48.2015531]], [[16.3739078, 48.2016315], [16.3739181, 48.2016127]], [[16.3739008, 48.2016443], [16.3739078, 48.2016315]], [[16.3739359, 48.2016735], [16.3739008, 48.2016443]], [[16.3740882, 48.2017073], [16.3739359, 48.2016735]], [[16.3740938, 48.2017085], [16.3740882, 48.2017073]], [[16.3741821, 48.2017437], [16.3740938, 48.2017085]], [[16.3742848, 48.2017811], [16.3741821, 48.2017437]], [[16.3743, 48.2017867], [16.3742848, 48.2017811]], [[16.3743629, 48.2018025], [16.3743, 48.2017867]], [[16.3744216, 48.2018172], [16.3743629, 48.2018025]], [[16.3744925, 48.201835], [16.3744216, 48.2018172]], [[16.3744976, 48.2018362], [16.3744925, 48.201835]], [[16.3747106, 48.2018881], [16.3744976, 48.2018362]], [[16.3748231, 48.2019206], [16.3747106, 48.2018881]], [[16.3748827, 48.201938], [16.3748231, 48.2019206]], [[16.3749298, 48.2019518], [16.3748827, 48.201938]], [[16.3749619, 48.2019699], [16.3749298, 48.2019518]], [[16.375005, 48.2019987], [16.3749619, 48.2019699]], [[16.3758877, 48.202875], [16.375005, 48.2019987]], [[16.3763643, 48.2033329], [16.3758877, 48.202875]], [[16.37642, 48.203389], [16.3763643, 48.2033329]], [[16.3764737, 48.2034429], [16.37642, 48.203389]], [[16.3769964, 48.2039538], [16.3764737, 48.2034429]], [[16.3775137, 48.2044631], [16.3769964, 48.2039538]], [[16.3775284, 48.2045259], [16.3775137, 48.2044631]], [[16.3775763, 48.2046153], [16.3775284, 48.2045259]], [[16.3779646, 48.2049904], [16.3775763, 48.2046153]], [[16.3779902, 48.2050095], [16.3779646, 48.2049904]], [[16.3780132, 48.2050227], [16.3779902, 48.2050095]], [[16.3780381, 48.2050268], [16.3780132, 48.2050227]], [[16.3780842, 48.2050325], [16.3780381, 48.2050268]], [[16.378108, 48.2050418], [16.3780842, 48.2050325]], [[16.3786454, 48.2055653], [16.378108, 48.2050418]], [[16.378696, 48.2056147], [16.3786454, 48.2055653]], [[16.378696, 48.2056147], [16.3786024, 48.2056583]], [[16.3786024, 48.2056583], [16.3785331, 48.2056903]], [[16.3785331, 48.2056903], [16.3779509, 48.2059593]], [[16.3779509, 48.2059593], [16.3776433, 48.2060972]], [[16.3776433, 48.2060972], [16.3775659, 48.2061304]], [[16.3775659, 48.2061304], [16.3774839, 48.2061712]], [[16.3774839, 48.2061712], [16.3771746, 48.2063196]], [[16.3771746, 48.2063196], [16.3770698, 48.2062987]], [[16.3770698, 48.2062987], [16.3768494, 48.2061919]], [[16.3768494, 48.2061919], [16.3765723, 48.2062276]], [[16.3765723, 48.2062276], [16.3759976, 48.206302]], [[16.3759976, 48.206302], [16.3759208, 48.2063212]], [[16.3759208, 48.2063212], [16.3758267, 48.2063448]], [[16.3758267, 48.2063448], [16.3754923, 48.2064729]], [[16.3754923, 48.2064729], [16.3751276, 48.2066192]], [[16.3751276, 48.2066192], [16.3747329, 48.2068034]], [[16.3747329, 48.2068034], [16.3746136, 48.2068637]], [[16.3746136, 48.2068637], [16.3740424, 48.2071852]], [[16.3740424, 48.2071852], [16.3738155, 48.207293]], [[16.3738155, 48.207293], [16.3736493, 48.2073573]], [[16.3736493, 48.2073573], [16.3731568, 48.2075387]], [[16.3731568, 48.2075387], [16.3730102, 48.2075894]], [[16.3730102, 48.2075894], [16.3729159, 48.2076223]], [[16.3729159, 48.2076223], [16.3729154, 48.2076225]], [[16.3731386, 48.2079624], [16.3729154, 48.2076225]], [[16.3731952, 48.2080394], [16.3731386, 48.2079624]], [[16.3728528, 48.2081355], [16.3731952, 48.2080394]], [[16.3723653, 48.2082819], [16.3728528, 48.2081355]]]}}, {"type" : "Feature", "properties" : {"name" : "V2 cost with elevation + curvature", "variant" : "v2", "edges" : 6736, "length_km" : 210.83, "climb_m" : 2812, "profile" : [[0.020, 362], [0.027, 364], [0.043, 365], [0.059, 367], [0.066, 368], [0.074, 368], [0.084, 368], [0.086, 367], [0.091, 367], [0.094, 366], [0.102, 365], [0.130, 365], [0.156, 362], [0.157, 363], [0.229, 364], [0.231, 358], [0.233, 358], [0.238, 357], [0.240, 357], [0.241, 357], [0.242, 357], [0.245, 357], [0.247, 357], [0.248, 357], [0.249, 357], [0.250, 358], [0.252, 358], [0.252, 358], [0.253, 358], [0.254, 358], [0.255, 358], [0.256, 357], [0.259, 357], [0.334, 357], [0.359, 355], [0.367, 353], [0.386, 352], [0.393, 352], [0.403, 352], [0.406, 352], [0.409, 352], [0.410, 351], [0.418, 350], [0.422, 349], [0.423, 349], [0.430, 349], [0.432, 349], [0.435, 349], [0.458, 350], [0.460, 351], [0.482, 352], [0.506, 355], [0.515, 353], [0.519, 352], [0.553, 352], [0.581, 350], [0.596, 353], [0.600, 351], [0.601, 351], [0.603, 351], [0.627, 351], [0.668, 349], [0.672, 351], [0.707, 352], [0.767, 349], [0.795, 349], [0.812, 350], [0.883, 350], [0.906, 356], [1.010, 358], [1.061, 354], [1.204, 353], [1.224, 351], [1.226, 352], [1.230, 351], [1.236, 350], [1.269, 352], [1.298, 353], [1.333, 354], [1.395, 354], [1.404, 354], [1.411, 354], [1.449, 353], [1.487, 352], [1.527, 352], [1.555, 351], [1.583, 351], [1.635, 352], [1.705, 353], [1.801, 353], [1.892, 352], [1.920, 352], [1.954, 351], [1.978, 352], [1.990, 352], [2.054, 354], [2.071, 353], [2.082, 353], [2.126, 354], [2.195, 352], [2.286, 352], [2.349, 356], [2.399, 356], [2.406, 355], [2.477, 353], [2.493, 354], [2.501, 354], [2.509, 354], [2.521, 354], [2.526, 354], [2.532, 354], [2.535, 353], [2.547, 353], [2.563, 352], [2.568, 353], [2.572, 353], [2.591, 353], [2.617, 354], [2.624, 354], [2.658, 353], [2.705, 352], [2.736, 353], [2.743, 353], [2.788, 353], [2.862, 353], [2.881, 353], [2.930, 353], [2.955, 352], [2.977, 352], [2.997, 352], [3.014, 352], [3.031, 353], [3.053, 353], [3.069, 353], [3.082, 354], [3.098, 355], [3.111, 355], [3.128, 356], [3.150, 357], [3.158, 357], [3.182, 358], [3.191, 358], [3.200, 358], [3.269, 362], [3.274, 362], [3.283, 363], [3.300, 362], [3.319, 362], [3.344, 361], [3.353, 361], [3.361, 361], [3.372, 361], [3.383, 362], [3.423, 362], [3.459, 362], [3.505, 361], [3.519, 362], [3.534, 361], [3.541, 362], [3.550, 362], [3.560, 362], [3.571, 361], [3.578, 360], [3.591, 359], [3.598, 358], [3.602, 358], [3.624, 359], [3.644, 360], [3.689, 361], [3.723, 359], [3.743, 358], [3.764, 357], [3.767, 357], [3.784, 357], [3.793, 357], [3.804, 357], [3.806, 357], [3.816, 358], [3.844, 358], [3.860, 357], [3.895, 357], [3.981, 360], [4.011, 360], [4.037, 360], [4.073, 360], [4.119, 361], [4.169, 361], [4.223, 361], [4.226, 359], [4.235, 359], [4.249, 359], [4.258, 359], [4.260, 359], [4.265, 359], [4.268, 359], [4.274, 359], [4.280, 359], [4.291, 359], [4.302, 359], [4.318, 359], [4.326, 359], [4.327, 360], [4.335, 359], [4.340, 359], [4.347, 359], [4.367, 360], [4.390, 361], [4.415, 360], [4.432, 360], [4.440, 359], [4.446, 359], [4.458, 359], [4.484, 360], [4.506, 360], [4.526, 360], [4.568, 362], [4.597, 361], [4.615, 360], [4.649, 361], [4.658, 362], [4.663, 362], [4.672, 361], [4.680, 361], [4.683, 361], [4.687, 361], [4.713, 359], [4.729, 360], [4.776, 361], [4.839, 362], [4.844, 362], [4.851, 362], [4.857, 361], [4.861, 361], [4.899, 360], [4.912, 360], [4.962, 361], [4.970, 362], [5.096, 363], [5.102, 362], [5.110, 361], [5.118, 361], [5.132, 361], [5.168, 362], [5.173, 362], [5.186, 362], [5.188, 362], [5.206, 362], [5.224, 362], [5.239, 362], [5.270, 362], [5.279, 362], [5.285, 362], [5.287, 362], [5.322, 362], [5.356, 363], [5.380, 365], [5.444, 365], [5.509, 366], [5.579, 366], [5.629, 365], [5.698, 365], [5.751, 365], [5.795, 365], [5.870, 364], [5.904, 364], [5.918, 364], [5.969, 365], [6.054, 365], [6.097, 366], [6.141, 365], [6.190, 367], [6.234, 368], [6.271, 366], [6.278, 365], [6.282, 364], [6.284, 364], [6.286, 364], [6.287, 364], [6.289, 365], [6.298, 365], [6.304, 366], [6.318, 366], [6.322, 366], [6.331, 365], [6.366, 364], [6.385, 365], [6.412, 365], [6.461, 366], [6.505, 365], [6.535, 365], [6.588, 365], [6.646, 365], [6.713, 364], [6.752, 364], [6.797, 363], [6.816, 364], [6.835, 364], [6.908, 364], [6.975, 363], [7.015, 364], [7.030, 364], [7.047, 364], [7.067, 364], [7.080, 365], [7.091, 365], [7.121, 366], [7.137, 366], [7.156, 365], [7.219, 365], [7.266, 365], [7.288, 365], [7.299, 365], [7.353, 366], [7.410, 366], [7.449, 366], [7.479, 365], [7.548, 365], [7.584, 365], [7.663, 366], [7.711, 368], [7.757, 367], [7.830, 367], [7.867, 367], [7.883, 368], [7.901, 369], [7.923, 369], [7.977, 369], [8.012, 367], [8.055, 368], [8.109, 369], [8.139, 369], [8.166, 370], [8.189, 372], [8.216, 375], [8.228, 377], [8.253, 379], [8.266, 379], [8.331, 375], [8.356, 374], [8.438, 378], [8.494, 386], [8.582, 381], [8.687, 376], [8.760, 379], [8.827, 383], [8.962, 383], [9.040, 380], [9.056, 379], [9.099, 376], [9.141, 375], [9.150, 374], [9.155, 374], [9.165, 373], [9.172, 373], [9.182, 372], [9.183, 372], [9.192, 372], [9.200, 372], [9.221, 373], [9.242, 373], [9.275, 372], [9.294, 374], [9.314, 375], [9.324, 375], [9.340, 375], [9.385, 372], [9.412, 372], [9.421, 372], [9.434, 373], [9.446, 374], [9.555, 373], [9.568, 372], [9.680, 372], [9.687, 373], [9.721, 373], [9.748, 372], [9.789, 373], [9.873, 373], [9.888, 372], [9.908, 372], [9.913, 372], [9.917, 373], [9.920, 373], [9.925, 373], [9.938, 373], [9.941, 372], [9.946, 372], [9.953, 372], [9.955, 372], [9.972, 372], [9.987, 371], [9.992, 371], [9.997, 371], [10.003, 372], [10.019, 372], [10.034, 371], [10.051, 370], [10.059, 370], [10.101, 371], [10.113, 371], [10.136, 370], [10.153, 370], [10.169, 371], [10.189, 370], [10.208, 369], [10.228, 369], [10.286, 369], [10.397, 369], [10.481, 370], [10.540, 370], [10.603, 371], [10.628, 373], [10.671, 373], [10.688, 373], [10.703, 374], [10.716, 374], [10.743, 375], [10.760, 374], [10.819, 375], [10.834, 376], [10.858, 376], [10.937, 376], [10.960, 377], [11.010, 376], [11.022, 379], [11.031, 381], [11.035, 383], [11.037, 382], [11.048, 380], [11.053, 379], [11.064, 377], [11.074, 377], [11.091, 377], [11.115, 377], [11.127, 377], [11.147, 377], [11.164, 377], [11.194, 376], [11.207, 375], [11.211, 375], [11.224, 375], [11.228, 375], [11.242, 375], [11.245, 375], [11.258, 375], [11.263, 375], [11.266, 375], [11.270, 375], [11.272, 376], [11.277, 376], [11.287, 376], [11.297, 376], [11.303, 376], [11.307, 376], [11.312, 377], [11.323, 377], [11.324, 377], [11.330, 376], [11.336, 376], [11.339, 376], [11.343, 376], [11.352, 376], [11.359, 376], [11.364, 376], [11.374, 377], [11.385, 377], [11.388, 376], [11.418, 376], [11.426, 376], [11.432, 375], [11.445, 375], [11.449, 375], [11.475, 375], [11.482, 376], [11.519, 376], [11.525, 375], [11.527, 375], [11.530, 375], [11.566, 375], [11.579, 375], [11.589, 375], [11.611, 374], [11.615, 374], [11.619, 374], [11.626, 374], [11.656, 374], [11.671, 376], [11.683, 376], [11.706, 375], [11.727, 375], [11.735, 375], [11.740, 375], [11.755, 375], [11.770, 376], [11.778, 377], [11.792, 377], [11.798, 377], [11.825, 376], [11.844, 376], [11.848, 377], [11.865, 377], [11.871, 377], [11.876, 376], [11.887, 376], [11.894, 376], [11.911, 376], [11.920, 376], [11.944, 376], [11.962, 377], [11.968, 376], [11.973, 376], [11.977, 377], [11.999, 377], [12.022, 376], [12.027, 376], [12.039, 376], [12.059, 376], [12.079, 378], [12.112, 379], [12.139, 378], [12.145, 378], [12.165, 378], [12.206, 378], [12.212, 378], [12.235, 378], [12.237, 378], [12.262, 379], [12.269, 379], [12.283, 378], [12.323, 379], [12.324, 379], [12.341, 378], [12.361, 378], [12.367, 378], [12.382, 379], [12.396, 378], [12.455, 377], [12.475, 378], [12.483, 378], [12.503, 378], [12.522, 377], [12.537, 377], [12.571, 377], [12.607, 378], [12.630, 378], [12.635, 378], [12.638, 378], [12.639, 378], [12.687, 379], [12.743, 378], [12.759, 378], [12.764, 378], [12.786, 378], [12.809, 380], [12.869, 379], [12.914, 379], [12.926, 379], [12.947, 378], [12.955, 378], [12.960, 378], [12.968, 378], [12.975, 379], [12.992, 379], [13.014, 379], [13.026, 379], [13.033, 379], [13.071, 379], [13.083, 379], [13.088, 379], [13.102, 378], [13.108, 379], [13.122, 379], [13.132, 381], [13.137, 380], [13.147, 380], [13.157, 379], [13.174, 379], [13.193, 380], [13.222, 380], [13.237, 380], [13.285, 380], [13.292, 383], [13.314, 382], [13.338, 381], [13.345, 382], [13.376, 382], [13.394, 382], [13.421, 382], [13.440, 384], [13.460, 383], [13.476, 382], [13.498, 383], [13.507, 384], [13.522, 384], [13.527, 384], [13.536, 386], [13.554, 387], [13.578, 388], [13.591, 392], [13.602, 396], [13.610, 397], [13.625, 396], [13.636, 395], [13.643, 394], [13.657, 392], [13.668, 390], [13.678, 390], [13.688, 391], [13.697, 392], [13.703, 393], [13.716, 393], [13.726, 392], [13.737, 392], [13.745, 393], [13.753, 394], [13.761, 395], [13.769, 391], [13.803, 388], [13.838, 392], [13.896, 390], [13.922, 387], [14.044, 395], [14.106, 394], [14.131, 394], [14.193, 387], [14.282, 384], [14.296, 381], [14.379, 380], [14.448, 379], [14.451, 379], [14.526, 379], [14.604, 379], [14.742, 379], [14.796, 380], [14.838, 381], [14.906, 384], [14.947, 382], [14.995, 382], [15.003, 386], [15.030, 386], [15.052, 385], [15.089, 385], [15.129, 386], [15.225, 386], [15.240, 386], [15.245, 387], [15.256, 387], [15.275, 386], [15.332, 387], [15.400, 387], [15.466, 388], [15.479, 388], [15.518, 388], [15.545, 388], [15.573, 389], [15.586, 389], [15.615, 389], [15.656, 389], [15.681, 391], [15.716, 391], [15.731, 391], [15.761, 391], [15.804, 391], [15.831, 392], [15.838, 392], [15.899, 392], [15.932, 393], [15.982, 393], [16.023, 392], [16.081, 392], [16.111, 394], [16.192, 393], [16.213, 391], [16.294, 392], [16.302, 392], [16.308, 392], [16.318, 392], [16.336, 391], [16.372, 390], [16.395, 390], [16.425, 390], [16.440, 390], [16.484, 389], [16.502, 389], [16.564, 388], [16.595, 388], [16.683, 388], [16.720, 388], [16.731, 389], [16.796, 389], [16.835, 390], [16.858, 391], [16.879, 391], [16.904, 390], [16.949, 390], [16.966, 390], [16.978, 390], [16.995, 390], [17.003, 390], [17.013, 390], [17.017, 389], [17.019, 389], [17.021, 389], [17.028, 390], [17.031, 390], [17.035, 390], [17.043, 390], [17.050, 390], [17.057, 390], [17.080, 390], [17.095, 390], [17.102, 390], [17.109, 390], [17.134, 390], [17.152, 390], [17.174, 392], [17.192, 394], [17.236, 392], [17.262, 391], [17.283, 391], [17.316, 392], [17.329, 392], [17.354, 393], [17.371, 394], [17.384, 395], [17.403, 394], [17.426, 392], [17.465, 391], [17.598, 392], [17.605, 393], [17.619, 393], [17.667, 394], [17.673, 394], [17.705, 394], [17.745, 395], [17.749, 396], [17.757, 396], [17.762, 395], [17.799, 395], [17.834, 393], [17.842, 393], [17.848, 393], [17.858, 393], [17.865, 393], [17.870, 392], [17.877, 392], [17.882, 393], [17.902, 393], [17.921, 394], [17.970, 394], [18.002, 396], [18.041, 397], [18.080, 397], [18.119, 396], [18.145, 397], [18.268, 396], [18.340, 398], [18.477, 397], [18.483, 407], [18.618, 407], [18.738, 420], [18.822, 426], [18.879, 422], [18.991, 425], [19.046, 432], [19.095, 431], [19.142, 421], [19.178, 412], [19.289, 411], [19.378, 412], [19.397, 401], [19.431, 403], [19.459, 406], [19.565, 409], [19.625, 417], [19.672, 421], [19.847, 414], [19.860, 417], [19.874, 420], [19.986, 418], [20.056, 422], [20.097, 424], [20.144, 425], [20.163, 427], [20.188, 425], [20.210, 421], [20.230, 415], [20.267, 410], [20.278, 397], [20.281, 397], [20.287, 397], [20.320, 397], [20.351, 396], [20.585, 396], [20.586, 398], [20.592, 398], [20.599, 398], [20.671, 398], [20.685, 399], [20.712, 398], [20.738, 399], [20.813, 400], [20.939, 399], [20.990, 399], [21.040, 401], [21.091, 403], [21.104, 402], [21.131, 402], [21.203, 401], [21.222, 401], [21.246, 400], [21.297, 400], [21.332, 402], [21.337, 400], [21.342, 400], [21.350, 400], [21.353, 401], [21.355, 401], [21.357, 401], [21.362, 401], [21.365, 401], [21.372, 401], [21.381, 401], [21.386, 402], [21.391, 402], [21.396, 402], [21.403, 402], [21.575, 408], [21.630, 402], [21.634, 402], [21.638, 402], [21.642, 402], [21.687, 404], [21.693, 404], [21.728, 406], [21.803, 404], [21.828, 405], [21.855, 405], [21.860, 404], [21.869, 404], [21.904, 404], [21.912, 405], [21.949, 406], [21.989, 406], [22.019, 408], [22.049, 406], [22.081, 404], [22.082, 404], [22.084, 404], [22.087, 404], [22.088, 404], [22.090, 404], [22.109, 404], [22.113, 404], [22.117, 404], [22.140, 405], [22.169, 406], [22.174, 406], [22.177, 406], [22.182, 406], [22.185, 406], [22.187, 407], [22.191, 407], [22.194, 406], [22.201, 406], [22.206, 406], [22.209, 406], [22.216, 406], [22.220, 406], [22.223, 406], [22.233, 406], [22.240, 406], [22.277, 407], [22.282, 407], [22.286, 407], [22.298, 406], [22.309, 405], [22.318, 405], [22.325, 405], [22.334, 405], [22.338, 405], [22.343, 405], [22.349, 405], [22.357, 405], [22.365, 406], [22.375, 406], [22.392, 406], [22.405, 405], [22.413, 404], [22.423, 403], [22.434, 403], [22.446, 402], [22.461, 402], [22.469, 402], [22.487, 402], [22.505, 401], [22.529, 402], [22.556, 402], [22.577, 402], [22.590, 402], [22.601, 402], [22.619, 404], [22.640, 404], [22.658, 403], [22.668, 403], [22.685, 406], [22.707, 408], [22.729, 404], [22.837, 407], [22.878, 406], [22.953, 405], [22.961, 405], [23.011, 405], [23.061, 405], [23.102, 405], [23.134, 410], [23.168, 412], [23.202, 412], [23.236, 413], [23.300, 410], [23.328, 409], [23.363, 409], [23.413, 411], [23.452, 410], [23.478, 410], [23.499, 411], [23.525, 412], [23.543, 412], [23.559, 412], [23.584, 412], [23.600, 412], [23.620, 412], [23.634, 412], [23.648, 413], [23.679, 413], [23.703, 415], [23.717, 416], [23.743, 417], [23.771, 418], [23.798, 421], [23.831, 422], [23.861, 422], [23.891, 423], [23.922, 425], [23.950, 427], [23.984, 428], [24.105, 430], [24.176, 454], [24.244, 459], [24.294, 450], [24.321, 441], [24.338, 438], [24.351, 437], [24.376, 437], [24.397, 435], [24.406, 435], [24.440, 435], [24.468, 436], [24.494, 437], [24.536, 437], [24.586, 430], [24.602, 416], [24.613, 415], [24.618, 415], [24.643, 415], [24.655, 417], [24.693, 417], [24.754, 417], [24.759, 416], [24.766, 415], [24.773, 416], [24.807, 417], [24.812, 418], [24.817, 419], [24.826, 420], [24.832, 423], [24.842, 425], [24.854, 427], [24.882, 427], [24.974, 432], [25.002, 431], [25.015, 429], [25.057, 427], [25.090, 419], [25.102, 421], [25.139, 421], [25.149, 422], [25.158, 422], [25.334, 422], [25.446, 423], [25.549, 429], [25.592, 425], [25.605, 422], [25.624, 420], [25.652, 421], [25.674, 420], [25.708, 420], [25.728, 421], [25.759, 422], [25.799, 422], [25.844, 423], [25.925, 428], [25.953, 421], [25.981, 420], [25.999, 420], [26.017, 419], [26.029, 420], [26.056, 420], [26.067, 421], [26.093, 422], [26.143, 424], [26.214, 431], [26.281, 432], [26.289, 426], [26.308, 423], [26.330, 422], [26.345, 422], [26.378, 422], [26.382, 422], [26.414, 422], [26.458, 423], [26.468, 424], [26.474, 425], [26.486, 425], [26.539, 426], [26.552, 426], [26.580, 426], [26.610, 423], [26.641, 425], [26.674, 426], [26.701, 424], [26.757, 423], [26.797, 425], [26.860, 423], [26.928, 422], [26.968, 420], [26.972, 419], [26.987, 419], [27.068, 419], [27.094, 419], [27.149, 418], [27.174, 418], [27.185, 418], [27.226, 419], [27.262, 419], [27.291, 419], [27.356, 419], [27.544, 420], [27.587, 421], [27.625, 426], [27.659, 431], [27.704, 432], [27.744, 435], [27.785, 438], [27.820, 443], [27.862, 443], [27.898, 443], [28.020, 426], [28.102, 426], [28.130, 428], [28.156, 429], [28.162, 429], [28.175, 429], [28.190, 429], [28.229, 426], [28.253, 426], [28.290, 424], [28.352, 423], [28.428, 423], [28.492, 424], [28.572, 424], [28.596, 425], [28.646, 425], [28.784, 425], [28.883, 427], [28.888, 429], [28.895, 430], [28.978, 430], [29.067, 429], [29.186, 430], [29.237, 431], [29.265, 432], [29.270, 434], [29.276, 434], [29.281, 434], [29.294, 434], [29.317, 433], [29.323, 432], [29.352, 431], [29.366, 427], [29.383, 427], [29.392, 427], [29.402, 427], [29.410, 426], [29.416, 425], [29.422, 425], [29.435, 425], [29.455, 425], [29.477, 425], [29.499, 425], [29.570, 425], [29.574, 427], [29.590, 427], [29.596, 429], [29.604, 430], [29.619, 429], [29.645, 427], [29.670, 425], [29.689, 426], [29.701, 426], [29.736, 425], [29.763, 424], [29.790, 425], [29.825, 425], [29.841, 425], [29.886, 425], [29.901, 426], [29.910, 426], [29.939, 426], [29.957, 426], [29.968, 426], [29.972, 426], [29.986, 426], [29.992, 426], [30.001, 426], [30.006, 425], [30.020, 425], [30.034, 425], [30.047, 425], [30.051, 425], [30.057, 425], [30.062, 426], [30.070, 426], [30.078, 425], [30.083, 425], [30.087, 425], [30.089, 424], [30.092, 424], [30.095, 424], [30.098, 424], [30.099, 423], [30.102, 423], [30.105, 423], [30.106, 423], [30.109, 422], [30.115, 422], [30.121, 422], [30.155, 422], [30.173, 422], [30.183, 422], [30.220, 424], [30.264, 423], [30.283, 423], [30.304, 423], [30.338, 423], [30.403, 423], [30.451, 423], [30.455, 422], [30.490, 423], [30.511, 423], [30.571, 425], [30.606, 428], [30.610, 428], [30.626, 427], [30.703, 421], [30.711, 422], [30.744, 422], [30.747, 422], [30.753, 422], [30.759, 423], [30.767, 423], [30.777, 424], [30.799, 427], [30.841, 429], [30.884, 427], [30.915, 427], [30.971, 428], [30.991, 429], [31.001, 430], [31.019, 430], [31.025, 429], [31.035, 428], [31.119, 428], [31.153, 430], [31.176, 430], [31.189, 432], [31.225, 433], [31.241, 432], [31.289, 431], [31.349, 431], [31.362, 431], [31.399, 429], [31.412, 427], [31.570, 428], [31.644, 430], [31.681, 432], [31.739, 431], [31.806, 428], [31.856, 432], [31.884, 432], [31.919, 432], [31.938, 431], [31.985, 430], [32.010, 427], [32.021, 426], [32.050, 426], [32.061, 426], [32.078, 426], [32.089, 426], [32.155, 426], [32.164, 427], [32.183, 427], [32.249, 426], [32.264, 427], [32.280, 426], [32.290, 425], [32.334, 426], [32.370, 428], [32.384, 426], [32.417, 426], [32.437, 426], [32.464, 426], [32.475, 427], [32.493, 427], [32.514, 427], [32.553, 427], [32.572, 427], [32.584, 426], [32.592, 426], [32.607, 426], [32.613, 427], [32.640, 427], [32.672, 427], [32.704, 427], [32.733, 427], [32.752, 428], [32.763, 428], [32.785, 428], [32.795, 428], [32.809, 429], [32.817, 429], [32.825, 429], [32.838, 429], [32.919, 430], [32.925, 435], [32.929, 434], [32.937, 434], [32.951, 434], [32.958, 434], [32.966, 433], [32.969, 433], [32.980, 433], [32.991, 433], [33.007, 433], [33.016, 432], [33.019, 432], [33.033, 432], [33.049, 432], [33.058, 432], [33.064, 432], [33.139, 438], [33.184, 441], [33.257, 440], [33.309, 440], [33.349, 440], [33.391, 437], [33.430, 438], [33.480, 438], [33.513, 437], [33.559, 438], [33.599, 438], [33.637, 438], [33.686, 438], [33.741, 439], [33.844, 437], [33.928, 436], [33.985, 434], [33.998, 434], [34.004, 434], [34.039, 433], [34.078, 433], [34.100, 434], [34.119, 434], [34.127, 434], [34.162, 433], [34.170, 432], [34.281, 433], [34.367, 432], [34.492, 432], [34.581, 432], [34.615, 434], [34.683, 432], [34.730, 434], [34.741, 434], [34.757, 434], [34.762, 434], [34.786, 434], [34.811, 434], [34.827, 434], [34.841, 434], [34.880, 434], [34.893, 434], [34.900, 433], [34.963, 433], [34.999, 435], [35.053, 436], [35.157, 436], [35.201, 437], [35.271, 437], [35.323, 437], [35.361, 438], [35.403, 439], [35.414, 440], [35.423, 440], [35.441, 440], [35.462, 441], [35.472, 441], [35.486, 441], [35.504, 441], [35.527, 442], [35.541, 442], [35.558, 442], [35.574, 442], [35.586, 442], [35.595, 441], [35.604, 441], [35.619, 441], [35.631, 441], [35.642, 441], [35.653, 442], [35.668, 442], [35.673, 442], [35.691, 441], [35.711, 440], [35.729, 439], [35.740, 440], [35.751, 440], [35.759, 441], [35.770, 441], [35.774, 441], [35.786, 441], [35.801, 441], [35.825, 439], [35.870, 437], [35.878, 437], [35.890, 437], [35.955, 436], [36.068, 437], [36.092, 437], [36.184, 436], [36.360, 437], [36.454, 439], [36.559, 439], [36.604, 439], [36.605, 439], [36.653, 440], [36.716, 440], [36.756, 439], [36.828, 439], [36.969, 439], [37.111, 443], [37.267, 438], [37.581, 440], [37.814, 440], [38.008, 441], [38.053, 441], [38.147, 440], [38.174, 441], [38.185, 440], [38.191, 440], [38.201, 440], [38.219, 440], [38.227, 440], [38.235, 440], [38.252, 440], [38.268, 440], [38.312, 440], [38.349, 441], [38.388, 442], [38.424, 442], [38.464, 442], [38.473, 442], [38.479, 441], [38.553, 442], [38.668, 441], [38.782, 439], [38.865, 439], [38.935, 442], [38.942, 443], [38.966, 445], [38.988, 444], [39.022, 443], [39.078, 444], [39.156, 445], [39.268, 446], [39.279, 446], [39.297, 445], [39.336, 444], [39.349, 444], [39.358, 444], [39.366, 444], [39.373, 445], [39.379, 445], [39.391, 447], [39.425, 448], [39.457, 447], [39.496, 448], [39.520, 449], [39.594, 449], [39.624, 449], [39.671, 448], [39.702, 448], [39.787, 446], [39.856, 448], [40.079, 449], [40.140, 450], [40.159, 451], [40.165, 451], [40.180, 453], [40.191, 453], [40.196, 453], [40.200, 453], [40.204, 452], [40.219, 452], [40.238, 451], [40.282, 450], [40.315, 447], [40.372, 446], [40.420, 444], [40.463, 446], [40.508, 445], [40.544, 449], [40.578, 446], [40.620, 446], [40.669, 445], [40.710, 445], [40.721, 446], [40.899, 444], [40.968, 445], [41.023, 445], [41.124, 445], [41.439, 448], [41.490, 447], [41.571, 446], [41.631, 448], [41.677, 448], [41.707, 450], [41.736, 450], [41.761, 450], [41.780, 449], [41.792, 448], [41.818, 448], [41.840, 450], [41.857, 449], [41.872, 449], [41.887, 448], [41.911, 446], [41.935, 445], [42.016, 445], [42.029, 442], [42.039, 445], [42.056, 446], [42.090, 446], [42.140, 446], [42.147, 444], [42.155, 444], [42.165, 444], [42.178, 445], [42.190, 446], [42.194, 446], [42.198, 447], [42.202, 447], [42.208, 447], [42.212, 447], [42.217, 447], [42.221, 447], [42.226, 447], [42.241, 446], [42.254, 447], [42.268, 446], [42.333, 446], [42.348, 449], [42.373, 449], [42.385, 449], [42.419, 450], [42.440, 450], [42.450, 448], [42.467, 447], [42.488, 448], [42.511, 448], [42.549, 448], [42.578, 448], [42.684, 448], [42.709, 447], [42.725, 447], [42.741, 447], [42.766, 447], [42.787, 447], [42.803, 448], [42.819, 448], [42.829, 448], [42.843, 449], [42.864, 449], [42.878, 449], [42.908, 449], [42.930, 449], [42.951, 449], [42.969, 450], [42.983, 450], [43.003, 450], [43.023, 450], [43.055, 450], [43.094, 450], [43.133, 450], [43.169, 450], [43.195, 452], [43.223, 453], [43.332, 453], [43.360, 456], [43.457, 457], [43.509, 462], [43.540, 461], [43.580, 458], [43.602, 458], [43.644, 458], [43.666, 459], [43.679, 457], [43.688, 456], [43.700, 456], [43.706, 456], [43.723, 456], [43.735, 455], [43.743, 455], [43.754, 455], [43.761, 455], [43.768, 454], [43.774, 454], [43.792, 454], [43.796, 453], [43.828, 452], [43.839, 453], [43.848, 453], [43.858, 454], [43.878, 454], [43.893, 454], [43.916, 454], [43.934, 453], [43.941, 453], [43.955, 454], [43.967, 454], [43.997, 455], [44.008, 455], [44.042, 460], [44.083, 461], [44.114, 461], [44.144, 460], [44.153, 462], [44.192, 462], [44.237, 462], [44.283, 462], [44.518, 460], [44.536, 452], [44.549, 452], [44.560, 452], [44.570, 452], [44.579, 452], [44.586, 451], [44.613, 453], [44.646, 454], [44.666, 454], [44.739, 455], [44.780, 455], [44.788, 455], [44.793, 455], [44.819, 457], [44.825, 457], [44.830, 457], [44.840, 457], [44.846, 457], [44.853, 456], [44.873, 456], [44.896, 457], [45.166, 457], [45.206, 459], [45.276, 460], [45.354, 460], [45.429, 460], [45.537, 460], [45.600, 459], [45.634, 457], [45.656, 456], [45.672, 458], [45.693, 460], [45.734, 462], [45.801, 466], [45.903, 469], [45.982, 468], [46.006, 470], [46.031, 467], [46.062, 467], [46.162, 464], [46.182, 466], [46.208, 466], [46.254, 465], [46.319, 462], [46.360, 461], [46.400, 458], [46.525, 458], [46.709, 458], [46.716, 459], [46.721, 459], [46.727, 459], [46.733, 459], [46.749, 463], [46.759, 463], [46.768, 465], [46.790, 465], [46.868, 465], [46.923, 467], [46.947, 467], [46.955, 468], [46.963, 468], [46.972, 469], [47.102, 467], [47.103, 454], [47.107, 454], [47.110, 455], [47.137, 455], [47.141, 454], [47.145, 454], [47.199, 454], [47.220, 452], [47.237, 452], [47.272, 453], [47.280, 455], [47.334, 455], [47.345, 454], [47.357, 453], [47.378, 452], [47.399, 452], [47.414, 452], [47.419, 452], [47.424, 452], [47.436, 452], [47.445, 452], [47.456, 452], [47.464, 452], [47.473, 452], [47.496, 452], [47.514, 452], [47.532, 452], [47.546, 452], [47.558, 452], [47.564, 452], [47.696, 453], [47.702, 454], [47.748, 454], [47.753, 455], [47.895, 455], [47.919, 455], [47.923, 457], [47.927, 457], [47.931, 457], [47.945, 458], [47.957, 459], [47.967, 460], [47.975, 459], [47.983, 459], [47.993, 459], [48.001, 460], [48.012, 461], [48.034, 461], [48.040, 459], [48.049, 459], [48.056, 459], [48.068, 459], [48.081, 459], [48.119, 459], [48.228, 458], [48.288, 460], [48.304, 461], [48.315, 461], [48.327, 461], [48.341, 462], [48.366, 460], [48.376, 458], [48.385, 458], [48.394, 458], [48.404, 458], [48.443, 458], [48.468, 458], [48.479, 458], [48.495, 458], [48.523, 457], [48.556, 458], [48.593, 458], [48.652, 458], [48.720, 457], [48.793, 455], [48.800, 456], [48.806, 456], [48.846, 456], [48.883, 455], [48.897, 456], [48.936, 456], [48.976, 456], [48.996, 457], [49.008, 457], [49.015, 457], [49.025, 457], [49.045, 458], [49.107, 458], [49.179, 464], [49.239, 465], [49.253, 466], [49.272, 469], [49.295, 471], [49.317, 466], [49.354, 466], [49.373, 468], [49.399, 467], [49.487, 469], [49.523, 471], [49.542, 476], [49.567, 477], [49.575, 475], [49.584, 473], [49.591, 472], [49.599, 472], [49.609, 473], [49.618, 474], [49.629, 473], [49.646, 473], [49.660, 473], [49.683, 472], [49.742, 470], [49.781, 471], [49.806, 472], [49.844, 472], [50.015, 473], [50.037, 470], [50.087, 470], [50.131, 474], [50.240, 472], [50.297, 473], [50.419, 473], [50.433, 477], [50.452, 479], [50.481, 478], [50.494, 475], [50.506, 473], [50.529, 475], [50.622, 478], [50.644, 475], [50.657, 477], [50.678, 478], [50.699, 478], [50.719, 483], [50.740, 484], [50.761, 484], [50.780, 488], [50.799, 492], [50.835, 495], [50.852, 498], [50.901, 499], [51.002, 504], [51.034, 475], [51.054, 475], [51.141, 475], [51.171, 473], [51.198, 474], [51.208, 474], [51.221, 475], [51.241, 475], [51.267, 477], [51.337, 478], [51.428, 476], [51.439, 475], [51.445, 474], [51.448, 474], [51.451, 474], [51.454, 473], [51.457, 473], [51.459, 472], [51.462, 472], [51.466, 472], [51.468, 471], [51.472, 471], [51.475, 470], [51.478, 470], [51.483, 470], [51.487, 470], [51.491, 470], [51.498, 469], [51.507, 469], [51.524, 469], [51.603, 470], [51.731, 469], [51.793, 470], [51.798, 469], [51.818, 469], [51.874, 469], [51.975, 469], [52.144, 470], [52.161, 475], [52.179, 477], [52.203, 477], [52.231, 475], [52.249, 471], [52.310, 470], [52.360, 471], [52.386, 471], [52.420, 474], [52.508, 480], [52.532, 486], [52.555, 488], [52.578, 488], [52.601, 486], [52.630, 485], [52.646, 482], [52.670, 483], [52.696, 481], [52.720, 479], [52.741, 475], [52.766, 473], [52.777, 473], [52.792, 473], [52.812, 473], [52.825, 471], [52.847, 473], [52.864, 472], [52.907, 471], [52.950, 472], [52.953, 470], [52.990, 470], [53.020, 471], [53.125, 471], [53.161, 471], [53.194, 470], [53.214, 469], [53.229, 470], [53.245, 470], [53.279, 470], [53.293, 470], [53.301, 469], [53.310, 469], [53.324, 469], [53.338, 469], [53.355, 469], [53.363, 469], [53.369, 469], [53.378, 469], [53.389, 469], [53.445, 468], [53.477, 468], [53.501, 469], [53.511, 469], [53.515, 469], [53.525, 469], [53.544, 470], [53.869, 469], [53.962, 469], [54.003, 470], [54.032, 470], [54.056, 469], [54.080, 469], [54.108, 469], [54.130, 470], [54.153, 470], [54.176, 471], [54.200, 473], [54.265, 476], [54.303, 475], [54.311, 475], [54.318, 475], [54.337, 477], [54.342, 477], [54.348, 478], [54.363, 481], [54.376, 481], [54.393, 483], [54.465, 482], [54.500, 477], [54.524, 476], [54.551, 476], [54.595, 476], [54.629, 476], [54.666, 477], [54.693, 477], [54.712, 477], [54.734, 476], [54.757, 477], [54.774, 477], [54.789, 477], [54.800, 477], [54.807, 478], [54.834, 478], [54.852, 479], [54.869, 479], [54.920, 478], [54.931, 474], [54.941, 473], [54.957, 473], [54.972, 473], [54.984, 473], [54.994, 472], [55.004, 471], [55.013, 471], [55.058, 471], [55.066, 472], [55.081, 472], [55.185, 472], [55.204, 473], [55.220, 472], [55.233, 472], [55.249, 472], [55.277, 472], [55.289, 472], [55.298, 472], [55.339, 472], [55.356, 473], [55.396, 473], [55.409, 473], [55.419, 473], [55.426, 474], [55.439, 474], [55.458, 475], [55.469, 476], [55.474, 476], [55.489, 475], [55.527, 475], [55.541, 473], [55.552, 473], [55.560, 474], [55.574, 474], [55.595, 475], [55.631, 476], [55.643, 476], [55.656, 476], [55.669, 476], [55.679, 477], [55.692, 477], [55.724, 477], [55.727, 477], [55.731, 477], [55.737, 477], [55.747, 477], [55.764, 478], [55.782, 478], [55.828, 477], [55.847, 475], [55.871, 476], [55.888, 479], [55.907, 481], [55.923, 479], [55.934, 477], [55.946, 477], [55.956, 477], [55.969, 478], [55.985, 479], [55.989, 480], [55.994, 480], [56.005, 480], [56.023, 480], [56.044, 480], [56.054, 480], [56.062, 480], [56.071, 479], [56.083, 479], [56.127, 479], [56.150, 479], [56.166, 480], [56.175, 480], [56.185, 480], [56.200, 480], [56.240, 480], [56.278, 480], [56.303, 480], [56.336, 480], [56.351, 479], [56.383, 478], [56.410, 478], [56.423, 479], [56.475, 480], [56.518, 478], [56.546, 480], [56.576, 482], [56.600, 493], [56.620, 487], [56.627, 484], [56.636, 484], [56.645, 484], [56.654, 483], [56.663, 482], [56.670, 482], [56.675, 481], [56.683, 481], [56.703, 481], [56.716, 479], [56.728, 478], [56.743, 478], [56.770, 477], [56.819, 477], [56.823, 475], [56.827, 475], [56.832, 475], [56.835, 476], [56.843, 477], [56.850, 478], [56.919, 479], [56.943, 480], [56.967, 480], [56.972, 480], [56.993, 480], [57.016, 479], [57.030, 480], [57.042, 479], [57.046, 479], [57.051, 479], [57.059, 479], [57.067, 479], [57.076, 479], [57.084, 478], [57.144, 477], [57.159, 477], [57.168, 477], [57.184, 477], [57.199, 479], [57.228, 481], [57.231, 483], [57.234, 483], [57.241, 483], [57.248, 485], [57.261, 485], [57.270, 486], [57.274, 487], [57.278, 487], [57.284, 487], [57.291, 487], [57.295, 487], [57.298, 487], [57.335, 487], [57.351, 488], [57.367, 489], [57.391, 489], [57.409, 489], [57.416, 489], [57.423, 490], [57.426, 490], [57.435, 490], [57.451, 489], [57.453, 489], [57.456, 489], [57.458, 489], [57.461, 489], [57.489, 489], [57.492, 485], [57.494, 484], [57.497, 484], [57.511, 483], [57.514, 483], [57.518, 483], [57.522, 483], [57.527, 483], [57.543, 482], [57.545, 482], [57.546, 482], [57.561, 482], [57.572, 482], [57.588, 483], [57.605, 484], [57.626, 485], [57.641, 487], [57.662, 489], [57.714, 492], [57.763, 493], [57.797, 495], [57.815, 496], [57.885, 495], [57.901, 497], [57.934, 498], [57.945, 497], [57.950, 497], [57.954, 497], [57.970, 497], [58.002, 497], [58.057, 497], [58.070, 497], [58.098, 497], [58.157, 499], [58.214, 500], [58.279, 501], [58.320, 500], [58.362, 502], [58.390, 503], [58.400, 503], [58.421, 507], [58.449, 506], [58.460, 505], [58.470, 505], [58.513, 503], [58.529, 503], [58.566, 503], [58.604, 504], [58.627, 504], [58.664, 504], [58.684, 504], [58.751, 505], [58.811, 508], [58.824, 507], [58.827, 507], [58.835, 506], [58.841, 506], [58.854, 506], [58.884, 506], [58.913, 505], [58.961, 506], [58.985, 505], [59.065, 504], [59.128, 504], [59.164, 505], [59.215, 500], [59.220, 499], [59.251, 499], [59.298, 499], [59.309, 497], [59.380, 497], [59.396, 496], [59.426, 496], [59.447, 496], [59.458, 496], [59.469, 495], [59.503, 493], [59.577, 494], [59.663, 494], [59.772, 491], [59.780, 491], [59.784, 491], [59.784, 491], [59.793, 491], [59.818, 491], [59.902, 491], [59.921, 492], [59.934, 492], [59.986, 492], [60.029, 494], [60.035, 495], [60.045, 495], [60.157, 493], [60.237, 494], [60.289, 495], [60.364, 496], [60.403, 495], [60.511, 494], [60.558, 494], [60.566, 494], [60.571, 495], [60.575, 495], [60.607, 494], [60.757, 494], [60.843, 496], [60.911, 502], [60.966, 506], [61.041, 507], [61.140, 505], [61.148, 505], [61.162, 505], [61.189, 504], [61.229, 504], [61.238, 505], [61.243, 505], [61.260, 504], [61.289, 502], [61.308, 502], [61.317, 503], [61.321, 503], [61.332, 502], [61.348, 502], [61.360, 501], [61.366, 500], [61.372, 500], [61.381, 500], [61.387, 499], [61.395, 499], [61.426, 499], [61.432, 500], [61.435, 500], [61.444, 501], [61.463, 502], [61.482, 504], [61.544, 503], [61.554, 503], [61.558, 503], [61.562, 503], [61.578, 504], [61.603, 504], [61.612, 505], [61.626, 505], [61.646, 503], [61.674, 504], [61.693, 504], [61.709, 504], [61.719, 504], [61.722, 505], [61.728, 505], [61.742, 506], [61.754, 506], [61.760, 506], [61.763, 506], [61.767, 505], [61.816, 505], [61.820, 502], [61.842, 502], [61.885, 499], [61.889, 500], [61.897, 500], [61.928, 500], [61.934, 501], [61.937, 502], [61.952, 502], [61.958, 502], [61.975, 502], [61.976, 502], [62.030, 504], [62.068, 503], [62.075, 503], [62.080, 502], [62.105, 499], [62.113, 499], [62.134, 499], [62.146, 499], [62.160, 500], [62.189, 503], [62.249, 504], [62.291, 503], [62.302, 504], [62.312, 504], [62.319, 503], [62.361, 500], [62.382, 501], [62.398, 501], [62.436, 500], [62.454, 500], [62.469, 500], [62.481, 500], [62.561, 499], [62.604, 501], [62.607, 501], [62.610, 501], [62.629, 500], [62.633, 499], [62.638, 499], [62.642, 499], [62.657, 500], [62.670, 500], [62.677, 500], [62.693, 500], [62.699, 501], [62.713, 501], [62.738, 501], [62.784, 500], [62.805, 500], [62.834, 499], [62.839, 500], [62.845, 501], [62.853, 501], [62.870, 501], [62.881, 502], [62.892, 502], [62.906, 501], [62.916, 501], [62.926, 501], [62.937, 501], [62.965, 501], [62.982, 499], [63.020, 500], [63.042, 500], [63.080, 501], [63.178, 501], [63.227, 501], [63.230, 501], [63.242, 502], [63.251, 502], [63.254, 502], [63.265, 502], [63.276, 503], [63.289, 503], [63.294, 503], [63.299, 503], [63.335, 503], [63.375, 504], [63.413, 507], [63.434, 507], [63.439, 505], [63.449, 506], [63.457, 506], [63.499, 506], [63.574, 507], [63.630, 506], [63.700, 507], [63.745, 509], [63.771, 510], [63.798, 508], [63.814, 508], [63.823, 508], [63.832, 508], [63.842, 510], [63.907, 508], [63.928, 508], [63.945, 507], [63.949, 507], [63.952, 508], [64.291, 508], [64.330, 514], [64.374, 514], [64.407, 517], [64.420, 517], [64.427, 517], [64.454, 518], [64.483, 521], [64.559, 520], [64.639, 519], [64.720, 517], [64.765, 515], [64.786, 514], [64.792, 513], [64.807, 513], [64.830, 513], [64.848, 513], [64.860, 511], [64.904, 510], [64.992, 512], [65.061, 514], [65.077, 514], [65.089, 514], [65.105, 514], [65.111, 516], [65.147, 516], [65.164, 517], [65.169, 517], [65.172, 517], [65.179, 517], [65.183, 517], [65.189, 517], [65.194, 517], [65.197, 517], [65.200, 517], [65.201, 517], [65.202, 517], [65.204, 517], [65.214, 516], [65.220, 516], [65.224, 516], [65.233, 517], [65.236, 517], [65.238, 517], [65.250, 517], [65.254, 517], [65.257, 517], [65.269, 517], [65.275, 517], [65.280, 518], [65.295, 518], [65.307, 518], [65.326, 517], [65.329, 517], [65.331, 517], [65.338, 517], [65.341, 517], [65.347, 516], [65.352, 516], [65.405, 515], [65.431, 516], [65.493, 514], [65.557, 514], [65.650, 512], [65.656, 512], [65.666, 512], [65.682, 513], [65.692, 513], [65.705, 513], [65.718, 513], [65.734, 514], [65.765, 514], [65.798, 515], [65.810, 514], [65.816, 514], [65.860, 512], [65.899, 513], [65.903, 514], [65.966, 515], [65.991, 514], [66.013, 515], [66.033, 516], [66.047, 517], [66.064, 518], [66.095, 519], [66.144, 518], [66.159, 517], [66.189, 518], [66.200, 518], [66.213, 518], [66.228, 517], [66.271, 517], [66.294, 515], [66.333, 515], [66.343, 515], [66.365, 516], [66.430, 519], [66.444, 519], [66.473, 517], [66.484, 517], [66.495, 517], [66.505, 518], [66.514, 518], [66.537, 519], [66.549, 519], [66.555, 520], [66.562, 520], [66.578, 520], [66.590, 519], [66.600, 519], [66.619, 518], [66.636, 519], [66.641, 519], [66.675, 519], [66.708, 521], [66.730, 521], [66.744, 519], [66.753, 519], [66.762, 518], [66.784, 518], [66.851, 517], [66.865, 515], [66.869, 515], [66.880, 515], [66.896, 516], [66.913, 517], [66.929, 517], [66.966, 517], [67.045, 517], [67.074, 517], [67.093, 517], [67.128, 518], [67.141, 519], [67.207, 518], [67.223, 517], [67.418, 517], [67.445, 517], [67.490, 517], [67.532, 519], [67.537, 520], [67.557, 520], [67.568, 521], [67.582, 521], [67.633, 522], [67.641, 523], [67.648, 522], [67.654, 522], [67.663, 522], [67.672, 523], [67.677, 523], [67.685, 524], [67.695, 524], [67.701, 524], [67.706, 523], [67.713, 523], [67.718, 523], [67.722, 523], [67.727, 523], [67.735, 523], [67.739, 523], [67.746, 524], [67.754, 524], [67.787, 524], [67.797, 523], [67.824, 524], [67.884, 525], [67.889, 525], [68.014, 525], [68.027, 525], [68.045, 523], [68.061, 521], [68.102, 522], [68.121, 524], [68.122, 524], [68.131, 525], [68.143, 525], [68.153, 525], [68.163, 525], [68.167, 525], [68.181, 525], [68.190, 525], [68.199, 525], [68.212, 525], [68.234, 526], [68.260, 526], [68.268, 526], [68.282, 526], [68.302, 526], [68.329, 526], [68.333, 526], [68.349, 526], [68.370, 526], [68.386, 527], [68.406, 528], [68.419, 528], [68.430, 528], [68.450, 527], [68.490, 528], [68.522, 527], [68.553, 526], [68.587, 527], [68.637, 525], [68.676, 526], [68.707, 527], [68.712, 527], [68.722, 526], [68.744, 526], [68.765, 527], [68.785, 527], [68.799, 527], [68.814, 527], [68.821, 526], [68.850, 527], [68.880, 527], [68.905, 527], [68.953, 527], [68.977, 527], [68.996, 528], [69.006, 528], [69.015, 528], [69.027, 528], [69.054, 528], [69.078, 528], [69.103, 528], [69.131, 528], [69.164, 528], [69.182, 528], [69.198, 529], [69.233, 529], [69.250, 529], [69.270, 529], [69.292, 529], [69.326, 529], [69.395, 530], [69.496, 530], [69.503, 530], [69.505, 530], [69.516, 530], [69.539, 532], [69.563, 533], [69.626, 531], [69.700, 530], [69.709, 531], [69.714, 531], [69.722, 531], [69.728, 531], [69.735, 531], [69.739, 531], [69.745, 531], [69.752, 531], [69.758, 531], [69.765, 531], [69.772, 531], [69.774, 532], [69.786, 531], [69.869, 532], [69.915, 531], [69.958, 530], [69.995, 531], [70.073, 533], [70.076, 533], [70.078, 533], [70.080, 532], [70.085, 532], [70.090, 532], [70.092, 532], [70.096, 532], [70.099, 532], [70.151, 532], [70.171, 534], [70.223, 532], [70.233, 533], [70.236, 533], [70.263, 533], [70.270, 533], [70.286, 533], [70.321, 533], [70.341, 534], [70.347, 534], [70.368, 535], [70.384, 536], [70.395, 535], [70.426, 535], [70.430, 536], [70.434, 536], [70.437, 536], [70.444, 536], [70.450, 535], [70.464, 535], [70.470, 535], [70.489, 535], [70.539, 535], [70.575, 534], [70.620, 534], [70.652, 535], [70.681, 534], [70.739, 534], [70.783, 536], [70.814, 536], [70.820, 535], [70.904, 535], [70.932, 537], [70.980, 538], [70.989, 538], [71.034, 537], [71.061, 538], [71.074, 537], [71.078, 537], [71.263, 535], [71.575, 534], [72.064, 538], [72.147, 537], [72.189, 538], [72.243, 538], [72.250, 538], [72.256, 539], [72.322, 540], [72.385, 541], [72.520, 543], [72.531, 543], [72.543, 543], [72.557, 544], [72.565, 544], [72.573, 544], [72.582, 544], [72.648, 546], [72.649, 546], [72.670, 547], [72.713, 550], [72.726, 550], [72.745, 549], [72.760, 549], [72.811, 549], [72.846, 549], [72.892, 548], [72.898, 548], [72.940, 545], [72.949, 544], [72.981, 543], [72.991, 542], [72.995, 542], [72.999, 541], [73.012, 541], [73.031, 541], [73.073, 540], [73.109, 540], [73.122, 541], [73.148, 542], [73.154, 542], [73.183, 541], [73.233, 541], [73.269, 541], [73.381, 541], [73.444, 542], [73.512, 543], [73.584, 544], [73.609, 543], [73.618, 543], [73.629, 543], [73.641, 543], [73.716, 542], [73.776, 542], [73.856, 542], [73.927, 542], [73.961, 542], [74.008, 542], [74.059, 542], [74.098, 543], [74.142, 544], [74.222, 545], [74.258, 546], [74.265, 546], [74.282, 546], [74.285, 546], [74.293, 545], [74.334, 543], [74.364, 543], [74.373, 544], [74.402, 544], [74.432, 544], [74.441, 545], [74.459, 545], [74.468, 546], [74.477, 546], [74.503, 547], [74.537, 546], [74.571, 546], [74.599, 546], [74.626, 546], [74.638, 545], [74.648, 545], [74.660, 545], [74.671, 545], [74.679, 545], [74.747, 546], [74.781, 546], [74.818, 549], [74.865, 547], [74.869, 547], [74.882, 547], [74.887, 547], [74.895, 547], [74.906, 547], [74.987, 548], [75.019, 549], [75.051, 550], [75.058, 550], [75.067, 550], [75.100, 549], [75.126, 550], [75.155, 551], [75.178, 551], [75.210, 550], [75.259, 550], [75.279, 550], [75.307, 550], [75.329, 549], [75.347, 549], [75.372, 548], [75.397, 548], [75.417, 548], [75.438, 549], [75.471, 551], [75.572, 555], [75.654, 555], [75.706, 553], [75.757, 553], [75.845, 553], [75.872, 551], [75.913, 551], [75.956, 552], [75.999, 552], [76.022, 551], [76.115, 550], [76.144, 551], [76.165, 554], [76.194, 556], [76.302, 553], [76.330, 553], [76.361, 553], [76.390, 552], [76.456, 554], [76.494, 554], [76.529, 554], [76.551, 555], [76.564, 556], [76.574, 557], [76.604, 557], [76.673, 557], [76.682, 557], [76.729, 557], [76.837, 559], [76.851, 560], [76.877, 560], [76.890, 561], [76.984, 560], [77.004, 559], [77.020, 560], [77.055, 564], [77.119, 562], [77.258, 565], [77.303, 563], [77.337, 564], [77.345, 565], [77.352, 564], [77.360, 564], [77.371, 562], [77.394, 561], [77.400, 562], [77.405, 562], [77.429, 563], [77.467, 566], [77.486, 566], [77.507, 567], [77.542, 567], [77.630, 566], [77.633, 566], [77.675, 568], [77.706, 568], [77.714, 568], [77.743, 569], [77.772, 570], [77.795, 570], [77.822, 569], [77.851, 569], [77.882, 568], [77.890, 568], [77.904, 568], [77.929, 567], [77.940, 565], [77.956, 565], [77.974, 567], [77.987, 568], [78.001, 567], [78.004, 567], [78.022, 566], [78.027, 567], [78.064, 568], [78.096, 567], [78.112, 567], [78.140, 565], [78.180, 563], [78.205, 564], [78.234, 565], [78.275, 565], [78.317, 564], [78.356, 564], [78.392, 563], [78.507, 566], [78.588, 565], [78.642, 564], [78.658, 565], [78.675, 565], [78.683, 565], [78.703, 565], [78.759, 564], [78.879, 564], [78.969, 566], [79.024, 567], [79.090, 566], [79.141, 568], [79.173, 568], [79.195, 569], [79.247, 571], [79.249, 571], [79.286, 573], [79.317, 574], [79.325, 575], [79.331, 575], [79.358, 574], [79.390, 575], [79.402, 576], [79.437, 577], [79.518, 575], [79.530, 574], [79.571, 571], [79.618, 570], [79.685, 569], [79.809, 569], [79.888, 568], [79.967, 570], [80.006, 569], [80.013, 568], [80.019, 568], [80.025, 568], [80.039, 568], [80.068, 568], [80.090, 568], [80.118, 569], [80.142, 569], [80.178, 569], [80.220, 569], [80.244, 567], [80.277, 568], [80.290, 569], [80.325, 568], [80.362, 570], [80.393, 571], [80.439, 571], [80.475, 571], [80.506, 570], [80.558, 570], [80.580, 570], [80.597, 570], [80.622, 570], [80.650, 570], [80.664, 570], [80.679, 570], [80.687, 570], [80.693, 570], [80.698, 571], [80.704, 571], [80.781, 571], [80.785, 572], [80.803, 572], [80.808, 575], [80.811, 576], [80.815, 577], [80.820, 577], [80.848, 577], [80.878, 577], [80.901, 578], [80.919, 579], [80.925, 579], [80.929, 578], [80.973, 577], [80.979, 572], [80.981, 572], [80.983, 572], [80.985, 572], [80.988, 572], [81.037, 572], [81.094, 577], [81.155, 575], [81.208, 576], [81.230, 580], [81.268, 578], [81.319, 576], [81.350, 574], [81.405, 575], [81.509, 575], [81.544, 575], [81.551, 574], [81.559, 574], [81.569, 573], [81.579, 573], [81.601, 574], [81.607, 576], [81.614, 576], [81.684, 576], [81.709, 575], [81.724, 573], [81.747, 573], [81.763, 574], [81.807, 574], [81.913, 576], [81.941, 577], [81.979, 578], [82.005, 578], [82.029, 581], [82.059, 581], [82.095, 578], [82.151, 578], [82.211, 579], [82.259, 581], [82.288, 581], [82.331, 581], [82.357, 579], [82.378, 581], [82.415, 581], [82.420, 580], [82.428, 580], [82.441, 580], [82.453, 579], [82.501, 580], [82.510, 581], [82.525, 581], [82.536, 582], [82.549, 582], [82.562, 581], [82.568, 581], [82.587, 581], [82.641, 582], [82.660, 584], [82.680, 583], [82.732, 584], [82.761, 584], [82.800, 585], [82.826, 584], [82.854, 586], [82.900, 586], [82.928, 586], [82.942, 585], [82.973, 584], [82.978, 584], [83.000, 584], [83.042, 583], [83.062, 582], [83.093, 582], [83.108, 583], [83.123, 583], [83.165, 582], [83.205, 583], [83.221, 584], [83.230, 585], [83.244, 585], [83.280, 584], [83.317, 583], [83.361, 583], [83.366, 585], [83.391, 585], [83.452, 585], [83.459, 582], [83.474, 583], [83.498, 583], [83.536, 584], [83.555, 584], [83.594, 584], [83.615, 585], [83.627, 584], [83.650, 584], [83.671, 584], [83.681, 583], [83.704, 582], [83.712, 581], [83.814, 581], [83.868, 582], [83.871, 582], [83.885, 582], [83.898, 583], [83.913, 583], [83.926, 583], [83.963, 584], [84.008, 582], [84.052, 583], [84.141, 583], [84.149, 583], [84.276, 585], [84.532, 587], [84.538, 587], [84.542, 587], [84.574, 588], [84.595, 587], [84.635, 588], [84.689, 589], [84.692, 589], [84.701, 589], [84.706, 589], [84.738, 589], [84.761, 588], [84.769, 588], [84.772, 588], [84.781, 588], [84.793, 587], [84.802, 587], [84.809, 587], [84.813, 587], [84.816, 587], [84.818, 587], [84.821, 587], [84.823, 588], [84.826, 588], [84.828, 588], [84.831, 588], [84.833, 589], [84.836, 589], [84.837, 589], [84.839, 589], [84.844, 590], [84.848, 590], [84.858, 590], [84.866, 590], [84.873, 589], [84.895, 589], [84.901, 590], [84.921, 590], [84.942, 590], [84.962, 590], [84.980, 590], [84.997, 590], [85.014, 590], [85.032, 590], [85.049, 590], [85.067, 589], [85.211, 592], [85.217, 592], [85.258, 592], [85.275, 592], [85.290, 592], [85.303, 593], [85.329, 595], [85.345, 596], [85.373, 597], [85.406, 598], [85.456, 598], [85.512, 603], [85.644, 609], [85.698, 605], [85.759, 605], [85.810, 605], [85.885, 604], [85.971, 604], [86.007, 605], [86.013, 605], [86.022, 605], [86.027, 605], [86.032, 605], [86.036, 604], [86.043, 604], [86.047, 604], [86.052, 605], [86.057, 605], [86.067, 605], [86.072, 605], [86.077, 605], [86.149, 606], [86.224, 607], [86.329, 609], [86.394, 611], [86.562, 614], [86.632, 614], [86.694, 613], [86.745, 614], [86.793, 615], [86.802, 616], [86.806, 616], [86.812, 616], [86.830, 616], [86.880, 616], [86.885, 616], [86.897, 617], [86.905, 616], [86.921, 615], [86.952, 613], [86.994, 612], [87.032, 612], [87.039, 611], [87.045, 611], [87.068, 610], [87.093, 610], [87.116, 611], [87.156, 611], [87.190, 613], [87.279, 609], [87.407, 611], [87.755, 613], [87.807, 612], [87.821, 613], [87.839, 612], [87.862, 611], [87.868, 611], [87.902, 612], [87.928, 612], [87.982, 614], [87.990, 614], [88.076, 613], [88.101, 613], [88.106, 612], [88.155, 611], [88.173, 612], [88.181, 612], [88.223, 611], [88.233, 611], [88.247, 611], [88.271, 611], [88.316, 610], [88.353, 610], [88.422, 608], [88.448, 605], [88.456, 605], [88.476, 605], [88.495, 605], [88.517, 605], [88.532, 606], [88.569, 605], [88.575, 605], [88.657, 606], [88.809, 610], [88.844, 609], [88.890, 608], [88.917, 608], [88.930, 608], [88.953, 608], [88.959, 608], [88.998, 608], [89.072, 607], [89.090, 607], [89.141, 607], [89.146, 608], [89.158, 609], [89.161, 609], [89.164, 609], [89.171, 609], [89.213, 609], [89.227, 610], [89.240, 609], [89.253, 609], [89.262, 609], [89.316, 609], [89.333, 610], [89.400, 612], [89.431, 611], [89.433, 610], [89.455, 610], [89.472, 609], [89.485, 610], [89.509, 609], [89.553, 609], [89.557, 610], [89.563, 610], [89.564, 609], [89.572, 609], [89.583, 610], [89.591, 610], [89.614, 610], [89.651, 611], [89.668, 611], [89.684, 609], [89.693, 609], [89.699, 609], [89.721, 609], [89.728, 610], [89.733, 609], [89.738, 609], [89.751, 609], [89.771, 609], [89.783, 610], [89.789, 610], [89.824, 610], [89.858, 611], [89.862, 611], [89.866, 611], [89.868, 611], [89.871, 611], [89.879, 611], [89.903, 612], [89.980, 612], [90.040, 611], [90.078, 613], [90.146, 613], [90.199, 613], [90.256, 614], [90.305, 613], [90.362, 615], [90.443, 614], [90.509, 614], [90.572, 614], [90.626, 616], [90.730, 617], [90.836, 617], [90.877, 619], [90.921, 617], [90.995, 618], [91.016, 618], [91.057, 618], [91.070, 618], [91.095, 617], [91.099, 617], [91.104, 617], [91.108, 617], [91.112, 617], [91.120, 617], [91.123, 617], [91.140, 617], [91.155, 617], [91.201, 619], [91.289, 621], [91.376, 621], [91.490, 621], [91.556, 622], [91.679, 623], [91.734, 622], [91.755, 622], [91.842, 622], [91.846, 622], [91.915, 623], [91.950, 623], [91.974, 624], [92.062, 627], [92.088, 627], [92.100, 628], [92.122, 627], [92.135, 626], [92.139, 626], [92.189, 626], [92.226, 626], [92.272, 628], [92.325, 629], [92.352, 628], [92.393, 627], [92.406, 628], [92.420, 628], [92.435, 628], [92.445, 627], [92.455, 628], [92.465, 628], [92.478, 627], [92.492, 627], [92.511, 628], [92.519, 628], [92.527, 628], [92.544, 627], [92.588, 627], [92.613, 627], [92.633, 627], [92.638, 627], [92.672, 627], [92.685, 627], [92.691, 627], [92.722, 626], [92.762, 627], [92.816, 627], [92.877, 628], [92.901, 629], [92.917, 630], [92.935, 629], [92.963, 629], [92.986, 628], [93.016, 628], [93.054, 629], [93.092, 629], [93.124, 629], [93.148, 629], [93.172, 629], [93.212, 630], [93.233, 630], [93.254, 630], [93.309, 630], [93.343, 630], [93.356, 631], [93.377, 631], [93.417, 632], [93.425, 632], [93.434, 632], [93.445, 632], [93.462, 632], [93.477, 631], [93.492, 631], [93.499, 631], [93.507, 631], [93.512, 631], [93.522, 631], [93.535, 631], [93.566, 632], [93.597, 632], [93.629, 632], [93.647, 633], [93.651, 633], [93.654, 633], [93.661, 632], [93.678, 632], [93.691, 632], [93.703, 632], [93.723, 632], [93.741, 632], [93.751, 632], [93.764, 632], [93.773, 632], [93.794, 632], [93.965, 632], [93.984, 633], [94.040, 633], [94.110, 636], [94.168, 632], [94.262, 633], [94.333, 634], [94.403, 635], [94.518, 635], [94.583, 636], [94.592, 636], [94.597, 636], [94.628, 636], [94.668, 636], [94.684, 636], [94.697, 636], [94.738, 638], [94.757, 638], [94.764, 638], [94.773, 638], [94.801, 638], [94.845, 638], [94.863, 637], [94.888, 637], [94.895, 637], [94.901, 637], [94.916, 636], [94.952, 637], [95.004, 637], [95.005, 637], [95.011, 636], [95.039, 635], [95.060, 634], [95.073, 634], [95.104, 635], [95.137, 635], [95.167, 635], [95.185, 636], [95.202, 636], [95.271, 637], [95.337, 638], [95.433, 637], [95.445, 638], [95.454, 639], [95.461, 639], [95.466, 639], [95.470, 639], [95.473, 639], [95.478, 639], [95.484, 639], [95.498, 640], [95.586, 642], [95.597, 642], [95.618, 642], [95.658, 642], [95.739, 642], [95.773, 643], [95.803, 642], [95.837, 642], [95.871, 642], [95.894, 643], [95.919, 644], [95.926, 644], [95.972, 643], [95.980, 642], [95.989, 641], [96.024, 640], [96.041, 640], [96.047, 641], [96.074, 641], [96.100, 641], [96.127, 642], [96.131, 642], [96.138, 641], [96.141, 641], [96.146, 641], [96.155, 641], [96.165, 641], [96.181, 641], [96.193, 641], [96.212, 640], [96.231, 640], [96.245, 641], [96.263, 641], [96.335, 642], [96.380, 642], [96.400, 642], [96.413, 641], [96.425, 642], [96.442, 641], [96.457, 642], [96.464, 643], [96.473, 643], [96.486, 642], [96.498, 642], [96.514, 642], [96.520, 642], [96.527, 642], [96.538, 642], [96.549, 642], [96.562, 642], [96.610, 643], [96.636, 642], [96.656, 642], [96.695, 643], [96.722, 643], [96.833, 644], [96.859, 644], [96.879, 644], [96.894, 645], [96.902, 645], [96.907, 645], [96.917, 645], [96.933, 645], [97.476, 647], [97.657, 650], [97.774, 650], [97.794, 649], [97.803, 649], [97.922, 651], [98.062, 650], [98.093, 651], [98.120, 651], [98.132, 651], [98.214, 652], [98.263, 653], [98.299, 652], [98.338, 652], [98.372, 654], [98.412, 652], [98.427, 653], [98.455, 654], [98.479, 654], [98.508, 653], [98.520, 654], [98.548, 654], [98.557, 654], [98.580, 655], [98.614, 656], [98.646, 657], [98.683, 657], [98.791, 656], [98.794, 656], [98.797, 656], [98.877, 655], [98.908, 656], [98.944, 657], [99.002, 656], [99.046, 656], [99.156, 660], [99.163, 661], [99.167, 661], [99.170, 661], [99.175, 662], [99.180, 662], [99.184, 662], [99.265, 662], [99.339, 660], [99.364, 658], [99.380, 657], [99.471, 658], [99.520, 659], [99.578, 659], [99.640, 659], [99.707, 659], [99.747, 659], [99.764, 660], [99.793, 662], [99.804, 662], [99.835, 662], [99.852, 662], [99.864, 662], [99.876, 662], [99.881, 662], [99.902, 662], [99.939, 663], [100.023, 662], [100.117, 663], [100.256, 664], [100.353, 665], [100.485, 665], [100.649, 666], [100.715, 667], [100.722, 668], [100.727, 668], [100.736, 668], [100.798, 668], [100.882, 668], [100.929, 669], [100.978, 669], [101.036, 669], [101.114, 671], [101.120, 671], [101.126, 671], [101.145, 671], [101.154, 670], [101.159, 670], [101.175, 671], [101.186, 669], [101.199, 668], [101.204, 668], [101.212, 668], [101.222, 667], [101.233, 666], [101.266, 666], [101.280, 666], [101.296, 667], [101.299, 669], [101.302, 670], [101.332, 670], [101.342, 671], [101.350, 671], [101.374, 671], [101.389, 670], [101.416, 670], [101.423, 671], [101.430, 670], [101.435, 671], [101.439, 671], [101.449, 673], [101.499, 675], [101.514, 675], [101.515, 675], [101.533, 675], [101.571, 676], [101.574, 676], [101.576, 676], [101.583, 677], [101.588, 677], [101.596, 677], [101.599, 677], [101.620, 675], [101.627, 675], [101.631, 675], [101.638, 674], [101.641, 674], [101.691, 677], [101.751, 676], [101.769, 675], [101.776, 675], [101.808, 676], [101.812, 676], [101.827, 676], [101.834, 678], [101.850, 677], [101.866, 676], [101.897, 676], [101.933, 676], [101.971, 677], [101.993, 678], [102.019, 677], [102.051, 677], [102.140, 678], [102.176, 679], [102.195, 680], [102.309, 683], [102.377, 685], [102.428, 686], [102.506, 685], [102.517, 686], [102.522, 685], [102.544, 683], [102.559, 684], [102.570, 685], [102.588, 686], [102.594, 686], [102.600, 686], [102.605, 686], [102.609, 686], [102.613, 686], [102.615, 686], [102.625, 686], [102.635, 686], [102.655, 686], [102.660, 686], [102.663, 686], [102.675, 686], [102.685, 686], [102.691, 687], [102.697, 687], [102.701, 688], [102.713, 688], [102.766, 688], [102.772, 691], [102.788, 691], [102.795, 691], [102.833, 691], [102.844, 693], [102.853, 693], [102.876, 694], [102.919, 696], [102.925, 696], [102.933, 696], [102.981, 696], [102.990, 695], [103.005, 695], [103.014, 695], [103.028, 695], [103.039, 695], [103.074, 695], [103.092, 696], [103.130, 696], [103.137, 695], [103.157, 695], [103.173, 695], [103.187, 694], [103.210, 694], [103.243, 695], [103.255, 694], [103.285, 695], [103.316, 695], [103.387, 696], [103.411, 696], [103.427, 696], [103.450, 696], [103.491, 697], [103.525, 697], [103.566, 697], [103.588, 697], [103.599, 697], [103.622, 699], [103.637, 700], [103.662, 699], [103.676, 699], [103.685, 699], [103.697, 700], [103.711, 700], [103.722, 700], [103.734, 701], [103.748, 702], [103.759, 701], [103.774, 700], [103.791, 700], [103.803, 699], [103.820, 700], [103.827, 701], [103.833, 701], [103.859, 701], [103.872, 701], [103.903, 701], [103.920, 701], [103.949, 701], [103.954, 701], [103.960, 702], [103.969, 702], [103.978, 702], [103.983, 702], [104.000, 703], [104.022, 704], [104.036, 705], [104.061, 705], [104.070, 705], [104.079, 705], [104.087, 705], [104.096, 705], [104.108, 705], [104.157, 706], [104.179, 706], [104.205, 705], [104.229, 705], [104.259, 705], [104.286, 707], [104.305, 708], [104.330, 710], [104.336, 711], [104.352, 713], [104.358, 712], [104.369, 711], [104.409, 711], [104.415, 711], [104.442, 711], [104.451, 711], [104.463, 711], [104.510, 713], [104.537, 713], [104.543, 713], [104.566, 714], [104.576, 714], [104.587, 714], [104.594, 713], [104.657, 715], [104.666, 715], [104.688, 715], [104.702, 715], [104.771, 715], [104.779, 715], [104.785, 715], [104.810, 715], [104.814, 716], [104.835, 716], [104.878, 716], [104.929, 715], [104.991, 715], [105.024, 716], [105.066, 716], [105.127, 716], [105.213, 717], [105.256, 718], [105.310, 719], [105.349, 720], [105.370, 721], [105.393, 721], [105.449, 721], [105.461, 723], [105.471, 723], [105.479, 724], [105.508, 724], [105.514, 725], [105.518, 725], [105.523, 725], [105.549, 725], [105.594, 726], [105.607, 727], [105.615, 727], [105.653, 727], [105.670, 729], [105.689, 730], [105.712, 730], [105.766, 730], [105.774, 732], [105.809, 733], [105.838, 735], [105.853, 737], [105.893, 737], [105.907, 738], [105.923, 738], [105.934, 738], [105.948, 738], [105.953, 738], [105.972, 738], [106.004, 738], [106.008, 739], [106.059, 739], [106.078, 739], [106.089, 739], [106.095, 739], [106.098, 739], [106.115, 739], [106.129, 739], [106.141, 740], [106.150, 740], [106.161, 739], [106.175, 739], [106.175, 739], [106.183, 739], [106.220, 739], [106.242, 741], [106.257, 742], [106.273, 742], [106.290, 742], [106.306, 742], [106.317, 742], [106.348, 742], [106.363, 741], [106.374, 741], [106.387, 742], [106.399, 742], [106.413, 742], [106.424, 743], [106.436, 744], [106.448, 745], [106.476, 746], [106.485, 748], [106.491, 747], [106.505, 747], [106.519, 747], [106.531, 746], [106.541, 746], [106.552, 746], [106.563, 746], [106.569, 746], [106.583, 748], [106.603, 751], [106.628, 752], [106.657, 751], [106.676, 751], [106.696, 751], [106.720, 748], [106.766, 748], [106.846, 749], [106.913, 750], [106.942, 749], [106.975, 749], [107.042, 750], [107.126, 750], [107.146, 751], [107.279, 752], [107.310, 753], [107.352, 753], [107.448, 754], [107.461, 755], [107.487, 755], [107.502, 754], [107.516, 754], [107.529, 754], [107.541, 754], [107.595, 754], [107.662, 755], [107.736, 756], [107.772, 758], [107.890, 758], [107.947, 760], [107.976, 762], [108.025, 763], [108.041, 765], [108.089, 765], [108.110, 766], [108.120, 765], [108.125, 765], [108.135, 765], [108.146, 765], [108.151, 765], [108.156, 765], [108.165, 766], [108.175, 766], [108.186, 766], [108.201, 767], [108.237, 767], [108.248, 767], [108.257, 768], [108.268, 768], [108.282, 768], [108.294, 768], [108.328, 769], [108.361, 769], [108.393, 769], [108.434, 769], [108.477, 771], [108.482, 771], [108.488, 771], [108.522, 772], [108.561, 771], [108.583, 772], [108.607, 772], [108.612, 773], [108.641, 772], [108.644, 772], [108.646, 772], [108.651, 773], [108.659, 773], [108.665, 774], [108.671, 774], [108.688, 775], [108.703, 775], [108.709, 775], [108.715, 775], [108.721, 775], [108.728, 775], [108.736, 774], [108.744, 774], [108.755, 775], [108.763, 776], [108.775, 777], [108.794, 777], [108.837, 780], [108.876, 781], [108.912, 781], [108.922, 781], [108.936, 781], [108.945, 780], [108.950, 779], [108.979, 778], [108.983, 778], [108.985, 778], [108.987, 778], [108.993, 778], [109.012, 779], [109.060, 779], [109.110, 780], [109.122, 780], [109.209, 782], [109.271, 782], [109.292, 784], [109.308, 786], [109.324, 789], [109.372, 790], [109.408, 792], [109.427, 795], [109.840, 805], [109.878, 805], [109.909, 805], [109.940, 805], [109.975, 806], [110.052, 808], [110.073, 807], [110.086, 806], [110.109, 807], [110.138, 808], [110.165, 810], [110.289, 814], [110.310, 812], [110.323, 811], [110.332, 810], [110.344, 809], [110.355, 808], [110.376, 808], [110.390, 808], [110.408, 808], [110.434, 807], [110.525, 807], [110.571, 808], [110.610, 809], [110.647, 811], [110.686, 811], [110.716, 810], [110.748, 809], [110.776, 809], [110.797, 811], [110.821, 812], [110.845, 812], [110.868, 812], [110.883, 811], [110.894, 811], [110.931, 811], [110.964, 811], [110.998, 811], [111.087, 814], [111.143, 817], [111.223, 822], [111.242, 823], [111.262, 824], [111.304, 829], [111.318, 829], [111.333, 827], [111.381, 827], [111.421, 828], [111.447, 828], [111.495, 826], [111.503, 825], [111.507, 825], [111.528, 826], [111.536, 826], [111.574, 826], [111.625, 825], [111.664, 825], [111.693, 826], [111.742, 828], [111.751, 828], [111.768, 828], [111.774, 828], [111.781, 828], [111.792, 828], [111.895, 830], [111.972, 833], [111.996, 833], [112.000, 833], [112.045, 833], [112.109, 836], [112.164, 838], [112.226, 840], [112.266, 840], [112.308, 841], [112.324, 841], [112.364, 841], [112.440, 841], [112.507, 842], [112.522, 842], [112.668, 847], [112.710, 848], [112.808, 852], [112.819, 852], [112.829, 852], [112.842, 853], [112.864, 853], [112.890, 853], [112.912, 854], [112.939, 855], [112.988, 857], [113.028, 858], [113.146, 868], [113.169, 869], [113.195, 867], [113.234, 867], [113.293, 869], [113.343, 870], [113.413, 871], [113.426, 872], [113.441, 872], [113.451, 873], [113.500, 877], [113.523, 878], [113.535, 879], [113.558, 879], [113.583, 879], [113.675, 887], [113.680, 888], [113.727, 899], [113.787, 904], [113.855, 909], [113.879, 910], [113.944, 911], [113.983, 913], [114.000, 914], [114.031, 916], [114.057, 921], [114.190, 931], [114.251, 935], [114.284, 937], [114.353, 946], [114.409, 952], [114.459, 953], [114.649, 974], [114.688, 977], [114.825, 977], [114.837, 984], [114.909, 985], [114.912, 987], [114.949, 987], [114.960, 987], [114.977, 987], [115.027, 988], [115.043, 989], [115.080, 995], [115.132, 994], [115.159, 989], [115.173, 986], [115.186, 983], [115.202, 978], [115.224, 972], [115.243, 961], [115.261, 954], [115.287, 951], [115.332, 946], [115.362, 944], [115.369, 942], [115.390, 942], [115.413, 944], [115.437, 945], [115.462, 946], [115.480, 948], [115.496, 949], [115.502, 948], [115.512, 947], [115.537, 943], [115.620, 939], [115.656, 934], [115.679, 933], [115.705, 930], [115.732, 928], [115.776, 925], [115.826, 919], [115.855, 920], [115.885, 919], [115.899, 912], [115.907, 911], [115.916, 909], [115.924, 906], [115.935, 906], [115.946, 905], [115.953, 901], [115.973, 899], [115.985, 896], [116.001, 893], [116.015, 890], [116.058, 889], [116.071, 892], [116.077, 895], [116.087, 895], [116.093, 895], [116.101, 895], [116.108, 894], [116.115, 895], [116.148, 896], [116.198, 897], [116.213, 894], [116.230, 893], [116.253, 891], [116.293, 891], [116.314, 889], [116.333, 890], [116.349, 890], [116.380, 888], [116.389, 883], [116.396, 881], [116.417, 882], [116.444, 882], [116.467, 884], [116.480, 884], [116.492, 885], [116.515, 886], [116.561, 890], [116.582, 892], [116.605, 891], [116.627, 888], [116.640, 884], [116.673, 882], [116.688, 880], [116.703, 881], [116.713, 883], [116.724, 884], [116.752, 887], [116.771, 888], [116.790, 886], [116.812, 884], [116.835, 881], [116.924, 881], [116.947, 877], [116.965, 879], [116.974, 878], [117.028, 874], [117.050, 872], [117.072, 870], [117.089, 869], [117.122, 865], [117.138, 864], [117.141, 863], [117.155, 862], [117.167, 860], [117.176, 860], [117.202, 859], [117.214, 858], [117.253, 857], [117.267, 859], [117.280, 863], [117.286, 864], [117.293, 864], [117.305, 863], [117.359, 854], [117.400, 851], [117.442, 847], [117.461, 844], [117.533, 837], [117.558, 831], [117.570, 831], [117.588, 827], [117.608, 822], [117.635, 819], [117.662, 818], [117.708, 815], [117.717, 814], [117.721, 812], [117.764, 812], [117.767, 809], [117.768, 807], [117.774, 807], [117.809, 806], [117.842, 801], [117.873, 794], [117.909, 787], [117.927, 779], [117.949, 777], [117.993, 774], [118.042, 767], [118.063, 758], [118.087, 755], [118.103, 753], [118.132, 752], [118.159, 750], [118.183, 749], [118.240, 746], [118.265, 740], [118.281, 738], [118.298, 738], [118.338, 738], [118.354, 731], [118.383, 729], [118.426, 731], [118.439, 732], [118.455, 731], [118.463, 730], [118.472, 730], [118.528, 727], [118.565, 707], [118.606, 704], [118.631, 700], [118.643, 700], [118.654, 699], [118.663, 698], [118.676, 699], [118.700, 700], [118.732, 699], [118.763, 695], [118.783, 693], [118.800, 691], [118.816, 690], [118.828, 689], [118.840, 689], [118.857, 688], [118.873, 687], [118.922, 686], [118.964, 686], [118.984, 685], [119.005, 684], [119.037, 683], [119.056, 682], [119.075, 681], [119.096, 679], [119.125, 678], [119.197, 676], [119.274, 672], [119.309, 669], [119.339, 667], [119.383, 665], [119.425, 664], [119.466, 667], [119.496, 668], [119.524, 663], [119.550, 658], [119.571, 655], [119.593, 654], [119.632, 653], [119.666, 652], [119.694, 652], [119.714, 651], [119.748, 651], [119.807, 649], [119.851, 648], [119.879, 648], [119.908, 646], [119.954, 644], [119.974, 644], [119.981, 644], [119.986, 643], [119.990, 643], [119.997, 643], [120.005, 643], [120.017, 643], [120.023, 642], [120.036, 642], [120.045, 641], [120.054, 641], [120.058, 641], [120.063, 642], [120.066, 642], [120.092, 642], [120.104, 641], [120.110, 640], [120.115, 640], [120.150, 640], [120.176, 638], [120.278, 635], [120.346, 627], [120.369, 622], [120.441, 621], [120.466, 618], [120.484, 616], [120.497, 617], [120.643, 617], [120.671, 607], [120.696, 605], [120.746, 604], [120.787, 600], [120.808, 597], [120.830, 597], [120.862, 595], [120.874, 594], [120.913, 593], [120.920, 589], [120.922, 589], [120.926, 590], [120.950, 596], [120.963, 594], [120.980, 591], [120.995, 592], [121.048, 597], [121.077, 597], [121.114, 586], [121.156, 579], [121.173, 578], [121.176, 577], [121.179, 577], [121.235, 575], [121.269, 572], [121.298, 572], [121.324, 572], [121.373, 570], [121.441, 567], [121.467, 567], [121.491, 568], [121.518, 569], [121.544, 569], [121.573, 566], [121.592, 567], [121.600, 567], [121.626, 569], [121.677, 567], [121.707, 564], [121.731, 563], [121.776, 561], [121.799, 560], [121.815, 558], [121.824, 557], [121.827, 557], [121.836, 557], [121.858, 558], [121.873, 558], [121.882, 558], [121.889, 557], [121.895, 556], [121.905, 555], [121.913, 554], [121.950, 552], [121.984, 552], [122.014, 553], [122.067, 552], [122.104, 549], [122.112, 549], [122.131, 548], [122.150, 547], [122.155, 547], [122.186, 547], [122.199, 546], [122.219, 545], [122.241, 545], [122.259, 544], [122.280, 543], [122.286, 543], [122.297, 543], [122.312, 542], [122.328, 542], [122.348, 541], [122.373, 540], [122.380, 539], [122.402, 538], [122.406, 538], [122.428, 537], [122.445, 537], [122.478, 537], [122.497, 536], [122.514, 536], [122.542, 534], [122.579, 534], [122.616, 534], [122.670, 532], [122.724, 530], [122.747, 531], [122.769, 530], [122.776, 530], [122.781, 530], [122.824, 530], [122.856, 530], [122.875, 528], [122.883, 528], [122.908, 528], [122.939, 527], [122.967, 526], [123.021, 525], [123.063, 525], [123.099, 526], [123.122, 525], [123.163, 524], [123.183, 525], [123.221, 523], [123.293, 521], [123.340, 520], [123.359, 520], [123.361, 520], [123.402, 519], [123.473, 516], [123.481, 516], [123.527, 514], [123.558, 515], [123.570, 514], [123.587, 514], [123.652, 514], [123.662, 513], [123.721, 512], [123.773, 511], [123.818, 510], [123.842, 511], [123.868, 511], [123.910, 509], [123.954, 507], [124.015, 507], [124.028, 507], [124.040, 507], [124.072, 506], [124.113, 505], [124.152, 504], [124.186, 505], [124.192, 505], [124.197, 505], [124.214, 504], [124.215, 504], [124.256, 501], [124.276, 500], [124.311, 499], [124.348, 499], [124.392, 498], [124.444, 499], [124.451, 499], [124.453, 499], [124.520, 499], [124.579, 497], [124.616, 497], [124.654, 497], [124.680, 497], [124.716, 496], [124.732, 495], [124.757, 494], [124.764, 494], [124.813, 494], [124.831, 495], [124.849, 495], [124.888, 494], [124.990, 494], [125.004, 494], [125.037, 495], [125.039, 495], [125.042, 495], [125.050, 495], [125.054, 494], [125.082, 493], [125.096, 493], [125.098, 493], [125.109, 492], [125.119, 491], [125.146, 491], [125.178, 490], [125.189, 489], [125.206, 488], [125.231, 489], [125.270, 487], [125.281, 486], [125.289, 486], [125.332, 484], [125.353, 484], [125.384, 484], [125.417, 484], [125.453, 483], [125.467, 484], [125.483, 484], [125.495, 484], [125.503, 485], [125.516, 485], [125.535, 486], [125.570, 486], [125.588, 484], [125.603, 484], [125.633, 484], [125.655, 483], [125.670, 482], [125.706, 482], [125.712, 481], [125.717, 481], [125.746, 480], [125.770, 480], [125.774, 480], [125.789, 479], [125.807, 478], [125.826, 477], [125.834, 477], [125.851, 477], [125.877, 476], [125.900, 476], [125.909, 476], [125.934, 476], [126.000, 474], [126.013, 474], [126.026, 474], [126.032, 474], [126.044, 473], [126.056, 473], [126.067, 473], [126.080, 473], [126.082, 472], [126.093, 472], [126.105, 472], [126.140, 471], [126.152, 471], [126.165, 471], [126.177, 470], [126.179, 470], [126.189, 470], [126.212, 470], [126.226, 469], [126.240, 469], [126.253, 469], [126.258, 469], [126.269, 469], [126.278, 469], [126.280, 469], [126.283, 469], [126.302, 469], [126.312, 469], [126.317, 468], [126.326, 468], [126.330, 468], [126.351, 468], [126.366, 467], [126.375, 467], [126.384, 467], [126.403, 466], [126.445, 465], [126.466, 465], [126.483, 465], [126.490, 464], [126.500, 464], [126.509, 463], [126.514, 463], [126.568, 463], [126.642, 461], [126.701, 461], [126.744, 462], [126.755, 461], [126.775, 460], [126.849, 457], [126.858, 457], [126.884, 457], [126.902, 456], [126.909, 456], [126.912, 456], [126.915, 456], [126.923, 456], [126.942, 458], [126.958, 459], [126.965, 458], [126.972, 458], [126.977, 457], [126.983, 457], [126.993, 457], [127.004, 456], [127.017, 455], [127.029, 455], [127.081, 455], [127.089, 455], [127.103, 455], [127.188, 453], [127.192, 452], [127.199, 453], [127.300, 451], [127.304, 451], [127.395, 450], [127.410, 449], [127.420, 449], [127.473, 448], [127.478, 448], [127.482, 447], [127.489, 447], [127.497, 448], [127.519, 449], [127.527, 449], [127.534, 449], [127.549, 449], [127.578, 448], [127.585, 447], [127.596, 446], [127.603, 446], [127.610, 446], [127.622, 445], [127.632, 445], [127.645, 444], [127.653, 444], [127.659, 444], [127.665, 444], [127.673, 445], [127.682, 445], [127.686, 445], [127.701, 445], [127.711, 444], [127.724, 444], [127.729, 444], [127.733, 444], [127.744, 444], [127.759, 444], [127.770, 444], [127.780, 444], [127.810, 439], [127.818, 439], [127.829, 439], [127.926, 439], [128.073, 440], [128.095, 440], [128.148, 440], [128.168, 441], [128.181, 441], [128.198, 441], [128.220, 440], [128.233, 439], [128.258, 440], [128.289, 440], [128.378, 439], [128.406, 438], [128.431, 436], [128.443, 436], [128.450, 435], [128.485, 436], [128.500, 438], [128.505, 438], [128.510, 438], [128.519, 438], [128.565, 438], [128.582, 436], [128.597, 436], [128.602, 436], [128.630, 436], [128.631, 436], [128.633, 436], [128.644, 435], [128.646, 435], [128.647, 435], [128.716, 435], [128.757, 436], [128.807, 434], [128.876, 433], [128.921, 433], [128.963, 432], [129.018, 432], [129.115, 431], [129.162, 433], [129.197, 432], [129.249, 434], [129.269, 433], [129.333, 432], [129.367, 432], [129.453, 431], [129.502, 432], [129.599, 432], [129.623, 430], [129.655, 430], [129.946, 430], [130.004, 430], [130.013, 434], [130.020, 435], [130.026, 435], [130.032, 434], [130.044, 434], [130.059, 434], [130.152, 435], [130.183, 436], [130.192, 433], [130.199, 431], [130.237, 434], [130.277, 436], [130.313, 435], [130.329, 432], [130.389, 427], [130.414, 427], [130.426, 427], [130.434, 427], [130.444, 427], [130.483, 426], [130.526, 426], [130.534, 426], [130.589, 426], [130.688, 423], [130.725, 424], [130.794, 425], [131.003, 422], [131.040, 422], [131.060, 423], [131.078, 422], [131.140, 422], [131.191, 420], [131.243, 420], [131.319, 421], [131.410, 421], [131.426, 420], [131.448, 419], [131.557, 420], [131.570, 419], [131.592, 418], [131.597, 418], [131.598, 418], [131.665, 417], [131.689, 417], [131.870, 420], [131.932, 419], [131.988, 418], [132.051, 416], [132.090, 413], [132.100, 414], [132.117, 415], [132.123, 416], [132.125, 417], [132.147, 414], [132.156, 414], [132.228, 415], [132.335, 415], [132.516, 414], [132.564, 412], [132.577, 412], [132.612, 413], [132.663, 413], [132.746, 410], [132.779, 410], [132.810, 409], [132.972, 411], [133.111, 410], [133.260, 407], [133.262, 407], [133.268, 408], [133.274, 408], [133.277, 408], [133.282, 408], [133.360, 408], [133.792, 407], [133.845, 405], [133.863, 405], [133.867, 405], [133.871, 405], [133.881, 404], [133.947, 404], [134.069, 402], [134.176, 402], [134.241, 403], [134.285, 403], [134.322, 402], [134.340, 401], [134.358, 400], [134.382, 399], [134.449, 400], [134.509, 400], [134.552, 400], [134.578, 400], [134.625, 400], [134.662, 400], [134.705, 399], [134.717, 399], [134.722, 399], [134.727, 398], [134.731, 398], [134.744, 397], [134.764, 397], [134.857, 398], [134.861, 397], [134.876, 397], [134.882, 398], [134.888, 398], [134.924, 397], [135.072, 397], [135.075, 397], [135.085, 397], [135.088, 397], [135.211, 397], [135.241, 396], [135.243, 396], [135.248, 396], [135.251, 396], [135.277, 396], [135.306, 398], [135.308, 398], [135.313, 398], [135.356, 398], [135.430, 396], [135.523, 396], [135.645, 396], [135.737, 394], [135.839, 393], [135.864, 394], [135.881, 393], [135.908, 393], [135.939, 392], [136.089, 393], [136.106, 395], [136.194, 396], [136.255, 398], [136.283, 396], [136.309, 393], [136.325, 393], [136.335, 394], [136.441, 390], [136.654, 390], [136.657, 389], [136.728, 389], [136.772, 389], [136.786, 388], [136.803, 388], [136.827, 388], [136.837, 388], [136.870, 389], [136.883, 389], [137.011, 389], [137.130, 386], [137.152, 387], [137.185, 387], [137.221, 386], [137.241, 386], [137.273, 385], [137.303, 388], [137.319, 388], [137.343, 385], [137.438, 385], [137.458, 386], [137.476, 386], [137.489, 386], [137.509, 387], [137.524, 388], [137.526, 388], [137.533, 389], [137.540, 389], [137.543, 389], [137.554, 388], [137.563, 388], [137.589, 387], [137.618, 387], [137.653, 387], [137.678, 387], [137.690, 386], [137.713, 385], [137.733, 384], [137.751, 384], [137.761, 385], [137.771, 385], [137.796, 385], [137.815, 386], [137.833, 386], [137.902, 384], [137.951, 384], [138.015, 384], [138.026, 383], [138.040, 384], [138.050, 384], [138.074, 384], [138.200, 384], [138.215, 385], [138.229, 384], [138.249, 382], [138.265, 382], [138.281, 382], [138.362, 384], [138.379, 384], [138.393, 385], [138.399, 385], [138.417, 386], [138.429, 386], [138.435, 386], [138.450, 386], [138.473, 386], [138.508, 385], [138.561, 388], [138.601, 394], [138.619, 396], [138.651, 399], [138.658, 399], [138.676, 398], [138.711, 395], [138.732, 395], [138.768, 394], [138.797, 395], [138.802, 395], [138.814, 396], [138.823, 396], [138.871, 395], [138.887, 395], [138.921, 393], [138.936, 393], [138.954, 393], [138.991, 394], [139.046, 392], [139.083, 393], [139.154, 392], [139.207, 389], [139.226, 389], [139.237, 389], [139.281, 388], [139.350, 386], [139.421, 386], [139.491, 382], [139.515, 380], [139.526, 379], [139.542, 378], [139.581, 378], [139.591, 377], [139.610, 377], [139.624, 377], [139.641, 377], [139.675, 376], [139.717, 375], [139.766, 376], [139.778, 376], [139.817, 375], [139.866, 375], [139.904, 376], [139.945, 377], [140.005, 375], [140.076, 374], [140.091, 374], [140.134, 374], [140.229, 375], [140.243, 375], [140.254, 374], [140.291, 373], [140.483, 374], [140.550, 372], [140.621, 371], [140.655, 370], [140.669, 370], [140.686, 370], [140.709, 369], [140.732, 369], [140.757, 370], [140.778, 370], [140.803, 369], [140.816, 368], [140.829, 369], [140.865, 369], [140.880, 371], [140.893, 372], [140.897, 372], [140.912, 372], [140.922, 373], [140.955, 374], [141.023, 373], [141.090, 372], [141.096, 372], [141.101, 372], [141.162, 371], [141.210, 372], [141.219, 371], [141.248, 370], [141.337, 371], [141.346, 371], [141.378, 370], [141.385, 370], [141.395, 370], [141.399, 370], [141.403, 370], [141.406, 370], [141.418, 371], [141.425, 371], [141.429, 371], [141.433, 371], [141.436, 371], [141.439, 371], [141.582, 372], [141.664, 371], [141.668, 370], [141.766, 370], [141.779, 370], [141.787, 370], [141.817, 370], [141.869, 370], [141.902, 371], [141.935, 369], [142.027, 369], [142.033, 369], [142.040, 369], [142.045, 369], [142.064, 369], [142.074, 370], [142.084, 370], [142.105, 369], [142.124, 369], [142.136, 368], [142.171, 367], [142.183, 368], [142.229, 368], [142.263, 368], [142.278, 367], [142.299, 367], [142.304, 367], [142.317, 367], [142.344, 367], [142.353, 367], [142.364, 367], [142.378, 367], [142.401, 367], [142.417, 367], [142.473, 368], [142.547, 367], [142.563, 367], [142.582, 367], [142.596, 367], [142.667, 366], [142.740, 366], [142.803, 365], [142.827, 365], [142.843, 365], [142.851, 365], [142.876, 365], [142.946, 364], [142.955, 364], [143.041, 364], [143.129, 363], [143.191, 363], [143.285, 362], [143.309, 362], [143.324, 362], [143.336, 362], [143.552, 364], [143.560, 363], [143.567, 362], [143.574, 361], [143.582, 361], [143.672, 361], [143.741, 360], [143.919, 358], [144.047, 358], [144.081, 359], [144.103, 358], [144.187, 357], [144.511, 357], [144.745, 357], [144.840, 359], [144.940, 358], [144.979, 356], [145.011, 356], [145.098, 353], [145.379, 350], [146.395, 347], [146.670, 344], [146.728, 343], [146.818, 340], [146.983, 341], [147.015, 338], [147.044, 338], [147.072, 340], [147.290, 337], [147.417, 337], [147.472, 337], [147.560, 337], [147.642, 336], [147.779, 339], [147.840, 333], [147.939, 333], [148.034, 333], [148.041, 330], [148.054, 330], [148.089, 330], [148.096, 330], [148.175, 330], [148.204, 330], [148.218, 328], [148.234, 328], [148.254, 328], [148.328, 328], [148.384, 329], [148.399, 330], [148.409, 330], [148.418, 329], [148.437, 329], [148.451, 329], [148.539, 328], [148.546, 328], [148.559, 328], [148.576, 328], [148.583, 329], [148.593, 329], [148.599, 329], [148.609, 329], [148.619, 330], [148.637, 330], [149.129, 332], [149.295, 332], [149.646, 324], [149.681, 329], [149.730, 328], [149.740, 323], [150.038, 323], [150.255, 323], [150.305, 322], [150.517, 321], [150.776, 319], [150.883, 317], [151.356, 313], [151.421, 314], [151.472, 310], [151.520, 312], [151.792, 312], [151.950, 308], [152.060, 305], [152.088, 311], [152.166, 310], [152.221, 309], [152.292, 308], [152.366, 309], [152.417, 304], [152.455, 301], [152.567, 300], [152.646, 299], [152.657, 298], [152.776, 297], [152.892, 296], [153.038, 296], [153.187, 295], [153.296, 293], [153.572, 291], [153.942, 288], [154.198, 287], [155.029, 280], [155.045, 280], [155.088, 281], [155.156, 281], [155.334, 281], [155.365, 279], [155.390, 279], [155.453, 279], [155.483, 278], [155.649, 278], [155.668, 277], [155.674, 277], [155.723, 277], [155.729, 277], [155.810, 277], [155.873, 277], [155.898, 276], [155.912, 276], [155.939, 276], [155.975, 275], [156.090, 274], [156.112, 274], [156.156, 274], [156.275, 274], [156.449, 273], [156.452, 272], [156.536, 272], [156.550, 272], [156.586, 272], [156.605, 273], [156.659, 272], [156.669, 272], [156.675, 271], [156.677, 271], [156.685, 271], [156.694, 271], [156.703, 271], [156.711, 271], [156.724, 272], [156.738, 272], [156.750, 271], [156.807, 271], [156.826, 272], [156.840, 271], [156.855, 271], [156.873, 271], [156.879, 271], [156.905, 271], [156.946, 271], [156.947, 271], [156.988, 271], [157.004, 272], [157.009, 272], [157.040, 272], [157.051, 275], [157.079, 273], [157.095, 269], [157.120, 269], [157.144, 269], [157.153, 269], [157.183, 270], [157.188, 270], [157.192, 270], [157.262, 270], [157.272, 270], [157.342, 269], [157.351, 269], [157.378, 269], [157.390, 269], [157.409, 268], [157.445, 269], [157.452, 269], [157.464, 268], [157.467, 268], [157.469, 269], [157.472, 269], [157.474, 269], [157.476, 269], [157.480, 269], [157.482, 269], [157.485, 269], [157.489, 268], [157.499, 268], [157.586, 268], [157.601, 268], [157.620, 268], [157.628, 269], [157.635, 269], [157.715, 268], [157.785, 267], [157.793, 269], [157.804, 268], [157.823, 267], [157.850, 266], [157.865, 266], [157.884, 266], [157.904, 266], [157.953, 266], [157.960, 265], [157.968, 265], [157.974, 265], [157.990, 266], [158.235, 266], [158.247, 267], [158.263, 266], [158.267, 265], [158.273, 264], [158.318, 264], [158.348, 265], [158.377, 266], [158.405, 266], [158.434, 265], [158.442, 266], [158.450, 266], [158.473, 266], [158.521, 266], [158.528, 264], [158.531, 264], [158.534, 264], [158.537, 264], [158.540, 264], [158.543, 264], [158.546, 264], [158.549, 264], [158.552, 264], [158.556, 264], [158.559, 264], [158.566, 264], [158.593, 266], [158.755, 268], [158.769, 268], [158.776, 268], [158.794, 268], [158.933, 269], [158.957, 269], [158.983, 269], [159.000, 268], [159.010, 268], [159.022, 268], [159.142, 269], [159.185, 270], [159.261, 270], [159.359, 270], [159.444, 269], [159.452, 269], [159.531, 270], [159.583, 271], [159.634, 271], [159.683, 271], [159.696, 272], [159.708, 271], [159.917, 274], [159.944, 275], [160.002, 275], [160.025, 274], [160.037, 274], [160.049, 274], [160.060, 274], [160.071, 274], [160.120, 274], [160.133, 274], [160.146, 274], [160.150, 274], [160.155, 274], [160.158, 274], [160.161, 274], [160.170, 274], [160.183, 274], [160.205, 272], [160.220, 271], [160.341, 273], [160.370, 272], [160.381, 272], [160.392, 272], [160.402, 272], [160.419, 271], [160.431, 271], [160.455, 271], [160.469, 272], [160.483, 272], [160.501, 272], [160.514, 272], [160.530, 271], [160.555, 271], [160.583, 272], [160.589, 272], [160.639, 271], [160.647, 271], [160.777, 271], [160.848, 271], [160.894, 272], [160.964, 272], [161.060, 273], [161.208, 273], [161.213, 274], [161.319, 273], [161.369, 274], [161.408, 274], [161.444, 274], [161.564, 274], [161.630, 275], [161.792, 275], [161.806, 277], [161.820, 277], [161.832, 276], [161.903, 276], [161.908, 277], [161.910, 277], [161.914, 277], [161.920, 277], [161.924, 278], [161.930, 278], [161.933, 277], [161.981, 277], [161.985, 277], [161.992, 277], [161.998, 278], [162.004, 278], [162.033, 278], [162.050, 278], [162.056, 278], [162.070, 277], [162.075, 277], [162.080, 277], [162.084, 277], [162.095, 278], [162.099, 278], [162.103, 278], [162.108, 278], [162.123, 278], [162.127, 278], [162.152, 278], [162.160, 278], [162.173, 277], [162.188, 278], [162.222, 278], [162.229, 279], [162.257, 279], [162.305, 280], [162.381, 279], [162.394, 279], [162.421, 279], [162.456, 280], [162.519, 279], [162.535, 281], [162.545, 281], [162.552, 281], [162.557, 281], [162.595, 281], [162.614, 280], [162.641, 280], [162.681, 280], [162.711, 280], [162.745, 281], [162.766, 281], [162.775, 281], [162.781, 281], [162.806, 281], [162.900, 281], [162.977, 280], [162.996, 280], [163.029, 281], [163.056, 281], [163.064, 282], [163.092, 282], [163.107, 282], [163.118, 282], [163.246, 282], [163.253, 281], [163.271, 281], [163.350, 281], [163.355, 283], [163.360, 283], [163.445, 283], [163.452, 284], [163.520, 284], [163.541, 282], [163.611, 282], [163.621, 282], [163.632, 282], [163.653, 283], [163.679, 284], [163.689, 284], [163.707, 283], [163.744, 283], [163.756, 283], [163.793, 283], [163.801, 283], [163.848, 283], [163.875, 283], [163.915, 283], [163.919, 283], [163.926, 283], [163.935, 283], [163.940, 282], [163.947, 282], [163.951, 282], [163.975, 282], [163.996, 282], [164.041, 283], [164.079, 283], [164.134, 283], [164.136, 283], [164.142, 283], [164.204, 283], [164.230, 283], [164.323, 283], [164.423, 283], [164.429, 284], [164.451, 284], [164.457, 284], [164.467, 284], [164.476, 284], [164.603, 284], [164.667, 283], [164.692, 283], [164.723, 283], [164.728, 283], [164.762, 283], [164.897, 282], [164.913, 282], [164.919, 282], [164.981, 282], [164.990, 280], [165.003, 280], [165.006, 280], [165.015, 280], [165.036, 280], [165.048, 280], [165.054, 281], [165.075, 281], [165.115, 281], [165.131, 279], [165.205, 280], [165.325, 280], [165.333, 280], [165.341, 280], [165.379, 280], [165.448, 279], [165.478, 281], [165.510, 281], [165.516, 281], [165.521, 281], [165.584, 280], [165.652, 280], [165.717, 279], [165.721, 279], [165.727, 279], [165.790, 279], [165.859, 279], [165.926, 279], [165.971, 279], [166.033, 279], [166.040, 278], [166.046, 278], [166.063, 278], [166.076, 279], [166.090, 279], [166.118, 279], [166.137, 279], [166.200, 279], [166.212, 279], [166.260, 279], [166.268, 278], [166.419, 278], [166.428, 278], [166.473, 278], [166.480, 278], [166.540, 278], [166.583, 278], [166.588, 277], [166.644, 277], [166.762, 277], [166.770, 277], [166.784, 277], [166.794, 277], [166.832, 277], [166.885, 279], [166.931, 277], [166.945, 275], [166.974, 276], [166.993, 276], [167.033, 275], [167.039, 276], [167.039, 276], [167.042, 276], [167.044, 276], [167.051, 276], [167.059, 276], [167.063, 275], [167.079, 275], [167.135, 275], [167.163, 274], [167.192, 275], [167.245, 275], [167.253, 274], [167.283, 274], [167.292, 274], [167.399, 274], [167.462, 274], [167.468, 274], [167.491, 273], [167.504, 273], [167.515, 273], [167.543, 273], [167.585, 273], [167.623, 272], [167.635, 273], [167.649, 273], [167.654, 273], [167.694, 273], [167.700, 273], [167.706, 273], [167.713, 272], [167.719, 272], [167.726, 272], [167.733, 272], [167.793, 272], [167.811, 272], [167.862, 272], [167.874, 271], [167.894, 270], [167.914, 270], [167.959, 270], [167.971, 270], [167.983, 270], [167.997, 270], [168.006, 271], [168.017, 270], [168.029, 270], [168.039, 270], [168.045, 270], [168.052, 270], [168.061, 269], [168.069, 269], [168.097, 269], [168.112, 269], [168.129, 269], [168.141, 269], [168.156, 269], [168.160, 269], [168.168, 269], [168.189, 269], [168.213, 269], [168.231, 269], [168.262, 269], [168.270, 269], [168.293, 269], [168.299, 269], [168.354, 268], [168.419, 267], [168.464, 267], [168.702, 266], [168.742, 267], [168.777, 267], [168.813, 267], [168.839, 267], [168.860, 267], [168.890, 267], [168.909, 267], [168.951, 267], [168.974, 268], [168.988, 268], [169.003, 267], [169.009, 267], [169.024, 266], [169.046, 266], [169.065, 266], [169.090, 266], [169.111, 266], [169.123, 266], [169.139, 265], [169.165, 266], [169.183, 266], [169.209, 266], [169.248, 265], [169.258, 266], [169.279, 266], [169.328, 266], [169.432, 266], [169.451, 266], [169.465, 266], [169.479, 266], [169.699, 265], [169.825, 264], [169.907, 263], [170.010, 263], [170.154, 263], [170.233, 262], [170.247, 262], [170.250, 261], [170.260, 261], [170.270, 261], [170.280, 262], [170.291, 261], [170.301, 261], [170.336, 260], [170.522, 260], [170.977, 261], [170.986, 262], [170.991, 262], [170.996, 262], [171.000, 262], [171.009, 262], [171.018, 261], [171.242, 262], [171.249, 260], [171.827, 260], [172.157, 258], [172.188, 258], [172.242, 258], [172.248, 258], [172.272, 258], [172.276, 259], [172.298, 259], [172.310, 261], [172.320, 262], [172.333, 263], [172.418, 264], [172.485, 263], [172.498, 261], [172.513, 261], [172.523, 261], [172.543, 262], [172.798, 263], [172.816, 264], [172.848, 262], [172.918, 263], [173.235, 262], [173.330, 258], [173.334, 258], [173.336, 258], [173.343, 258], [173.379, 259], [173.389, 259], [173.549, 259], [173.558, 259], [173.570, 259], [173.591, 259], [173.605, 259], [173.703, 260], [173.822, 258], [173.968, 260], [173.998, 261], [174.222, 261], [174.232, 260], [174.236, 259], [174.241, 259], [174.289, 259], [174.314, 259], [174.354, 260], [174.371, 261], [174.401, 262], [174.529, 260], [174.583, 257], [174.833, 257], [174.836, 256], [174.842, 256], [174.912, 257], [174.991, 260], [175.057, 257], [175.073, 259], [175.106, 260], [175.159, 260], [175.203, 255], [175.360, 251], [175.534, 248], [175.600, 248], [175.699, 247], [175.753, 247], [175.831, 245], [175.856, 245], [175.880, 245], [175.891, 245], [175.901, 245], [175.915, 245], [175.924, 245], [175.928, 245], [175.932, 245], [175.964, 243], [175.978, 243], [175.989, 242], [176.039, 242], [176.097, 243], [176.112, 243], [176.146, 242], [176.154, 242], [176.478, 241], [176.538, 240], [176.751, 238], [176.829, 241], [176.839, 241], [176.843, 240], [176.848, 240], [176.855, 241], [176.906, 238], [176.908, 238], [176.909, 238], [176.919, 240], [176.921, 241], [176.969, 241], [176.979, 240], [176.984, 240], [177.155, 237], [177.192, 238], [177.312, 238], [177.358, 236], [177.559, 234], [177.628, 235], [177.671, 235], [177.683, 235], [177.703, 234], [178.001, 229], [178.020, 229], [178.030, 229], [178.098, 232], [178.107, 232], [178.126, 231], [178.130, 231], [178.301, 227], [178.471, 227], [178.488, 227], [178.760, 224], [178.791, 224], [178.816, 224], [178.840, 224], [178.860, 224], [178.887, 225], [178.912, 226], [178.952, 224], [179.076, 224], [179.369, 224], [179.427, 224], [179.486, 223], [179.610, 223], [179.727, 229], [179.775, 225], [179.776, 225], [179.797, 223], [179.811, 222], [180.040, 223], [180.049, 223], [180.053, 222], [180.060, 222], [180.388, 219], [180.437, 219], [180.454, 219], [180.460, 219], [180.477, 219], [180.512, 219], [180.523, 220], [180.530, 220], [180.544, 220], [180.778, 221], [180.797, 219], [180.808, 219], [180.862, 219], [180.869, 218], [180.876, 217], [180.918, 216], [180.935, 219], [180.967, 219], [180.980, 218], [180.984, 218], [180.990, 218], [180.993, 218], [181.026, 218], [181.034, 219], [181.038, 219], [181.044, 219], [181.111, 219], [181.120, 219], [181.127, null], [181.147, null], [181.188, 219], [181.196, 219], [181.200, 219], [181.501, 216], [181.528, 216], [181.779, 218], [181.835, 218], [181.846, 217], [181.853, 217], [181.871, 217], [181.880, 218], [182.073, 218], [182.080, 217], [182.086, 217], [182.089, 217], [182.099, 218], [182.248, 216], [182.277, 215], [182.288, 215], [182.292, 215], [182.297, 215], [182.299, 215], [182.301, 215], [182.305, 215], [182.306, 215], [182.307, 215], [182.310, 215], [182.397, 216], [182.433, 216], [182.503, 216], [182.603, 217], [182.625, 218], [182.640, 218], [182.662, 218], [182.675, 218], [182.963, 214], [183.062, 214], [183.077, 214], [183.084, 214], [183.088, 214], [183.092, 214], [183.095, 214], [183.100, 215], [183.122, 216], [183.126, 216], [183.129, 215], [183.132, 215], [183.167, 215], [183.200, 214], [183.219, 215], [183.230, 214], [183.236, 213], [183.267, 213], [183.280, 213], [183.305, 213], [183.320, 213], [183.337, 212], [183.344, 212], [183.371, 211], [183.411, 212], [183.506, 211], [183.526, 211], [183.541, 211], [183.566, 211], [183.787, 211], [183.808, 211], [183.842, 211], [183.853, 211], [183.962, 208], [183.973, 207], [184.059, 207], [184.063, 207], [184.067, 207], [184.085, 207], [184.415, 203], [184.451, 206], [184.502, 206], [184.645, 206], [184.699, 205], [184.712, 205], [184.946, 202], [185.079, 203], [185.082, 203], [185.090, 203], [185.095, 203], [185.106, 202], [185.117, 201], [185.122, 201], [185.132, 200], [185.135, 200], [185.141, 200], [185.321, 199], [185.532, 198], [185.660, 197], [185.755, 199], [185.860, 197], [185.951, 196], [185.960, 196], [186.024, 196], [186.226, 195], [186.236, 194], [186.244, 194], [186.249, 195], [186.268, 195], [186.333, 195], [186.394, 194], [186.446, 193], [186.479, 194], [186.666, 194], [186.756, 193], [186.804, 192], [186.997, 191], [187.221, 192], [187.244, 192], [187.253, 192], [187.277, 192], [187.292, 192], [187.391, 193], [187.455, 194], [187.509, 195], [187.524, 195], [187.566, 194], [187.569, 194], [187.581, 194], [187.589, 194], [187.600, 193], [187.627, 193], [187.633, 193], [187.750, 195], [187.855, 193], [187.888, 193], [187.905, 193], [187.962, 193], [188.017, 196], [188.024, 196], [188.050, 196], [188.063, 196], [188.089, 196], [188.103, 197], [188.112, 197], [188.195, 197], [188.284, 195], [188.347, 197], [188.394, 196], [188.414, 197], [188.430, 197], [188.442, 197], [188.469, 195], [188.491, 193], [188.542, 189], [188.548, 189], [188.556, 188], [188.565, 188], [188.583, 188], [188.625, 187], [188.649, 188], [188.669, 187], [188.701, 186], [188.761, 186], [188.820, 187], [188.860, 187], [188.880, 187], [188.897, 187], [188.908, 187], [188.925, 188], [188.944, 188], [188.961, 188], [188.986, 188], [189.035, 188], [189.057, 188], [189.074, 189], [189.086, 188], [189.199, 188], [189.206, 189], [189.210, 189], [189.352, 189], [189.676, 188], [189.807, 190], [189.837, 193], [189.865, 194], [189.953, 194], [190.003, 197], [190.046, 198], [190.058, 198], [190.063, 197], [190.091, 197], [190.095, 198], [190.099, 198], [190.112, 198], [190.119, 198], [190.122, 198], [190.132, 197], [190.140, 198], [190.148, 197], [190.185, 196], [190.343, 196], [190.400, 196], [190.414, 196], [190.415, 196], [190.417, 196], [190.421, 196], [190.439, 197], [190.591, 200], [190.603, 200], [190.612, 199], [190.723, 199], [190.833, 198], [190.863, 198], [190.871, 198], [190.874, 198], [190.879, 198], [190.882, 198], [191.036, 200], [191.094, 200], [191.113, 200], [191.142, 201], [191.170, 201], [191.209, 202], [191.331, 202], [191.340, 202], [191.348, 202], [191.367, 202], [191.544, 202], [191.552, 203], [191.588, 202], [191.599, 202], [191.601, 202], [191.604, 202], [191.607, 202], [191.612, 202], [191.616, 202], [191.620, 202], [191.625, 202], [191.649, 203], [191.657, 204], [191.664, 204], [191.672, 204], [191.678, 204], [191.685, 204], [191.697, 204], [191.707, 203], [191.718, 202], [191.722, 202], [191.725, 202], [191.731, 202], [191.737, 202], [191.781, 202], [191.916, 201], [191.921, 202], [191.932, 202], [191.965, 202], [191.983, 201], [192.005, 201], [192.021, 201], [192.051, 201], [192.064, 200], [192.099, 200], [192.129, 200], [192.134, 201], [192.149, 201], [192.156, 202], [192.168, 201], [192.184, 201], [192.214, 200], [192.232, 199], [192.246, 199], [192.257, 199], [192.275, 199], [192.280, 200], [192.310, 200], [192.340, 198], [192.359, 199], [192.395, 199], [192.400, 199], [192.414, 199], [192.442, 200], [192.448, 200], [192.477, 201], [192.485, 201], [192.505, 202], [192.539, 199], [192.548, 199], [192.588, 199], [192.591, 198], [192.611, 197], [192.684, 197], [192.725, 197], [192.731, 197], [192.749, 197], [192.791, 197], [192.953, 198], [192.954, 199], [192.986, 198], [192.989, 198], [192.995, 198], [193.014, 199], [193.016, 199], [193.019, 199], [193.025, 199], [193.068, 199], [193.081, 200], [193.104, 201], [193.144, 201], [193.152, 199], [193.159, 199], [193.247, 200], [193.301, 199], [193.347, 197], [193.399, 197], [193.452, 197], [193.466, 196], [193.501, 196], [193.520, 196], [193.666, 196], [193.753, 197], [193.830, 196], [193.882, 195], [193.929, 194], [193.962, 193], [194.014, 192], [194.031, 193], [194.035, 193], [194.045, 193], [194.050, 193], [194.059, 193], [194.086, 192], [194.112, 192], [194.171, 192], [194.222, 192], [194.223, 191], [194.233, 191], [194.445, 190], [194.479, 191], [194.504, 189], [194.657, 189], [194.812, 189], [195.226, 184], [195.287, 184], [195.293, 185], [195.298, 185], [195.306, 185], [195.490, 187], [195.530, 186], [195.649, 187], [195.742, 190], [195.815, 192], [195.897, 193], [195.929, 194], [195.940, 194], [196.004, 195], [196.373, 197], [196.530, 198], [196.546, 199], [196.558, 198], [196.569, 198], [196.573, 198], [196.583, 198], [196.595, 197], [196.609, 197], [196.616, 197], [196.633, 197], [196.641, 197], [196.671, 197], [196.690, 197], [196.722, 197], [196.759, 197], [196.965, 197], [197.122, 198], [197.208, 198], [197.313, 199], [197.321, 199], [197.327, 200], [197.333, 200], [197.361, 200], [197.375, 200], [197.380, 200], [197.502, 200], [197.622, 200], [197.633, 201], [197.753, 200], [197.849, 199], [197.946, 198], [197.975, 197], [198.030, 196], [198.040, 196], [198.112, 195], [198.126, 195], [198.241, 196], [198.250, 196], [198.270, 197], [198.329, 193], [198.334, 192], [198.341, 192], [198.376, 195], [198.399, 194], [198.402, 193], [198.410, 193], [198.417, 193], [198.421, 193], [198.425, 193], [198.429, 193], [198.457, 194], [198.477, 195], [198.497, 194], [198.512, 194], [198.529, 193], [198.595, 193], [198.630, 195], [198.635, 195], [198.638, 195], [198.649, 194], [198.653, 194], [198.665, 194], [198.786, 194], [198.935, 193], [198.967, 196], [199.206, 196], [199.211, 196], [199.214, 196], [199.278, 196], [199.329, 196], [199.366, 195], [199.534, 195], [199.573, 197], [199.582, 198], [199.650, 198], [199.661, 199], [199.669, 199], [199.692, 199], [199.701, 200], [199.745, 200], [199.760, 201], [199.770, 201], [199.779, 200], [199.785, 200], [199.791, 200], [199.807, 200], [199.824, 200], [199.842, 199], [199.870, 198], [199.884, 197], [199.892, 197], [199.915, 197], [199.920, 196], [199.926, 196], [199.931, 196], [199.944, 196], [199.996, 195], [200.060, 193], [200.062, 193], [200.074, 193], [200.087, 192], [200.090, 192], [200.092, 192], [200.096, 192], [200.100, 192], [200.105, 192], [200.109, 192], [200.112, 192], [200.115, 192], [200.123, 192], [200.127, 192], [200.158, 192], [200.190, 193], [200.207, 193], [200.226, 192], [200.240, 191], [200.255, 191], [200.289, 191], [200.324, 191], [200.343, 197], [200.349, 196], [200.357, 196], [200.372, 195], [200.375, 196], [200.434, 196], [200.493, 192], [200.574, 192], [200.651, 191], [200.726, 192], [200.805, 191], [200.887, 191], [200.971, 191], [201.057, 191], [201.144, 191], [201.225, 189], [201.392, 190], [201.473, 189], [201.483, 189], [201.556, 189], [201.563, 188], [201.566, 188], [201.569, 188], [201.573, 188], [201.578, 189], [201.583, 189], [201.585, 189], [201.588, 189], [201.592, 189], [201.599, 189], [201.616, 188], [201.649, 188], [201.678, 187], [201.681, 187], [201.685, 187], [201.690, 187], [201.694, 187], [201.698, 187], [201.700, 187], [201.722, 186], [201.727, 187], [201.731, 187], [201.734, 187], [201.762, 187], [201.792, 188], [201.819, 190], [201.824, 190], [201.834, 191], [201.840, 191], [201.858, 190], [201.865, 190], [201.876, 190], [201.913, 190], [201.922, 191], [201.952, 194], [201.975, 191], [202.151, 190], [202.161, 190], [202.167, 190], [202.189, 191], [202.237, 192], [202.244, 192], [202.251, 192], [202.258, 192], [202.264, 192], [202.265, 192], [202.268, 192], [202.272, 192], [202.281, 192], [202.287, 193], [202.291, 193], [202.292, 193], [202.298, 193], [202.302, 193], [202.308, 194], [202.352, 196], [202.357, 196], [202.361, 196], [202.371, 194], [202.464, 197], [202.472, 197], [202.544, 199], [202.610, 200], [202.617, 200], [202.629, 200], [202.634, 200], [202.648, 200], [202.658, 200], [202.660, 200], [202.664, 200], [202.673, 200], [202.705, 200], [202.720, 200], [202.744, 201], [202.772, 203], [202.997, 215], [203.008, 214], [203.022, 214], [203.037, 215], [203.053, 216], [203.160, 222], [203.163, 222], [203.168, 222], [203.179, 223], [203.185, 223], [203.188, 223], [203.193, 223], [203.198, 223], [203.202, 223], [203.245, 223], [203.295, 223], [203.302, 222], [203.309, 223], [203.315, 224], [203.353, 227], [203.357, 226], [203.362, 226], [203.372, 225], [203.378, 225], [203.383, 225], [203.391, 224], [203.402, 224], [203.438, 224], [203.492, 224], [203.537, 226], [203.563, 226], [203.609, 221], [203.614, 221], [203.628, 222], [203.641, 222], [203.652, 223], [203.657, 223], [203.663, 223], [203.669, 223], [203.692, 223], [203.698, 225], [203.756, 228], [203.875, 234], [203.914, 235], [203.932, 236], [203.983, 237], [204.025, 240], [204.047, 241], [204.055, 241], [204.108, 242], [204.169, 242], [204.191, 242], [204.211, 242], [204.291, 241], [204.312, 242], [204.323, 242], [204.335, 243], [204.395, 243], [204.449, 244], [204.455, 244], [204.460, 245], [204.520, 245], [204.532, 244], [204.537, 243], [204.556, 243], [204.563, 244], [204.581, 244], [204.607, 244], [204.616, 244], [204.624, 245], [204.643, 245], [204.676, 245], [204.688, 244], [204.703, 244], [204.719, 244], [204.732, 244], [204.762, 244], [204.772, 244], [204.807, 244], [204.886, 245], [204.905, 238], [204.938, 237], [204.947, 237], [204.960, 237], [204.980, 237], [205.012, 237], [205.048, 238], [205.057, 238], [205.060, 239], [205.071, 239], [205.080, 238], [205.085, 238], [205.166, 239], [205.174, 237], [205.181, 236], [205.250, 230], [205.322, 230], [205.327, 230], [205.328, 230], [205.330, 230], [205.339, 230], [205.346, 231], [205.413, 231], [205.429, 232], [205.431, 230], [205.504, 229], [205.514, 227], [205.622, 226], [205.629, 226], [205.639, 227], [205.671, 227], [205.684, 225], [205.697, 223], [205.715, 220], [205.724, 221], [205.732, 221], [205.734, 222], [205.739, 222], [205.746, 222], [205.752, 222], [205.759, 221], [205.766, 221], [205.789, 224], [205.799, 226], [205.808, 227], [205.838, 223], [205.839, 223], [205.844, 223], [205.855, 224], [205.860, 224], [205.888, 222], [205.942, 216], [205.957, 217], [206.002, 220], [206.004, 221], [206.013, 222], [206.015, 222], [206.016, 222], [206.025, 223], [206.029, 223], [206.126, 218], [206.194, 213], [206.291, 212], [206.299, 211], [206.309, 211], [206.312, 211], [206.319, 209], [206.333, 206], [206.336, 206], [206.379, 206], [206.388, 206], [206.414, 205], [206.422, 205], [206.431, 205], [206.484, 203], [206.552, 204], [206.554, 204], [206.558, 205], [206.568, 205], [206.585, 203], [206.623, 205], [206.651, 207], [206.665, 206], [206.677, 205], [206.703, 204], [206.721, 204], [206.732, 205], [206.736, 205], [206.751, 205], [206.763, 204], [206.766, 204], [206.767, 204], [206.819, 208], [206.877, 208], [206.887, 205], [206.891, 204], [206.900, 204], [206.903, 203], [206.951, 203], [206.976, 202], [207.023, 201], [207.038, 200], [207.043, 200], [207.048, 200], [207.059, 201], [207.069, 201], [207.074, 200], [207.080, 200], [207.086, 199], [207.089, 199], [207.095, 198], [207.100, 198], [207.108, 198], [207.113, 199], [207.114, 199], [207.130, 200], [207.135, 201], [207.139, 201], [207.143, 202], [207.261, 204], [207.267, 203], [207.270, 202], [207.274, 202], [207.278, 201], [207.281, 201], [207.291, 200], [207.301, 200], [207.311, 200], [207.329, 200], [207.417, 201], [207.421, 201], [207.427, 201], [207.435, 201], [207.446, 201], [207.450, 201], [207.473, 201], [207.474, 201], [207.481, 201], [207.518, 200], [207.535, 198], [207.545, 198], [207.552, 198], [207.566, 198], [207.577, 197], [207.580, 197], [207.581, 197], [207.591, 197], [207.599, 198], [207.604, 198], [207.671, 197], [207.678, 197], [207.684, 197], [207.689, 197], [207.692, 197], [207.696, 197], [207.697, 197], [207.699, 197], [207.701, 197], [207.709, 197], [207.722, 196], [207.728, 196], [207.729, 196], [207.737, 196], [207.737, 196], [207.743, 196], [207.746, 197], [207.748, 197], [207.778, 197], [207.794, 198], [207.805, 198], [207.815, 197], [207.825, 197], [207.846, 196], [207.889, 201], [207.973, 202], [208.052, 201], [208.068, 199], [208.076, 197], [208.097, 196], [208.125, 197], [208.139, 197], [208.147, 195], [208.155, 193], [208.164, 192], [208.165, 192], [208.169, 191], [208.268, 192], [208.275, 192], [208.472, 184], [208.475, 184], [208.483, 182], [208.496, 180], [208.497, 180], [208.508, 179], [208.774, 182], [208.783, 184], [208.844, 181], [208.852, 181], [208.853, 181], [208.855, 180], [208.859, 180], [208.861, 180], [208.864, 179], [208.868, 179], [208.882, 177], [208.895, 176], [208.916, 174], [208.928, 173], [208.934, 173], [208.947, 172], [208.953, 172], [208.958, 172], [208.986, 171], [208.996, 171], [209.004, 171], [209.025, 170], [209.038, 170], [209.044, 170], [209.051, 170], [209.052, 170], [209.059, 172], [209.067, 173], [209.077, 175], [209.119, 177], [209.127, 176], [209.134, 178], [209.137, 177], [209.139, 177], [209.144, 177], [209.169, 172], [209.177, 170], [209.186, 170], [209.191, 170], [209.197, 170], [209.244, 178], [209.255, 180], [209.298, 180], [209.302, 179], [209.308, 179], [209.311, 179], [209.313, 179], [209.314, 179], [209.314, 179], [209.317, 179], [209.318, 179], [209.319, 179], [209.321, 179], [209.323, 179], [209.339, 182], [209.340, 182], [209.341, 182], [209.344, 182], [209.345, 182], [209.348, 182], [209.349, 182], [209.351, 182], [209.353, 182], [209.354, 183], [209.359, 182], [209.363, 182], [209.405, 182], [209.408, 182], [209.410, 182], [209.416, 182], [209.494, 181], [209.556, 187], [209.564, 177], [209.572, 176], [209.578, 174], [209.583, 173], [209.589, 172], [209.595, 172], [209.664, 172], [209.732, 174], [209.739, 174], [209.750, 174], [209.801, 173], [209.803, 176], [209.806, 176], [209.808, 176], [209.811, 176], [209.813, 175], [209.884, 175], [209.890, 173], [209.899, 174], [209.905, 176], [209.957, 182], [210.078, 185], [210.112, 185], [210.208, 190], [210.225, 189], [210.232, 189], [210.239, 189], [210.289, 192], [210.308, 190], [210.336, 191], [210.344, 191], [210.378, 192], [210.382, 191], [210.433, 186], [210.437, 186], [210.471, 185], [210.507, 185], [210.563, 191], [210.583, 191], [210.597, 192], [210.639, 188], [210.651, 188], [210.659, 188], [210.659, 188], [210.728, 196], [210.746, 194], [210.760, 194], [210.789, 197], [210.811, 197], [210.835, 194]]}, "geometry" : {"type" : "MultiLineString", "coordinates" : [[[15.4379579, 47.0708156], [15.4381956, 47.0708964]], [[15.4379797, 47.0707557], [15.4379579, 47.0708156]], [[15.4380309, 47.0706204], [15.4379797, 47.0707557]], [[15.4380869, 47.0704735], [15.4380309, 47.0706204]], [[15.4380615, 47.0704196], [15.4380869, 47.0704735]], [[15.4380257, 47.0703464], [15.4380615, 47.0704196]], [[15.4379016, 47.0703376], [15.4380257, 47.0703464]], [[15.4378778, 47.0703368], [15.4379016, 47.0703376]], [[15.4378031, 47.0703327], [15.4378778, 47.0703368]], [[15.437762, 47.0703298], [15.4378031, 47.0703327]], [[15.4376866, 47.0702873], [15.437762, 47.0703298]], [[15.4374145, 47.0701185], [15.4376866, 47.0702873]], [[15.4371557, 47.0699599], [15.4374145, 47.0701185]], [[15.4371416, 47.0699513], [15.4371557, 47.0699599]], [[15.4364489, 47.0695115], [15.4371416, 47.0699513]], [[15.436433, 47.0695008], [15.4364489, 47.0695115]], [[15.4364063, 47.0694893], [15.436433, 47.0695008]], [[15.4364063, 47.0694893], [15.4363786, 47.069531]], [[15.4363786, 47.069531], [15.4363681, 47.069544]], [[15.4363681, 47.069544], [15.4363613, 47.0695541]], [[15.4363613, 47.0695541], [15.436357, 47.069565]], [[15.436357, 47.069565], [15.4363471, 47.0695902]], [[15.4363471, 47.0695902], [15.4363425, 47.0696038]], [[15.4363425, 47.0696038], [15.4363371, 47.0696131]], [[15.4363371, 47.0696131], [15.4363324, 47.0696199]], [[15.4363324, 47.0696199], [15.4363224, 47.0696293]], [[15.4363224, 47.0696293], [15.436309, 47.0696376]], [[15.436309, 47.0696376], [15.436301, 47.0696423]], [[15.436301, 47.0696423], [15.4362921, 47.0696455]], [[15.4362921, 47.0696455], [15.4362806, 47.0696487]], [[15.4362806, 47.0696487], [15.4362707, 47.0696498]], [[15.4362707, 47.0696498], [15.4362527, 47.0696491]], [[15.4362527, 47.0696491], [15.4362437, 47.0696784]], [[15.4362437, 47.0696784], [15.4360156, 47.0703307]], [[15.4360156, 47.0703307], [15.4359229, 47.0705471]], [[15.4359229, 47.0705471], [15.4358985, 47.0706127]], [[15.4358985, 47.0706127], [15.4357935, 47.0707731]], [[15.4357935, 47.0707731], [15.4357536, 47.0708317]], [[15.4357536, 47.0708317], [15.4356825, 47.0708987]], [[15.4356825, 47.0708987], [15.4356538, 47.0709261]], [[15.4356538, 47.0709261], [15.4356364, 47.0709459]], [[15.4356364, 47.0709459], [15.4356241, 47.0709565]], [[15.4356241, 47.0709565], [15.4355249, 47.0709446]], [[15.4355249, 47.0709446], [15.4354753, 47.0709385]], [[15.435473, 47.0709523], [15.4354753, 47.0709385]], [[15.4354638, 47.0710079], [15.435473, 47.0709523]], [[15.4354615, 47.0710289], [15.4354638, 47.0710079]], [[15.4354586, 47.0710553], [15.4354615, 47.0710289]], [[15.4354282, 47.0712629], [15.4354586, 47.0710553]], [[15.4354252, 47.0712836], [15.4354282, 47.0712629]], [[15.4353775, 47.0714776], [15.4354252, 47.0712836]], [[15.4353259, 47.0716885], [15.4353775, 47.0714776]], [[15.4353085, 47.0717644], [15.4353259, 47.0716885]], [[15.4352996, 47.0718031], [15.4353085, 47.0717644]], [[15.4352312, 47.0721019], [15.4352996, 47.0718031]], [[15.4351738, 47.0723526], [15.4352312, 47.0721019]], [[15.4351424, 47.0724858], [15.4351738, 47.0723526]], [[15.4351343, 47.07252], [15.4351424, 47.0724858]], [[15.4351162, 47.0725173], [15.4351343, 47.07252]], [[15.4350952, 47.0725142], [15.4351162, 47.0725173]], [[15.4347745, 47.0724726], [15.4350952, 47.0725142]], [[15.4342584, 47.0723824], [15.4347745, 47.0724726]], [[15.4342006, 47.072399], [15.4342584, 47.0723824]], [[15.4341772, 47.0727139], [15.4342006, 47.072399]], [[15.434052, 47.0732428], [15.4341772, 47.0727139]], [[15.4340248, 47.073492], [15.434052, 47.0732428]], [[15.433993, 47.0736463], [15.4340248, 47.073492]], [[15.4337969, 47.0742722], [15.433993, 47.0736463]], [[15.4337326, 47.0744695], [15.4337969, 47.0742722]], [[15.4334208, 47.0753781], [15.4337326, 47.0744695]], [[15.4332183, 47.075818], [15.4334208, 47.0753781]], [[15.4325858, 47.0770355], [15.4332183, 47.075818]], [[15.4325013, 47.0771983], [15.4325858, 47.0770355]], [[15.4324906, 47.0772188], [15.4325013, 47.0771983]], [[15.4324906, 47.0772188], [15.4325355, 47.0772374]], [[15.4325355, 47.0772374], [15.432551, 47.0772879]], [[15.432551, 47.0772879], [15.4324192, 47.0775718]], [[15.4324192, 47.0775718], [15.4322948, 47.0778192]], [[15.4322948, 47.0778192], [15.4321499, 47.0781174]], [[15.4321499, 47.0781174], [15.4318646, 47.0786423]], [[15.4318646, 47.0786423], [15.4318292, 47.0787149]], [[15.4318292, 47.0787149], [15.4318, 47.0787752]], [[15.4318, 47.0787752], [15.4316504, 47.0791014]], [[15.4316504, 47.0791014], [15.4314568, 47.0794151]], [[15.4314568, 47.0794151], [15.4312129, 47.0797417]], [[15.4312129, 47.0797417], [15.4310331, 47.0799614]], [[15.4310331, 47.0799614], [15.4308421, 47.0801753]], [[15.4308421, 47.0801753], [15.430451, 47.0805561]], [[15.430451, 47.0805561], [15.4298575, 47.081044]], [[15.4298575, 47.081044], [15.4289551, 47.0816447]], [[15.4289551, 47.0816447], [15.4280652, 47.082204]], [[15.4280652, 47.082204], [15.427803, 47.082371]], [[15.427803, 47.082371], [15.4274711, 47.0825847]], [[15.4274711, 47.0825847], [15.4272222, 47.0827097]], [[15.4272222, 47.0827097], [15.4271028, 47.0827837]], [[15.4271028, 47.0827837], [15.4265279, 47.0832067]], [[15.4265279, 47.0832067], [15.4263922, 47.0833295]], [[15.4263922, 47.0833295], [15.426295, 47.0834003]], [[15.426295, 47.0834003], [15.4258897, 47.0836824]], [[15.4258897, 47.0836824], [15.4253463, 47.0841836]], [[15.4253463, 47.0841836], [15.4247004, 47.0848725]], [[15.4247004, 47.0848725], [15.4242693, 47.0853572]], [[15.4242693, 47.0853572], [15.4240033, 47.085772]], [[15.4240033, 47.085772], [15.4239699, 47.0858287]], [[15.4239699, 47.0858287], [15.4236214, 47.0864201]], [[15.4236214, 47.0864201], [15.4235435, 47.0865545]], [[15.4235435, 47.0865545], [15.4235588, 47.086624]], [[15.4235588, 47.086624], [15.4235541, 47.0866953]], [[15.4235541, 47.0866953], [15.4235095, 47.0868]], [[15.4235095, 47.0868], [15.4234885, 47.086849]], [[15.4234885, 47.086849], [15.4234584, 47.0868994]], [[15.4234584, 47.0868994], [15.4234438, 47.0869237]], [[15.4234438, 47.0869237], [15.4233892, 47.0870208]], [[15.4233892, 47.0870208], [15.4233248, 47.0871569]], [[15.4233248, 47.0871569], [15.4232872, 47.0871988]], [[15.4232872, 47.0871988], [15.4232792, 47.0871646]], [[15.4232792, 47.0871646], [15.4232697, 47.0869959]], [[15.4232697, 47.0869959], [15.4229545, 47.086904]], [[15.4229545, 47.086904], [15.4229071, 47.0868525]], [[15.4229071, 47.0868525], [15.423324, 47.0869807]], [[15.423324, 47.0869807], [15.4238845, 47.0871535]], [[15.4238845, 47.0871535], [15.4242599, 47.0872713]], [[15.4242599, 47.0872713], [15.4243364, 47.0873089]], [[15.424055, 47.0876613], [15.4243364, 47.0873089]], [[15.4236977, 47.0882784], [15.424055, 47.0876613]], [[15.423607, 47.0884429], [15.4236977, 47.0882784]], [[15.4233658, 47.0888448], [15.423607, 47.0884429]], [[15.4232397, 47.0890586], [15.4233658, 47.0888448]], [[15.4231792, 47.0892535], [15.4232397, 47.0890586]], [[15.4230797, 47.0894193], [15.4231792, 47.0892535]], [[15.4229476, 47.0895364], [15.4230797, 47.0894193]], [[15.4228757, 47.0896831], [15.4229476, 47.0895364]], [[15.4228127, 47.0898774], [15.4228757, 47.0896831]], [[15.4227288, 47.090009], [15.4228127, 47.0898774]], [[15.4226457, 47.0901141], [15.4227288, 47.090009]], [[15.4225283, 47.0902341], [15.4226457, 47.0901141]], [[15.4224492, 47.0903391], [15.4225283, 47.0902341]], [[15.422351, 47.0904778], [15.4224492, 47.0903391]], [[15.422351, 47.0904778], [15.4226048, 47.0905691]], [[15.4226048, 47.0905691], [15.422692, 47.0905995]], [[15.422692, 47.0905995], [15.4229593, 47.0907229]], [[15.4229593, 47.0907229], [15.4230623, 47.0907704]], [[15.4230623, 47.0907704], [15.4231496, 47.0908159]], [[15.4231496, 47.0908159], [15.4238787, 47.0911957]], [[15.4238787, 47.0911957], [15.4239303, 47.0912226]], [[15.4239303, 47.0912226], [15.4240205, 47.0912696]], [[15.4240205, 47.0912696], [15.4242002, 47.0913621]], [[15.4240368, 47.091496], [15.4242002, 47.0913621]], [[15.4238306, 47.091668], [15.4240368, 47.091496]], [[15.423755, 47.0917335], [15.4238306, 47.091668]], [[15.4236869, 47.0917879], [15.423755, 47.0917335]], [[15.4235943, 47.0918619], [15.4236869, 47.0917879]], [[15.4234949, 47.0919303], [15.4235943, 47.0918619]], [[15.423116, 47.0921909], [15.4234949, 47.0919303]], [[15.4228898, 47.0924721], [15.423116, 47.0921909]], [[15.4226366, 47.0928486], [15.4228898, 47.0924721]], [[15.4225594, 47.0929633], [15.4226366, 47.0928486]], [[15.4224976, 47.0930949], [15.4225594, 47.0929633]], [[15.4224716, 47.0931525], [15.4224976, 47.0930949]], [[15.4224567, 47.0932326], [15.4224716, 47.0931525]], [[15.4224487, 47.0933241], [15.4224567, 47.0932326]], [[15.4224382, 47.0934168], [15.4224487, 47.0933241]], [[15.4224382, 47.0934168], [15.4224375, 47.0934824]], [[15.4224375, 47.0934824], [15.4224462, 47.0936022]], [[15.4224462, 47.0936022], [15.4224613, 47.0936613]], [[15.4224613, 47.0936613], [15.4224724, 47.0936997]], [[15.4224724, 47.0936997], [15.4225726, 47.0938813]], [[15.4225726, 47.0938813], [15.4226739, 47.094045]], [[15.4226739, 47.094045], [15.4221893, 47.0942798]], [[15.4221893, 47.0942798], [15.4218553, 47.0944923]], [[15.4218553, 47.0944923], [15.4216908, 47.0946312]], [[15.4216908, 47.0946312], [15.4215427, 47.0947878]], [[15.4215427, 47.0947878], [15.421527, 47.0948182]], [[15.421527, 47.0948182], [15.4214536, 47.0949599]], [[15.4214536, 47.0949599], [15.4214386, 47.0950428]], [[15.4214386, 47.0950428], [15.4214214, 47.0951373]], [[15.4214214, 47.0951373], [15.42142, 47.0951533]], [[15.42142, 47.0951533], [15.421412, 47.0952442]], [[15.421412, 47.0952442], [15.4213899, 47.0954969]], [[15.4213899, 47.0954969], [15.421377, 47.0956437]], [[15.421377, 47.0956437], [15.4212912, 47.0959475]], [[15.4212912, 47.0959475], [15.4210013, 47.0966979]], [[15.4210013, 47.0966979], [15.4209236, 47.0969609]], [[15.4209236, 47.0969609], [15.4208878, 47.0971979]], [[15.4208878, 47.0971979], [15.420868, 47.0975156]], [[15.420868, 47.0975156], [15.4209094, 47.0979262]], [[15.4202441, 47.0978757], [15.4209094, 47.0979262]], [[15.4195411, 47.0978145], [15.4202441, 47.0978757]], [[15.4194944, 47.0978104], [15.4195411, 47.0978145]], [[15.4193812, 47.0977998], [15.4194944, 47.0978104]], [[15.4192047, 47.0977832], [15.4193812, 47.0977998]], [[15.419078, 47.097776], [15.4192047, 47.0977832]], [[15.4190488, 47.0977822], [15.419078, 47.097776]], [[15.4189907, 47.0977946], [15.4190488, 47.0977822]], [[15.4189907, 47.0977946], [15.4189705, 47.0977768]], [[15.4189705, 47.0977768], [15.4189404, 47.0977269]], [[15.4189404, 47.0977269], [15.4189124, 47.0976728]], [[15.4189124, 47.0976728], [15.4188544, 47.0975849]], [[15.4188544, 47.0975849], [15.4187973, 47.0974884]], [[15.4187973, 47.0974884], [15.4186945, 47.0973659]], [[15.4186945, 47.0973659], [15.4186392, 47.097426]], [[15.4186392, 47.097426], [15.41863, 47.0974363]], [[15.41863, 47.0974363], [15.4186624, 47.0975047]], [[15.4186624, 47.0975047], [15.418658, 47.0975449]], [[15.418658, 47.0975449], [15.4186088, 47.0975969]], [[15.4186088, 47.0975969], [15.4184398, 47.0977423]], [[15.4184398, 47.0977423], [15.4182828, 47.0979185]], [[15.4182828, 47.0979185], [15.4181072, 47.098112]], [[15.4181072, 47.098112], [15.418, 47.0982395]], [[15.418, 47.0982395], [15.4179484, 47.0983009]], [[15.4179484, 47.0983009], [15.4179091, 47.0983474]], [[15.4179091, 47.0983474], [15.4178242, 47.098448]], [[15.4178242, 47.098448], [15.4176626, 47.0986513]], [[15.4176626, 47.0986513], [15.4175238, 47.0988205]], [[15.4175238, 47.0988205], [15.4173977, 47.0989839]], [[15.4173977, 47.0989839], [15.4171362, 47.0993135]], [[15.4171362, 47.0993135], [15.4169532, 47.0995423]], [[15.4169532, 47.0995423], [15.4168394, 47.0996846]], [[15.4168394, 47.0996846], [15.4166226, 47.0999589]], [[15.4166226, 47.0999589], [15.4165767, 47.100025]], [[15.4165439, 47.1000639], [15.4165767, 47.100025]], [[15.41648, 47.1001397], [15.4165439, 47.1000639]], [[15.4164314, 47.1002041], [15.41648, 47.1001397]], [[15.4164314, 47.1002041], [15.4164105, 47.1002269]], [[15.4164105, 47.1002269], [15.4163874, 47.1002558]], [[15.4163874, 47.1002558], [15.4162497, 47.1004677]], [[15.4162497, 47.1004677], [15.4161632, 47.1006008]], [[15.4161632, 47.1006008], [15.4159367, 47.1009996]], [[15.4159367, 47.1009996], [15.415648, 47.101522]], [[15.4157223, 47.1015331], [15.415648, 47.101522]], [[15.4158129, 47.1015267], [15.4157223, 47.1015331]], [[15.4158871, 47.1015367], [15.4158129, 47.1015267]], [[15.4158871, 47.1015367], [15.4158683, 47.101569]], [[15.4158683, 47.101569], [15.4156796, 47.1018918]], [[15.4156796, 47.1018918], [15.4156224, 47.1019951]], [[15.4156224, 47.1019951], [15.4153744, 47.1024162]], [[15.4153744, 47.1024162], [15.4153365, 47.1024818]], [[15.4153365, 47.1024818], [15.414725, 47.1035396]], [[15.414725, 47.1035396], [15.4146961, 47.1035854]], [[15.4146961, 47.1035854], [15.4146521, 47.1036522]], [[15.4146521, 47.1036522], [15.4146099, 47.1037163]], [[15.4146099, 47.1037163], [15.41454, 47.103832]], [[15.41454, 47.103832], [15.4143476, 47.1041344]], [[15.4143476, 47.1041344], [15.4143243, 47.1041705]], [[15.4143243, 47.1041705], [15.4142552, 47.1042772]], [[15.4142552, 47.1042772], [15.4142451, 47.1042928]], [[15.4142451, 47.1042928], [15.4141963, 47.1044533]], [[15.4141963, 47.1044533], [15.4140994, 47.1046023]], [[15.4140994, 47.1046023], [15.4140221, 47.1047282]], [[15.4140221, 47.1047282], [15.4138715, 47.1049857]], [[15.4138715, 47.1049857], [15.413827, 47.1050562]], [[15.413827, 47.1050562], [15.4137937, 47.1051088]], [[15.4137937, 47.1051088], [15.4137848, 47.1051221]], [[15.4137848, 47.1051221], [15.4135809, 47.1054053]], [[15.4135809, 47.1054053], [15.4133751, 47.1056807]], [[15.4133751, 47.1056807], [15.4132219, 47.1058734]], [[15.4132219, 47.1058734], [15.4127724, 47.1063556]], [[15.4127724, 47.1063556], [15.412261, 47.1068281]], [[15.412261, 47.1068281], [15.4116443, 47.1072904]], [[15.4116443, 47.1072904], [15.4111221, 47.1075795]], [[15.4111221, 47.1075795], [15.4103787, 47.107933]], [[15.4103787, 47.107933], [15.4097735, 47.1081654]], [[15.4097735, 47.1081654], [15.4092525, 47.1083427]], [[15.4092525, 47.1083427], [15.4083328, 47.1086011]], [[15.4083328, 47.1086011], [15.4079103, 47.1087145]], [[15.4079103, 47.1087145], [15.4077398, 47.1087603]], [[15.4077398, 47.1087603], [15.4071113, 47.1089287]], [[15.4071113, 47.1089287], [15.4060566, 47.1091827]], [[15.4060566, 47.1091827], [15.4055229, 47.1093114]], [[15.4055229, 47.1093114], [15.4049813, 47.1094627]], [[15.4049813, 47.1094627], [15.4043729, 47.1096119]], [[15.4043729, 47.1096119], [15.4038186, 47.1097157]], [[15.4038186, 47.1097157], [15.4033405, 47.1098011]], [[15.4033405, 47.1098011], [15.4032599, 47.1098321]], [[15.4032599, 47.1098321], [15.4032114, 47.1098514]], [[15.4032114, 47.1098514], [15.4032016, 47.1098414]], [[15.4032016, 47.1098414], [15.4031854, 47.1098251]], [[15.4031854, 47.1098251], [15.403174, 47.1098136]], [[15.403174, 47.1098136], [15.403159, 47.1097985]], [[15.403159, 47.1097985], [15.4030512, 47.109828]], [[15.4030512, 47.109828], [15.4029726, 47.1098329]], [[15.4029726, 47.1098329], [15.4027895, 47.1098472]], [[15.4027895, 47.1098472], [15.4027363, 47.1098498]], [[15.4027363, 47.1098498], [15.4026186, 47.1098379]], [[15.4026186, 47.1098379], [15.4021636, 47.1098657]], [[15.4021636, 47.1098657], [15.401917, 47.1098901]], [[15.401917, 47.1098901], [15.4015514, 47.1099136]], [[15.4015514, 47.1099136], [15.4009086, 47.1099188]], [[15.4009086, 47.1099188], [15.4003232, 47.1099014]], [[15.4003232, 47.1099014], [15.3999296, 47.1098909]], [[15.3999296, 47.1098909], [15.3992305, 47.1098692]], [[15.3992305, 47.1098692], [15.3984713, 47.1098657]], [[15.3984713, 47.1098657], [15.397578, 47.1098448]], [[15.397578, 47.1098448], [15.3970681, 47.1098275]], [[15.3970681, 47.1098275], [15.3964776, 47.109824]], [[15.3964776, 47.109824], [15.3962207, 47.1098222]], [[15.3962207, 47.1098222], [15.395965, 47.1098245]], [[15.395965, 47.1098245], [15.3950064, 47.1098647]], [[15.3950064, 47.1098647], [15.3941238, 47.1099273]], [[15.3941238, 47.1099273], [15.3936046, 47.1099531]], [[15.3936046, 47.1099531], [15.3933987, 47.1099501]], [[15.3933987, 47.1099501], [15.3931788, 47.1099535]], [[15.3931788, 47.1099535], [15.3929199, 47.1099608]], [[15.3929199, 47.1099608], [15.3927465, 47.109976]], [[15.3927465, 47.109976], [15.392603, 47.1099882]], [[15.392603, 47.1099882], [15.3921993, 47.1100225]], [[15.3921993, 47.1100225], [15.3919946, 47.1100402]], [[15.3919946, 47.1100402], [15.3917429, 47.1100545]], [[15.3917429, 47.1100545], [15.3909247, 47.1101243]], [[15.3909247, 47.1101243], [15.3902974, 47.1101768]], [[15.3902974, 47.1101768], [15.390017, 47.1101995]], [[15.390017, 47.1101995], [15.3898635, 47.1102066]], [[15.3898635, 47.1102066], [15.3891591, 47.1102585]], [[15.3891591, 47.1102585], [15.3884099, 47.1103055]], [[15.3884099, 47.1103055], [15.3878961, 47.1103295]], [[15.3878961, 47.1103295], [15.3875064, 47.1103539]], [[15.3875064, 47.1103539], [15.3865989, 47.110405]], [[15.3865989, 47.110405], [15.3861173, 47.1104326]], [[15.3861173, 47.1104326], [15.3850718, 47.1104893]], [[15.3850718, 47.1104893], [15.3844408, 47.1105243]], [[15.3844408, 47.1105243], [15.3838341, 47.1105602]], [[15.3838341, 47.1105602], [15.3828738, 47.1106154]], [[15.3828738, 47.1106154], [15.3823909, 47.1106472]], [[15.3823909, 47.1106472], [15.3821804, 47.1106709]], [[15.3821804, 47.1106709], [15.3819551, 47.1107028]], [[15.3819551, 47.1107028], [15.3816698, 47.1107536]], [[15.3816698, 47.1107536], [15.3809978, 47.1109111]], [[15.3809978, 47.1109111], [15.3805816, 47.1110562]], [[15.3805816, 47.1110562], [15.3800984, 47.111258]], [[15.3800984, 47.111258], [15.3795462, 47.1115647]], [[15.3795462, 47.1115647], [15.379266, 47.1117503]], [[15.379266, 47.1117503], [15.3790551, 47.111946]], [[15.3790551, 47.111946], [15.3789027, 47.1121307]], [[15.3789027, 47.1121307], [15.3787302, 47.1123399]], [[15.3787302, 47.1123399], [15.3786493, 47.1124361]], [[15.3786493, 47.1124361], [15.3785023, 47.1126355]], [[15.3785023, 47.1126355], [15.3784335, 47.1127395]], [[15.3784335, 47.1127395], [15.37813, 47.1132863]], [[15.37813, 47.1132863], [15.3779802, 47.1134936]], [[15.3779802, 47.1134936], [15.3774279, 47.1141225]], [[15.3774279, 47.1141225], [15.3770716, 47.1145634]], [[15.3770716, 47.1145634], [15.376527, 47.115266]], [[15.376527, 47.115266], [15.3759359, 47.1161233]], [[15.3759359, 47.1161233], [15.3755487, 47.1167187]], [[15.3755487, 47.1167187], [15.3752932, 47.1173019]], [[15.3752932, 47.1173019], [15.3748234, 47.1184718]], [[15.3748234, 47.1184718], [15.3745472, 47.1191445]], [[15.3745472, 47.1191445], [15.3744757, 47.119285]], [[15.3744757, 47.119285], [15.3742007, 47.1196235]], [[15.3742007, 47.1196235], [15.3738688, 47.1199254]], [[15.3738688, 47.1199254], [15.3738603, 47.1200022]], [[15.3738603, 47.1200022], [15.3738323, 47.1200458]], [[15.3738323, 47.1200458], [15.3737427, 47.1201091]], [[15.3737427, 47.1201091], [15.3736827, 47.1201559]], [[15.3736827, 47.1201559], [15.3736057, 47.1202249]], [[15.3736057, 47.1202249], [15.3735879, 47.1202356]], [[15.3735879, 47.1202356], [15.3734979, 47.1202896]], [[15.3734979, 47.1202896], [15.3734233, 47.1203344]], [[15.3734233, 47.1203344], [15.3731681, 47.1204025]], [[15.3731681, 47.1204025], [15.3729281, 47.1205038]], [[15.3729281, 47.1205038], [15.3725781, 47.1206759]], [[15.3725781, 47.1206759], [15.3723994, 47.1207947]], [[15.3723994, 47.1207947], [15.3722039, 47.1209246]], [[15.3722039, 47.1209246], [15.3720951, 47.1209645]], [[15.3720951, 47.1209645], [15.3718857, 47.1210028]], [[15.3718857, 47.1210028], [15.3713105, 47.1211016]], [[15.3713105, 47.1211016], [15.3709645, 47.1211486]], [[15.3709645, 47.1211486], [15.3708378, 47.1211506]], [[15.3708378, 47.1211506], [15.3706779, 47.1211242]], [[15.3706779, 47.1211242], [15.370525, 47.1210882]], [[15.370525, 47.1210882], [15.369094, 47.1211928]], [[15.369094, 47.1211928], [15.3689263, 47.1212051]], [[15.3689263, 47.1212051], [15.3674436, 47.1213131]], [[15.3674436, 47.1213131], [15.3673544, 47.1213238]], [[15.3673544, 47.1213238], [15.3669126, 47.1213607]], [[15.3669126, 47.1213607], [15.3665576, 47.1213883]], [[15.3665576, 47.1213883], [15.3660156, 47.1214326]], [[15.3660156, 47.1214326], [15.3649207, 47.1215119]], [[15.3649207, 47.1215119], [15.3647175, 47.1215432]], [[15.3647175, 47.1215432], [15.3644681, 47.1215764]], [[15.3644681, 47.1215764], [15.3644206, 47.1216067]], [[15.3644206, 47.1216067], [15.364385, 47.1216393]], [[15.364385, 47.1216393], [15.3643546, 47.1216614]], [[15.3643546, 47.1216614], [15.3642939, 47.1216775]], [[15.3642668, 47.1215693], [15.3642939, 47.1216775]], [[15.364248, 47.1215389], [15.3642668, 47.1215693]], [[15.364222, 47.1214982], [15.364248, 47.1215389]], [[15.3641888, 47.1214434], [15.364222, 47.1214982]], [[15.3641762, 47.1214231], [15.3641888, 47.1214434]], [[15.3641441, 47.1212776], [15.3641762, 47.1214231]], [[15.3641558, 47.1211415], [15.3641441, 47.1212776]], [[15.3641441, 47.121091], [15.3641558, 47.1211415]], [[15.3641342, 47.1210483], [15.3641441, 47.121091]], [[15.3641185, 47.1209969], [15.3641342, 47.1210483]], [[15.363909, 47.1209774], [15.3641185, 47.1209969]], [[15.3637103, 47.1209584], [15.363909, 47.1209774]], [[15.3634926, 47.1209427], [15.3637103, 47.1209584]], [[15.3633878, 47.1209418], [15.3634926, 47.1209427]], [[15.3628231, 47.120961], [15.3633878, 47.1209418]], [[15.3626718, 47.1209661], [15.3628231, 47.120961]], [[15.3623715, 47.1209765], [15.3626718, 47.1209661]], [[15.3621477, 47.1209884], [15.3623715, 47.1209765]], [[15.3619313, 47.1210031], [15.3621477, 47.1209884]], [[15.3616954, 47.1210856], [15.3619313, 47.1210031]], [[15.3614955, 47.1211899], [15.3616954, 47.1210856]], [[15.3612813, 47.1212921], [15.3614955, 47.1211899]], [[15.3606185, 47.1215452], [15.3612813, 47.1212921]], [[15.3591595, 47.1216952], [15.3606185, 47.1215452]], [[15.3580986, 47.1219211], [15.3591595, 47.1216952]], [[15.3573687, 47.1220981], [15.3580986, 47.1219211]], [[15.3566236, 47.1223583], [15.3573687, 47.1220981]], [[15.3563334, 47.1224596], [15.3566236, 47.1223583]], [[15.3558208, 47.1226336], [15.3563334, 47.1224596]], [[15.3556187, 47.1226806], [15.3558208, 47.1226336]], [[15.3554214, 47.1227264], [15.3556187, 47.1226806]], [[15.3552742, 47.1227808], [15.3554214, 47.1227264]], [[15.3549812, 47.1229162], [15.3552742, 47.1227808]], [[15.3548283, 47.1230263], [15.3549812, 47.1229162]], [[15.3542013, 47.1233513], [15.3548283, 47.1230263]], [[15.3540595, 47.1234392], [15.3542013, 47.1233513]], [[15.3538176, 47.1235891], [15.3540595, 47.1234392]], [[15.3530645, 47.1240801], [15.3538176, 47.1235891]], [[15.3528534, 47.1242178], [15.3530645, 47.1240801]], [[15.3523243, 47.1244924], [15.3528534, 47.1242178]], [[15.3522012, 47.124559], [15.3523243, 47.1244924]], [[15.3521061, 47.1246075], [15.3522012, 47.124559]], [[15.3520601, 47.1246249], [15.3521061, 47.1246075]], [[15.3520601, 47.1246249], [15.3520752, 47.1246467]], [[15.3520752, 47.1246467], [15.3521276, 47.1247339]], [[15.3521276, 47.1247339], [15.3521623, 47.1247743]], [[15.3521623, 47.1247743], [15.3522556, 47.124849]], [[15.3521251, 47.1248607], [15.3522556, 47.124849]], [[15.351913, 47.1249086], [15.3521251, 47.1248607]], [[15.3516068, 47.12496], [15.351913, 47.1249086]], [[15.3514516, 47.1249873], [15.3516068, 47.12496]], [[15.3511957, 47.1250324], [15.3514516, 47.1249873]], [[15.3509769, 47.125071], [15.3511957, 47.1250324]], [[15.3505963, 47.1251345], [15.3509769, 47.125071]], [[15.3504307, 47.1251622], [15.3505963, 47.1251345]], [[15.350372, 47.125172], [15.3504307, 47.1251622]], [[15.3502037, 47.1252001], [15.350372, 47.125172]], [[15.350155, 47.1252138], [15.3502037, 47.1252001]], [[15.3499808, 47.125263], [15.350155, 47.1252138]], [[15.3499482, 47.1252722], [15.3499808, 47.125263]], [[15.3498, 47.1253236], [15.3499482, 47.1252722]], [[15.3497446, 47.1253479], [15.3498, 47.1253236]], [[15.3497061, 47.125363], [15.3497446, 47.1253479]], [[15.3496751, 47.1253958], [15.3497061, 47.125363]], [[15.3496667, 47.1254123], [15.3496751, 47.1253958]], [[15.3496453, 47.1254543], [15.3496667, 47.1254123]], [[15.3495144, 47.1254514], [15.3496453, 47.1254543]], [[15.3493942, 47.1254833], [15.3495144, 47.1254514]], [[15.3493354, 47.1255132], [15.3493942, 47.1254833]], [[15.3492863, 47.1255381], [15.3493354, 47.1255132]], [[15.3492391, 47.125562], [15.3492863, 47.1255381]], [[15.3491237, 47.1256251], [15.3492391, 47.125562]], [[15.3491128, 47.1256312], [15.3491237, 47.1256251]], [[15.3490466, 47.1256684], [15.3491128, 47.1256312]], [[15.3489893, 47.1257022], [15.3490466, 47.1256684]], [[15.3489578, 47.1257207], [15.3489893, 47.1257022]], [[15.3489188, 47.1257437], [15.3489578, 47.1257207]], [[15.3488345, 47.1258028], [15.3489188, 47.1257437]], [[15.3487745, 47.1258446], [15.3488345, 47.1258028]], [[15.3487308, 47.125875], [15.3487745, 47.1258446]], [[15.3486299, 47.1259453], [15.3487308, 47.125875]], [[15.348532, 47.1260135], [15.3486299, 47.1259453]], [[15.3485003, 47.1260356], [15.348532, 47.1260135]], [[15.3482298, 47.1262259], [15.3485003, 47.1260356]], [[15.3481598, 47.1262751], [15.3482298, 47.1262259]], [[15.3481007, 47.1263167], [15.3481598, 47.1262751]], [[15.3479811, 47.1264015], [15.3481007, 47.1263167]], [[15.3479455, 47.1264267], [15.3479811, 47.1264015]], [[15.3477037, 47.1265981], [15.3479455, 47.1264267]], [[15.3476461, 47.126639], [15.3477037, 47.1265981]], [[15.3473019, 47.126883], [15.3476461, 47.126639]], [[15.3472506, 47.1269193], [15.3473019, 47.126883]], [[15.3472353, 47.1269302], [15.3472506, 47.1269193]], [[15.3472013, 47.1269495], [15.3472353, 47.1269302]], [[15.3468654, 47.1271809], [15.3472013, 47.1269495]], [[15.3467458, 47.1272692], [15.3468654, 47.1271809]], [[15.3466599, 47.1273326], [15.3467458, 47.1272692]], [[15.3464644, 47.127477], [15.3466599, 47.1273326]], [[15.3464264, 47.1275029], [15.3464644, 47.127477]], [[15.3463863, 47.1275301], [15.3464264, 47.1275029]], [[15.3463234, 47.1275729], [15.3463863, 47.1275301]], [[15.3460458, 47.1277618], [15.3463234, 47.1275729]], [[15.3459009, 47.1278654], [15.3460458, 47.1277618]], [[15.3457925, 47.1279432], [15.3459009, 47.1278654]], [[15.3455808, 47.1280913], [15.3457925, 47.1279432]], [[15.3453884, 47.1282259], [15.3455808, 47.1280913]], [[15.345314, 47.1282779], [15.3453884, 47.1282259]], [[15.3452665, 47.1283111], [15.345314, 47.1282779]], [[15.3451311, 47.1283999], [15.3452665, 47.1283111]], [[15.3449876, 47.1285008], [15.3451311, 47.1283999]], [[15.3449156, 47.1285515], [15.3449876, 47.1285008]], [[15.3447886, 47.1286408], [15.3449156, 47.1285515]], [[15.3447358, 47.128678], [15.3447886, 47.1286408]], [[15.3444809, 47.1288573], [15.3447358, 47.128678]], [[15.344311, 47.1289768], [15.3444809, 47.1288573]], [[15.3442731, 47.1290034], [15.344311, 47.1289768]], [[15.3441131, 47.1291159], [15.3442731, 47.1290034]], [[15.3440641, 47.1291504], [15.3441131, 47.1291159]], [[15.3440143, 47.1291854], [15.3440641, 47.1291504]], [[15.3439188, 47.129253], [15.3440143, 47.1291854]], [[15.3438463, 47.1293004], [15.3439188, 47.129253]], [[15.3436961, 47.1294069], [15.3438463, 47.1293004]], [[15.3436094, 47.1294672], [15.3436961, 47.1294069]], [[15.3433857, 47.129622], [15.3436094, 47.1294672]], [[15.3432157, 47.1297357], [15.3433857, 47.129622]], [[15.3431612, 47.1297721], [15.3432157, 47.1297357]], [[15.3431612, 47.1297721], [15.3432065, 47.1298101]], [[15.3432065, 47.1298101], [15.3431739, 47.1298319]], [[15.3431739, 47.1298319], [15.3429664, 47.1299708]], [[15.3429664, 47.1299708], [15.3427452, 47.1301196]], [[15.3427452, 47.1301196], [15.3427054, 47.1301471]], [[15.3427054, 47.1301471], [15.3425923, 47.1302253]], [[15.3425923, 47.1302253], [15.3424069, 47.1303555]], [[15.3424069, 47.1303555], [15.3422244, 47.1304837]], [[15.3422244, 47.1304837], [15.3419033, 47.1306794]], [[15.3419033, 47.1306794], [15.3416484, 47.1308519]], [[15.3416484, 47.1308519], [15.3415868, 47.1308936]], [[15.3415868, 47.1308936], [15.3413888, 47.1310113]], [[15.3413888, 47.1310113], [15.3409958, 47.1312675]], [[15.3409958, 47.1312675], [15.3409396, 47.1313031]], [[15.3409396, 47.1313031], [15.3407231, 47.13144]], [[15.3407231, 47.13144], [15.3407047, 47.1314521]], [[15.3407047, 47.1314521], [15.3404598, 47.1316131]], [[15.3404598, 47.1316131], [15.3403981, 47.1316537]], [[15.3403981, 47.1316537], [15.3402581, 47.1317426]], [[15.3402581, 47.1317426], [15.3399148, 47.1320073]], [[15.3399148, 47.1320073], [15.3399026, 47.1320172]], [[15.3399026, 47.1320172], [15.3400805, 47.1321125]], [[15.3400805, 47.1321125], [15.3403305, 47.132164]], [[15.3403305, 47.132164], [15.3403056, 47.1322134]], [[15.3403056, 47.1322134], [15.3404587, 47.1322984]], [[15.3404587, 47.1322984], [15.3403372, 47.1323932]], [[15.3403372, 47.1323932], [15.3398253, 47.1327937]], [[15.3398253, 47.1327937], [15.3400846, 47.1328552]], [[15.3400846, 47.1328552], [15.3401716, 47.1328803]], [[15.3401716, 47.1328803], [15.3400444, 47.1330472]], [[15.3400444, 47.1330472], [15.3399304, 47.1331959]], [[15.3399304, 47.1331959], [15.3398397, 47.1333142]], [[15.3398397, 47.1333142], [15.3396288, 47.1335895]], [[15.3396288, 47.1335895], [15.3394115, 47.133873]], [[15.3394115, 47.133873], [15.3392679, 47.1340604]], [[15.3392679, 47.1340604], [15.3392377, 47.1340998]], [[15.3392377, 47.1340998], [15.3392247, 47.1341168]], [[15.3392247, 47.1341168], [15.3392138, 47.134131]], [[15.3392138, 47.134131], [15.3389126, 47.1345116]], [[15.3389126, 47.1345116], [15.3382507, 47.134293]], [[15.3382507, 47.134293], [15.3380783, 47.1342034]], [[15.3380783, 47.1342034], [15.3380296, 47.1341781]], [[15.3380296, 47.1341781], [15.3378042, 47.1340517]], [[15.3378042, 47.1340517], [15.3375683, 47.1339194]], [[15.3375683, 47.1339194], [15.3370617, 47.134336]], [[15.3370617, 47.134336], [15.3366801, 47.1346364]], [[15.3366801, 47.1346364], [15.3365624, 47.1347165]], [[15.3365624, 47.1347165], [15.3363633, 47.1348521]], [[15.3363633, 47.1348521], [15.3362922, 47.1348949]], [[15.3362922, 47.1348949], [15.3362403, 47.1349262]], [[15.3362403, 47.1349262], [15.3361522, 47.1349604]], [[15.3361522, 47.1349604], [15.3360565, 47.134966]], [[15.3358881, 47.1350627], [15.3360565, 47.134966]], [[15.3356633, 47.1351901], [15.3358881, 47.1350627]], [[15.3355389, 47.135259], [15.3356633, 47.1351901]], [[15.3354699, 47.1352972], [15.3355389, 47.135259]], [[15.3350823, 47.1355207], [15.3354699, 47.1352972]], [[15.3349584, 47.1355877], [15.3350823, 47.1355207]], [[15.3349039, 47.1356172], [15.3349584, 47.1355877]], [[15.3347632, 47.1356973], [15.3349039, 47.1356172]], [[15.3346999, 47.1357333], [15.3347632, 47.1356973]], [[15.3345579, 47.1358127], [15.3346999, 47.1357333]], [[15.3344602, 47.1358673], [15.3345579, 47.1358127]], [[15.3344085, 47.1358961], [15.3344602, 47.1358673]], [[15.3343065, 47.1359551], [15.3344085, 47.1358961]], [[15.3342104, 47.1360106], [15.3343065, 47.1359551]], [[15.3340259, 47.1361065], [15.3342104, 47.1360106]], [[15.3338206, 47.1362097], [15.3340259, 47.1361065]], [[15.3334993, 47.1363411], [15.3338206, 47.1362097]], [[15.3333197, 47.1364082], [15.3334993, 47.1363411]], [[15.3327667, 47.1366148], [15.3333197, 47.1364082]], [[15.3327667, 47.1366148], [15.3328056, 47.1366677]], [[15.3328056, 47.1366677], [15.3325463, 47.136764]], [[15.3325463, 47.136764], [15.3322741, 47.1368748]], [[15.3322741, 47.1368748], [15.3321986, 47.1369056]], [[15.3321986, 47.1369056], [15.3318358, 47.1370407]], [[15.3318358, 47.1370407], [15.3316167, 47.1371108]], [[15.3312967, 47.1372148], [15.3316167, 47.1371108]], [[15.3310591, 47.1372745], [15.3312967, 47.1372148]], [[15.3308135, 47.1373325], [15.3310591, 47.1372745]], [[15.3306303, 47.1374045], [15.3308135, 47.1373325]], [[15.3303825, 47.1375095], [15.3306303, 47.1374045]], [[15.3302904, 47.1375614], [15.3303825, 47.1375095]], [[15.3301415, 47.1376582], [15.3302904, 47.1375614]], [[15.3300999, 47.1376892], [15.3301415, 47.1376582]], [[15.3300154, 47.1377485], [15.3300999, 47.1376892]], [[15.3298502, 47.1378559], [15.3300154, 47.1377485]], [[15.3296511, 47.1380304], [15.3298502, 47.1378559]], [[15.3295729, 47.1381344], [15.3296511, 47.1380304]], [[15.3295138, 47.1382183], [15.3295729, 47.1381344]], [[15.3294709, 47.1382895], [15.3295138, 47.1382183]], [[15.3294253, 47.138419], [15.3294709, 47.1382895]], [[15.3294039, 47.1385157], [15.3294253, 47.138419]], [[15.3293958, 47.1385814], [15.3294039, 47.1385157]], [[15.3294119, 47.1387073], [15.3293958, 47.1385814]], [[15.32942, 47.1388022], [15.3294119, 47.1387073]], [[15.3294468, 47.1388925], [15.32942, 47.1388022]], [[15.329475, 47.1389782], [15.3294468, 47.1388925]], [[15.3295152, 47.1390549], [15.329475, 47.1389782]], [[15.3295514, 47.139105], [15.3295152, 47.1390549]], [[15.3296332, 47.139209], [15.3295514, 47.139105]], [[15.3296989, 47.1392902], [15.3296332, 47.139209]], [[15.3297915, 47.1393595], [15.3296989, 47.1392902]], [[15.3298706, 47.1394125], [15.3297915, 47.1393595]], [[15.3299512, 47.1394563], [15.3298706, 47.1394125]], [[15.3299302, 47.1395238], [15.3299512, 47.1394563]], [[15.3299203, 47.1396005], [15.3299302, 47.1395238]], [[15.3300208, 47.1398938], [15.3299203, 47.1396005]], [[15.3301161, 47.1401999], [15.3300208, 47.1398938]], [[15.3301161, 47.1407287], [15.3301161, 47.1401999]], [[15.3300646, 47.1409601], [15.3301161, 47.1407287]], [[15.329766, 47.1420333], [15.3300646, 47.1409601]], [[15.3296721, 47.1425879], [15.329766, 47.1420333]], [[15.3296423, 47.1428139], [15.3296721, 47.1425879]], [[15.3294448, 47.1433568], [15.3296423, 47.1428139]], [[15.3290672, 47.1441158], [15.3294448, 47.1433568]], [[15.3289962, 47.1442243], [15.3290672, 47.1441158]], [[15.3284912, 47.1448943], [15.3289962, 47.1442243]], [[15.3281624, 47.1454742], [15.3284912, 47.1448943]], [[15.3281486, 47.1454986], [15.3281624, 47.1454742]], [[15.3278173, 47.1461289], [15.3281486, 47.1454986]], [[15.3274325, 47.1467847], [15.3278173, 47.1461289]], [[15.3267371, 47.1479332], [15.3274325, 47.1467847]], [[15.3264322, 47.1483714], [15.3267371, 47.1479332]], [[15.3262483, 47.1487238], [15.3264322, 47.1483714]], [[15.3262483, 47.1487238], [15.3270127, 47.1490412]], [[15.3270127, 47.1490412], [15.327462, 47.1492555]], [[15.3279976, 47.1494894], [15.327462, 47.1492555]], [[15.3280396, 47.1495481], [15.3279976, 47.1494894]], [[15.3279075, 47.1497775], [15.3280396, 47.1495481]], [[15.3277969, 47.1499626], [15.3279075, 47.1497775]], [[15.3276123, 47.1502732], [15.3277969, 47.1499626]], [[15.3274202, 47.1506008], [15.3276123, 47.1502732]], [[15.3269632, 47.1514078], [15.3274202, 47.1506008]], [[15.3268799, 47.151532], [15.3269632, 47.1514078]], [[15.3268536, 47.1515784], [15.3268799, 47.151532]], [[15.3267845, 47.151664], [15.3268536, 47.1515784]], [[15.3266977, 47.1518229], [15.3267845, 47.151664]], [[15.3264107, 47.1522921], [15.3266977, 47.1518229]], [[15.3260657, 47.1528558], [15.3264107, 47.1522921]], [[15.3257475, 47.1534097], [15.3260657, 47.1528558]], [[15.3256807, 47.1535202], [15.3257475, 47.1534097]], [[15.3255066, 47.1538521], [15.3256807, 47.1535202]], [[15.3253869, 47.1540786], [15.3255066, 47.1538521]], [[15.3252717, 47.1543178], [15.3253869, 47.1540786]], [[15.3252267, 47.1544282], [15.3252717, 47.1543178]], [[15.325111, 47.1546802], [15.3252267, 47.1544282]], [[15.3249819, 47.1550358], [15.325111, 47.1546802]], [[15.3249107, 47.1552621], [15.3249819, 47.1550358]], [[15.3248306, 47.1555678], [15.3249107, 47.1552621]], [[15.3248016, 47.155701], [15.3248306, 47.1555678]], [[15.3247438, 47.1559643], [15.3248016, 47.155701]], [[15.3246882, 47.1563502], [15.3247438, 47.1559643]], [[15.3246748, 47.1565968], [15.3246882, 47.1563502]], [[15.3246739, 47.1566592], [15.3246748, 47.1565968]], [[15.3246659, 47.1572037], [15.3246739, 47.1566592]], [[15.324677, 47.1575048], [15.3246659, 47.1572037]], [[15.3247193, 47.1579543], [15.324677, 47.1575048]], [[15.3247927, 47.1583205], [15.3247193, 47.1579543]], [[15.3248996, 47.1588388], [15.3247927, 47.1583205]], [[15.3249708, 47.1591005], [15.3248996, 47.1588388]], [[15.3251555, 47.1598208], [15.3249708, 47.1591005]], [[15.3251956, 47.1600009], [15.3251555, 47.1598208]], [[15.3253803, 47.1607197], [15.3251956, 47.1600009]], [[15.3254003, 47.1607893], [15.3253803, 47.1607197]], [[15.3254485, 47.1608318], [15.3254003, 47.1607893]], [[15.3254793, 47.1609213], [15.3254485, 47.1608318]], [[15.3255238, 47.1610832], [15.3254793, 47.1609213]], [[15.3256173, 47.161401], [15.3255238, 47.1610832]], [[15.3256596, 47.1616068], [15.3256173, 47.161401]], [[15.3257175, 47.1618716], [15.3256596, 47.1616068]], [[15.325733, 47.1620047], [15.3257175, 47.1618716]], [[15.3258042, 47.1623951], [15.325733, 47.1620047]], [[15.3258332, 47.1625616], [15.3258042, 47.1623951]], [[15.3259489, 47.1631093], [15.3258332, 47.1625616]], [[15.3260001, 47.1633908], [15.3259489, 47.1631093]], [[15.3261781, 47.1641708], [15.3260001, 47.1633908]], [[15.3262293, 47.1644976], [15.3261781, 47.1641708]], [[15.3262538, 47.1645944], [15.3262293, 47.1644976]], [[15.326365, 47.1651792], [15.3262538, 47.1645944]], [[15.3264452, 47.1655227], [15.326365, 47.1651792]], [[15.3265084, 47.1657223], [15.3264452, 47.1655227]], [[15.3265498, 47.1659131], [15.3265084, 47.1657223]], [[15.3266098, 47.1661355], [15.3265498, 47.1659131]], [[15.32669, 47.166538], [15.3266098, 47.1661355]], [[15.3267411, 47.1666847], [15.32669, 47.166538]], [[15.3268324, 47.166777], [15.3267411, 47.1666847]], [[15.3270126, 47.1668587], [15.3268324, 47.166777]], [[15.3270638, 47.1669223], [15.3270126, 47.1668587]], [[15.3270735, 47.167012], [15.3270638, 47.1669223]], [[15.3270735, 47.167012], [15.3270623, 47.1670508]], [[15.3270623, 47.1670508], [15.3270516, 47.1670653]], [[15.3270516, 47.1670653], [15.3270301, 47.1670699]], [[15.3270301, 47.1670699], [15.3269376, 47.1670644]], [[15.3269376, 47.1670644], [15.3268906, 47.1670672]], [[15.3268906, 47.1670672], [15.326845, 47.167079]], [[15.326845, 47.167079], [15.3267646, 47.1671319]], [[15.3267646, 47.1671319], [15.3267458, 47.1671857]], [[15.3267458, 47.1671857], [15.3267525, 47.1672495]], [[15.3267525, 47.1672495], [15.3267914, 47.1674583]], [[15.3267914, 47.1674583], [15.3268102, 47.1675923]], [[15.3268102, 47.1675923], [15.3268048, 47.1676562]], [[15.3268048, 47.1676562], [15.3268062, 47.1677163]], [[15.3268062, 47.1677163], [15.326845, 47.1679443]], [[15.326845, 47.1679443], [15.3268665, 47.1680993]], [[15.3268665, 47.1680993], [15.326896, 47.1682944]], [[15.326896, 47.1682944], [15.3269309, 47.1684622]], [[15.3269309, 47.1684622], [15.3270113, 47.1688515]], [[15.3270113, 47.1688515], [15.3270449, 47.1690812]], [[15.3270449, 47.1690812], [15.3270811, 47.1692709]], [[15.3270811, 47.1692709], [15.3271361, 47.1695654]], [[15.3271361, 47.1695654], [15.3271602, 47.1696802]], [[15.3271602, 47.1696802], [15.3272071, 47.1699036]], [[15.3272071, 47.1699036], [15.3272434, 47.1700495]], [[15.3272434, 47.1700495], [15.3272809, 47.1701662]], [[15.3272809, 47.1701662], [15.3273375, 47.1703308]], [[15.3273375, 47.1703308], [15.3274016, 47.1705327]], [[15.3274016, 47.1705327], [15.3275545, 47.1708755]], [[15.3275545, 47.1708755], [15.3280278, 47.1720207]], [[15.3280278, 47.1720207], [15.3280607, 47.1720864]], [[15.3280607, 47.1720864], [15.3281173, 47.1721995]], [[15.3281173, 47.1721995], [15.3282807, 47.1726163]], [[15.3282807, 47.1726163], [15.3281981, 47.1726314]], [[15.3283024, 47.1729126], [15.3281981, 47.1726314]], [[15.3283764, 47.1732648], [15.3283024, 47.1729126]], [[15.3283832, 47.173304], [15.3283764, 47.1732648]], [[15.3283958, 47.1733765], [15.3283832, 47.173304]], [[15.3284557, 47.1733727], [15.3283958, 47.1733765]], [[15.3285272, 47.1736981], [15.3284557, 47.1733727]], [[15.328605, 47.1740102], [15.3285272, 47.1736981]], [[15.3286435, 47.17408], [15.328605, 47.1740102]], [[15.3287034, 47.1741189], [15.3286435, 47.17408]], [[15.3287727, 47.1741896], [15.3287034, 47.1741189]], [[15.328778, 47.1742585], [15.3287727, 47.1741896]], [[15.3287656, 47.1743017], [15.328778, 47.1742585]], [[15.3287326, 47.1743621], [15.3287656, 47.1743017]], [[15.3287242, 47.1744004], [15.3287326, 47.1743621]], [[15.3287814, 47.1745801], [15.3287242, 47.1744004]], [[15.3288322, 47.1747416], [15.3287814, 47.1745801]], [[15.3289861, 47.1751691], [15.3288322, 47.1747416]], [[15.3290971, 47.1754482], [15.3289861, 47.1751691]], [[15.3292379, 47.1757912], [15.3290971, 47.1754482]], [[15.3293872, 47.1761228], [15.3292379, 47.1757912]], [[15.3295516, 47.1764575], [15.3293872, 47.1761228]], [[15.3296819, 47.1766744], [15.3295516, 47.1764575]], [[15.3303447, 47.177685], [15.3296819, 47.1766744]], [[15.3307537, 47.1782681], [15.3303447, 47.177685]], [[15.3316419, 47.1793461], [15.3307537, 47.1782681]], [[15.3316786, 47.1793929], [15.3316419, 47.1793461]], [[15.332582, 47.1804359], [15.3316786, 47.1793929]], [[15.3333999, 47.1813591], [15.332582, 47.1804359]], [[15.333947, 47.1820169], [15.3333999, 47.1813591]], [[15.3342902, 47.1824723], [15.333947, 47.1820169]], [[15.3348313, 47.1834141], [15.3342902, 47.1824723]], [[15.3351348, 47.1838611], [15.3348313, 47.1834141]], [[15.3354395, 47.1842546], [15.3351348, 47.1838611]], [[15.3357221, 47.1846262], [15.3354395, 47.1842546]], [[15.3360075, 47.1848909], [15.3357221, 47.1846262]], [[15.336943, 47.1856607], [15.3360075, 47.1848909]], [[15.3377254, 47.186258], [15.336943, 47.1856607]], [[15.3379325, 47.1863533], [15.3377254, 47.186258]], [[15.338231, 47.1865857], [15.3379325, 47.1863533]], [[15.3384447, 47.1867863], [15.338231, 47.1865857]], [[15.3393934, 47.1874906], [15.3384447, 47.1867863]], [[15.3399456, 47.1878782], [15.3393934, 47.1874906]], [[15.3404019, 47.1881667], [15.3399456, 47.1878782]], [[15.3421986, 47.1891591], [15.3404019, 47.1881667]], [[15.3423496, 47.1892029], [15.3421986, 47.1891591]], [[15.342464, 47.1893075], [15.3423496, 47.1892029]], [[15.343622, 47.1899427], [15.342464, 47.1893075]], [[15.3443664, 47.190307], [15.343622, 47.1899427]], [[15.3448551, 47.1904803], [15.3443664, 47.190307]], [[15.3454176, 47.1906622], [15.3448551, 47.1904803]], [[15.3456373, 47.1907274], [15.3454176, 47.1906622]], [[15.3459375, 47.1908259], [15.3456373, 47.1907274]], [[15.3461784, 47.1909376], [15.3459375, 47.1908259]], [[15.3463599, 47.1910716], [15.3461784, 47.1909376]], [[15.3466038, 47.1913555], [15.3463599, 47.1910716]], [[15.3466697, 47.1914426], [15.3466038, 47.1913555]], [[15.3466723, 47.1914764], [15.3466697, 47.1914426]], [[15.3466761, 47.1915258], [15.3466723, 47.1914764]], [[15.3466989, 47.1918208], [15.3466761, 47.1915258]], [[15.3466989, 47.1921061], [15.3466989, 47.1918208]], [[15.3465432, 47.1942022], [15.3466989, 47.1921061]], [[15.3465422, 47.1942152], [15.3465432, 47.1942022]], [[15.3465381, 47.1942702], [15.3465422, 47.1942152]], [[15.3465344, 47.1943319], [15.3465381, 47.1942702]], [[15.3464944, 47.1949784], [15.3465344, 47.1943319]], [[15.3464521, 47.195098], [15.3464944, 47.1949784]], [[15.346394, 47.1953436], [15.3464521, 47.195098]], [[15.3463464, 47.1955708], [15.346394, 47.1953436]], [[15.3462077, 47.1962347], [15.3463464, 47.1955708]], [[15.3459632, 47.1973633], [15.3462077, 47.1962347]], [[15.3458709, 47.1978157], [15.3459632, 47.1973633]], [[15.3458116, 47.1982658], [15.3458709, 47.1978157]], [[15.3457665, 47.1987185], [15.3458116, 47.1982658]], [[15.3457885, 47.198839], [15.3457665, 47.1987185]], [[15.3457822, 47.1990759], [15.3457885, 47.198839]], [[15.3457639, 47.1997273], [15.3457822, 47.1990759]], [[15.3457694, 47.1998995], [15.3457639, 47.1997273]], [[15.3457823, 47.2001154], [15.3457694, 47.1998995]], [[15.345804, 47.2005707], [15.3457823, 47.2001154]], [[15.345819, 47.2008841], [15.345804, 47.2005707]], [[15.3458242, 47.2009322], [15.345819, 47.2008841]], [[15.3458359, 47.2009754], [15.3458242, 47.2009322]], [[15.3458801, 47.2010363], [15.3458359, 47.2009754]], [[15.3459002, 47.2010597], [15.3458801, 47.2010363]], [[15.345927, 47.2010767], [15.3459002, 47.2010597]], [[15.345945, 47.2010875], [15.345927, 47.2010767]], [[15.3459994, 47.2011105], [15.345945, 47.2010875]], [[15.3460346, 47.2011254], [15.3459994, 47.2011105]], [[15.3460372, 47.2011894], [15.3460346, 47.2011254]], [[15.3460386, 47.2012658], [15.3460372, 47.2011894]], [[15.3459814, 47.2012852], [15.3460386, 47.2012658]], [[15.3459275, 47.2013222], [15.3459814, 47.2012852]], [[15.3458941, 47.2013574], [15.3459275, 47.2013222]], [[15.3458729, 47.2014147], [15.3458941, 47.2013574]], [[15.3458729, 47.2014147], [15.3459746, 47.202964]], [[15.3459746, 47.202964], [15.3459819, 47.2034557]], [[15.3459819, 47.2034557], [15.3459632, 47.2034912]], [[15.3459632, 47.2034912], [15.3459216, 47.2035158]], [[15.3459216, 47.2035158], [15.3458961, 47.2035468]], [[15.3458961, 47.2035468], [15.3456681, 47.2039158]], [[15.3456681, 47.2039158], [15.3456292, 47.2039687]], [[15.3456292, 47.2039687], [15.3454306, 47.2042497]], [[15.3454306, 47.2042497], [15.3449995, 47.2048588]], [[15.3449995, 47.2048588], [15.3448568, 47.2050575]], [[15.3448568, 47.2050575], [15.344747, 47.2052922]], [[15.344747, 47.2052922], [15.3447253, 47.2053308]], [[15.3447253, 47.2053308], [15.3447629, 47.2054146]], [[15.3447629, 47.2054146], [15.3446191, 47.2057137]], [[15.3446191, 47.2057137], [15.3445905, 47.2057754]], [[15.3445905, 47.2057754], [15.3444459, 47.2060971]], [[15.3444459, 47.2060971], [15.3443103, 47.2064424]], [[15.3443103, 47.2064424], [15.3442272, 47.206708]], [[15.3442272, 47.206708], [15.3441552, 47.2069743]], [[15.3441552, 47.2069743], [15.3440783, 47.2072551]], [[15.3440783, 47.2072551], [15.3440776, 47.2072705]], [[15.3440776, 47.2072705], [15.3440846, 47.2072875]], [[15.3440846, 47.2072875], [15.3440943, 47.2073054]], [[15.3440943, 47.2073054], [15.3440972, 47.2073204]], [[15.3440972, 47.2073204], [15.3440952, 47.2073378]], [[15.3440952, 47.2073378], [15.344044, 47.2075078]], [[15.344044, 47.2075078], [15.344034, 47.207536]], [[15.344034, 47.207536], [15.3440208, 47.2075752]], [[15.3440208, 47.2075752], [15.3439536, 47.2077776]], [[15.3439536, 47.2077776], [15.3438534, 47.2080261]], [[15.3438534, 47.2080261], [15.3438414, 47.2080672]], [[15.3438414, 47.2080672], [15.3438359, 47.2081001]], [[15.3438359, 47.2081001], [15.3438332, 47.2081392]], [[15.3438332, 47.2081392], [15.343833, 47.2081674]], [[15.343833, 47.2081674], [15.3438305, 47.2081885]], [[15.3438305, 47.2081885], [15.3438249, 47.2082218]], [[15.3438249, 47.2082218], [15.3438157, 47.2082517]], [[15.3438157, 47.2082517], [15.3437953, 47.2083159]], [[15.3437953, 47.2083159], [15.3437764, 47.2083589]], [[15.3437764, 47.2083589], [15.3437652, 47.2083831]], [[15.3437652, 47.2083831], [15.3437322, 47.2084423]], [[15.3437322, 47.2084423], [15.3437161, 47.2084728]], [[15.3437161, 47.2084728], [15.3437026, 47.2085014]], [[15.3437026, 47.2085014], [15.3436713, 47.2085827]], [[15.3436713, 47.2085827], [15.3436456, 47.2086438]], [[15.3436456, 47.2086438], [15.3435143, 47.2089695]], [[15.3435143, 47.2089695], [15.3434967, 47.2090109]], [[15.3434967, 47.2090109], [15.3434809, 47.2090458]], [[15.3434809, 47.2090458], [15.3434399, 47.2091494]], [[15.3434399, 47.2091494], [15.3434068, 47.2092501]], [[15.3434068, 47.2092501], [15.3433856, 47.2093216]], [[15.3433856, 47.2093216], [15.3433693, 47.2093898]], [[15.3433693, 47.2093898], [15.3433548, 47.209467]], [[15.3433548, 47.209467], [15.3433468, 47.2095071]], [[15.3433468, 47.2095071], [15.343341, 47.2095469]], [[15.343341, 47.2095469], [15.3433393, 47.2096023]], [[15.3433393, 47.2096023], [15.3433437, 47.2096714]], [[15.3433437, 47.2096714], [15.343351, 47.2097426]], [[15.343351, 47.2097426], [15.3433478, 47.2098366]], [[15.3433478, 47.2098366], [15.3433352, 47.2099865]], [[15.3433352, 47.2099865], [15.3433209, 47.2101043]], [[15.3433209, 47.2101043], [15.3433047, 47.2101779]], [[15.3433047, 47.2101779], [15.3432817, 47.2102618]], [[15.3432817, 47.2102618], [15.3432489, 47.2103576]], [[15.3432489, 47.2103576], [15.3432081, 47.2104675]], [[15.3432081, 47.2104675], [15.343156, 47.210594]], [[15.343156, 47.210594], [15.3431189, 47.2106671]], [[15.3431189, 47.2106671], [15.3430365, 47.2108188]], [[15.3430365, 47.2108188], [15.3429515, 47.2109702]], [[15.3429515, 47.2109702], [15.3428383, 47.2111641]], [[15.3428383, 47.2111641], [15.3427125, 47.2113923]], [[15.3427125, 47.2113923], [15.3426178, 47.2115711]], [[15.3426178, 47.2115711], [15.3425644, 47.2116849]], [[15.3425644, 47.2116849], [15.3425217, 47.2117814]], [[15.3425217, 47.2117814], [15.3424559, 47.211934]], [[15.3424559, 47.211934], [15.3423885, 47.2121175]], [[15.3423885, 47.2121175], [15.3423321, 47.2122744]], [[15.3423321, 47.2122744], [15.3423079, 47.2123594]], [[15.3423079, 47.2123594], [15.3422756, 47.2125155]], [[15.3422756, 47.2125155], [15.3422434, 47.2127078]], [[15.3422434, 47.2127078], [15.3422139, 47.2129083]], [[15.3422139, 47.2129083], [15.3420531, 47.2138751]], [[15.3420531, 47.2138751], [15.3419352, 47.2142301]], [[15.3419352, 47.2142301], [15.341689, 47.214884]], [[15.3415857, 47.2148705], [15.341689, 47.214884]], [[15.3414164, 47.2153072], [15.3415857, 47.2148705]], [[15.3412378, 47.2157386], [15.3414164, 47.2153072]], [[15.3410427, 47.2160808], [15.3412378, 47.2157386]], [[15.3408437, 47.21634], [15.3410427, 47.2160808]], [[15.3405962, 47.2165969], [15.3408437, 47.21634]], [[15.340304, 47.2168286], [15.3405962, 47.2165969]], [[15.3399734, 47.2170378], [15.340304, 47.2168286]], [[15.3393456, 47.2174151], [15.3399734, 47.2170378]], [[15.3390676, 47.2175869], [15.3393456, 47.2174151]], [[15.3387291, 47.2178085], [15.3390676, 47.2175869]], [[15.3382784, 47.2181377], [15.3387291, 47.2178085]], [[15.3379883, 47.2184211], [15.3382784, 47.2181377]], [[15.337808, 47.2186247], [15.3379883, 47.2184211]], [[15.3376854, 47.2187883], [15.337808, 47.2186247]], [[15.3375523, 47.2190094], [15.3376854, 47.2187883]], [[15.337491, 47.2191589], [15.3375523, 47.2190094]], [[15.3374457, 47.2193011], [15.337491, 47.2191589]], [[15.3373991, 47.2195259], [15.3374457, 47.2193011]], [[15.3373892, 47.2196711], [15.3373991, 47.2195259]], [[15.3373947, 47.2198512], [15.3373892, 47.2196711]], [[15.3374123, 47.2199729], [15.3373947, 47.2198512]], [[15.3374392, 47.2201043], [15.3374123, 47.2199729]], [[15.3375203, 47.2203711], [15.3374392, 47.2201043]], [[15.3376179, 47.2205771], [15.3375203, 47.2203711]], [[15.3376864, 47.2206991], [15.3376179, 47.2205771]], [[15.3378156, 47.2209102], [15.3376864, 47.2206991]], [[15.3379816, 47.2211373], [15.3378156, 47.2209102]], [[15.338151, 47.2213531], [15.3379816, 47.2211373]], [[15.3383789, 47.2216031], [15.338151, 47.2213531]], [[15.3386066, 47.2218259], [15.3383789, 47.2216031]], [[15.3388513, 47.2220404], [15.3386066, 47.2218259]], [[15.3391106, 47.2222525], [15.3388513, 47.2220404]], [[15.339363, 47.2224332], [15.3391106, 47.2222525]], [[15.3396864, 47.222653], [15.339363, 47.2224332]], [[15.3408624, 47.223386], [15.3396864, 47.222653]], [[15.341453, 47.2238821], [15.3408624, 47.223386]], [[15.3419371, 47.2244005], [15.341453, 47.2238821]], [[15.342235, 47.2248024], [15.3419371, 47.2244005]], [[15.3423842, 47.2250279], [15.342235, 47.2248024]], [[15.3424589, 47.2251675], [15.3423842, 47.2250279]], [[15.342514, 47.2252823], [15.3424589, 47.2251675]], [[15.3425922, 47.2255016], [15.342514, 47.2252823]], [[15.342638, 47.2256833], [15.3425922, 47.2255016]], [[15.3426483, 47.2257673], [15.342638, 47.2256833]], [[15.3426645, 47.2260736], [15.3426483, 47.2257673]], [[15.3426601, 47.2263223], [15.3426645, 47.2260736]], [[15.3426211, 47.2265559], [15.3426601, 47.2263223]], [[15.3425239, 47.2269288], [15.3426211, 47.2265559]], [[15.3423796, 47.2273687], [15.3425239, 47.2269288]], [[15.3423338, 47.2275084], [15.3423796, 47.2273687]], [[15.342304, 47.2276044], [15.3423338, 47.2275084]], [[15.3422885, 47.2276499], [15.342304, 47.2276044]], [[15.3421971, 47.2278603], [15.3422885, 47.2276499]], [[15.3421298, 47.2279625], [15.3421971, 47.2278603]], [[15.3418909, 47.22826], [15.3421298, 47.2279625]], [[15.3414402, 47.2287165], [15.3418909, 47.22826]], [[15.341405, 47.2287522], [15.3414402, 47.2287165]], [[15.3414879, 47.2287808], [15.341405, 47.2287522]], [[15.3414404, 47.2288404], [15.3414879, 47.2287808]], [[15.3412432, 47.2291166], [15.3414404, 47.2288404]], [[15.3412157, 47.2291579], [15.3412432, 47.2291166]], [[15.341207, 47.2291981], [15.3412157, 47.2291579]], [[15.3411933, 47.2292829], [15.341207, 47.2291981]], [[15.3411845, 47.2293338], [15.3411933, 47.2292829]], [[15.3411258, 47.2294101], [15.3411845, 47.2293338]], [[15.3410109, 47.2294881], [15.3411258, 47.2294101]], [[15.3408867, 47.2297241], [15.3410109, 47.2294881]], [[15.3403072, 47.2304552], [15.3408867, 47.2297241]], [[15.3400993, 47.2306625], [15.3403072, 47.2304552]], [[15.3399949, 47.2307503], [15.3400993, 47.2306625]], [[15.3396201, 47.2310375], [15.3399949, 47.2307503]], [[15.3393329, 47.2312575], [15.3396201, 47.2310375]], [[15.3392214, 47.2313381], [15.3393329, 47.2312575]], [[15.3388854, 47.2315811], [15.3392214, 47.2313381]], [[15.3387943, 47.231647], [15.3388854, 47.2315811]], [[15.3387159, 47.2317037], [15.3387943, 47.231647]], [[15.3371472, 47.2328758], [15.3387159, 47.2317037]], [[15.3361405, 47.2336153], [15.3371472, 47.2328758]], [[15.3352037, 47.2342904], [15.3361405, 47.2336153]], [[15.3347812, 47.2345394], [15.3352037, 47.2342904]], [[15.3346516, 47.2346177], [15.3347812, 47.2345394]], [[15.3344635, 47.2347348], [15.3346516, 47.2346177]], [[15.3341748, 47.2348989], [15.3344635, 47.2347348]], [[15.3339497, 47.235018], [15.3341748, 47.2348989]], [[15.3335947, 47.2352026], [15.3339497, 47.235018]], [[15.3333726, 47.2353094], [15.3335947, 47.2352026]], [[15.3330355, 47.2354632], [15.3333726, 47.2353094]], [[15.3325785, 47.2356457], [15.3330355, 47.2354632]], [[15.3320564, 47.2358476], [15.3325785, 47.2356457]], [[15.3311054, 47.2361834], [15.3320564, 47.2358476]], [[15.3307856, 47.2363052], [15.3311054, 47.2361834]], [[15.3304863, 47.2364487], [15.3307856, 47.2363052]], [[15.3302947, 47.2365566], [15.3304863, 47.2364487]], [[15.3301251, 47.2366651], [15.3302947, 47.2365566]], [[15.3300181, 47.23675], [15.3301251, 47.2366651]], [[15.3298039, 47.236935], [15.3300181, 47.23675]], [[15.3297103, 47.2370208], [15.3298039, 47.236935]], [[15.3295232, 47.2372085], [15.3297103, 47.2370208]], [[15.329185, 47.2375984], [15.3295232, 47.2372085]], [[15.3286937, 47.2381426], [15.329185, 47.2375984]], [[15.3281929, 47.2386432], [15.3286937, 47.2381426]], [[15.3280865, 47.23865], [15.3281929, 47.2386432]], [[15.3279533, 47.2387877], [15.3280865, 47.23865]], [[15.3277825, 47.2389502], [15.3279533, 47.2387877]], [[15.3276378, 47.2390495], [15.3277825, 47.2389502]], [[15.3273287, 47.2392615], [15.3276378, 47.2390495]], [[15.3272934, 47.2392857], [15.3273287, 47.2392615]], [[15.3269786, 47.2394749], [15.3272934, 47.2392857]], [[15.3265381, 47.2397357], [15.3269786, 47.2394749]], [[15.3264374, 47.2397929], [15.3265381, 47.2397357]], [[15.3264374, 47.2397929], [15.3264754, 47.2398433]], [[15.3264754, 47.2398433], [15.3263568, 47.2399136]], [[15.3263568, 47.2399136], [15.3258164, 47.2402168]], [[15.3258164, 47.2402168], [15.3256861, 47.2402918]], [[15.3256861, 47.2402918], [15.3254338, 47.2404818]], [[15.3254338, 47.2404818], [15.3251827, 47.2406904]], [[15.3251827, 47.2406904], [15.32494, 47.2409069]], [[15.32494, 47.2409069], [15.3246997, 47.2411623]], [[15.3246997, 47.2411623], [15.3245196, 47.241371]], [[15.3245196, 47.241371], [15.3241787, 47.2418111]], [[15.3241787, 47.2418111], [15.3239208, 47.2421277]], [[15.3239208, 47.2421277], [15.3235286, 47.2426253]], [[15.3235286, 47.2426253], [15.32311, 47.2431746]], [[15.32311, 47.2431746], [15.322846, 47.2434827]], [[15.322846, 47.2434827], [15.3228205, 47.2435161]], [[15.3228205, 47.2435161], [15.3227391, 47.2436422]], [[15.3227391, 47.2436422], [15.3222427, 47.2442802]], [[15.3222427, 47.2442802], [15.3220767, 47.2444912]], [[15.3220767, 47.2444912], [15.3217322, 47.2449218]], [[15.3217322, 47.2449218], [15.3215766, 47.2451244]], [[15.3215766, 47.2451244], [15.3215079, 47.2452095]], [[15.3215079, 47.2452095], [15.3212178, 47.2455179]], [[15.3212178, 47.2455179], [15.320918, 47.245774]], [[15.320918, 47.245774], [15.3206457, 47.2459622]], [[15.3206457, 47.2459622], [15.3199538, 47.2463014]], [[15.3199538, 47.2463014], [15.3178592, 47.2472124]], [[15.3178592, 47.2472124], [15.3174272, 47.2474749]], [[15.3174272, 47.2474749], [15.3171311, 47.2477464]], [[15.3171311, 47.2477464], [15.3169255, 47.2480236]], [[15.3169255, 47.2480236], [15.3167465, 47.2484019]], [[15.3167465, 47.2484019], [15.3166549, 47.2487613]], [[15.3166549, 47.2487613], [15.3166327, 47.2491312]], [[15.3166327, 47.2491312], [15.3166948, 47.2494429]], [[15.3166948, 47.2494429], [15.3168189, 47.2498075]], [[15.3168189, 47.2498075], [15.3169525, 47.2501182]], [[15.3169525, 47.2501182], [15.3174539, 47.2511595]], [[15.3174539, 47.2511595], [15.3177924, 47.2518601]], [[15.3177924, 47.2518601], [15.3179616, 47.2520857]], [[15.3179616, 47.2520857], [15.3181165, 47.2522949]], [[15.3181165, 47.2522949], [15.3181577, 47.2523464]], [[15.3181577, 47.2523464], [15.3182352, 47.2524431]], [[15.3182352, 47.2524431], [15.3183322, 47.2525642]], [[15.3183322, 47.2525642], [15.3186041, 47.2528613]], [[15.3186041, 47.2528613], [15.3187782, 47.2530388]], [[15.3187782, 47.2530388], [15.3190619, 47.2533169]], [[15.3190619, 47.2533169], [15.3194936, 47.2537869]], [[15.3194936, 47.2537869], [15.320028, 47.2543678]], [[15.320028, 47.2543678], [15.3203618, 47.2548973]], [[15.3203618, 47.2548973], [15.3207024, 47.25558]], [[15.3207024, 47.25558], [15.3207721, 47.2557893]], [[15.3208369, 47.2562342], [15.3207721, 47.2557893]], [[15.3208631, 47.2574777], [15.3208369, 47.2562342]], [[15.3210517, 47.2583569], [15.3208631, 47.2574777]], [[15.3209759, 47.2583611], [15.3210517, 47.2583569]], [[15.3208907, 47.2583655], [15.3209759, 47.2583611]], [[15.3211132, 47.259094], [15.3208907, 47.2583655]], [[15.3212973, 47.2598847], [15.3211132, 47.259094]], [[15.321607, 47.2609338], [15.3212973, 47.2598847]], [[15.3217931, 47.2613741], [15.321607, 47.2609338]], [[15.3218967, 47.2616185], [15.3217931, 47.2613741]], [[15.321919, 47.2616671], [15.3218967, 47.2616185]], [[15.3218948, 47.2617113], [15.321919, 47.2616671]], [[15.3218712, 47.2617546], [15.3218948, 47.2617113]], [[15.3218632, 47.2618704], [15.3218712, 47.2617546]], [[15.3219349, 47.2620729], [15.3218632, 47.2618704]], [[15.3219048, 47.2621283], [15.3219349, 47.2620729]], [[15.3216093, 47.2622946], [15.3219048, 47.2621283]], [[15.3214667, 47.2623663], [15.3216093, 47.2622946]], [[15.3212891, 47.262457], [15.3214667, 47.2623663]], [[15.3212278, 47.2625329], [15.3212891, 47.262457]], [[15.321247, 47.262623], [15.3212278, 47.2625329]], [[15.3213041, 47.2626755], [15.321247, 47.262623]], [[15.3213801, 47.2627031], [15.3213041, 47.2626755]], [[15.3214562, 47.2627259], [15.3213801, 47.2627031]], [[15.3215991, 47.2627851], [15.3214562, 47.2627259]], [[15.3217559, 47.2629285], [15.3215991, 47.2627851]], [[15.3219254, 47.263088], [15.3217559, 47.2629285]], [[15.3220845, 47.2632571], [15.3219254, 47.263088]], [[15.3226133, 47.2637802], [15.3220845, 47.2632571]], [[15.3226171, 47.263824], [15.3226133, 47.2637802]], [[15.322572, 47.2639582], [15.3226171, 47.263824]], [[15.3225804, 47.2640108], [15.322572, 47.2639582]], [[15.3226059, 47.2640799], [15.3225804, 47.2640108]], [[15.3227426, 47.264181], [15.3226059, 47.2640799]], [[15.3228934, 47.2643972], [15.3227426, 47.264181]], [[15.3231239, 47.2645561], [15.3228934, 47.2643972]], [[15.3233234, 47.2646585], [15.3231239, 47.2645561]], [[15.3234513, 47.2647274], [15.3233234, 47.2646585]], [[15.3237162, 47.2649862], [15.3234513, 47.2647274]], [[15.3239429, 47.2651701], [15.3237162, 47.2649862]], [[15.3241819, 47.2653441], [15.3239429, 47.2651701]], [[15.3245345, 47.2655482], [15.3241819, 47.2653441]], [[15.3246832, 47.2656544], [15.3245345, 47.2655482]], [[15.3251858, 47.265883], [15.3246832, 47.2656544]], [[15.3253484, 47.2659569], [15.3251858, 47.265883]], [[15.3254567, 47.2659734], [15.3253484, 47.2659569]], [[15.3258007, 47.2661002], [15.3254567, 47.2659734]], [[15.3259924, 47.2661984], [15.3258007, 47.2661002]], [[15.326088, 47.2662636], [15.3259924, 47.2661984]], [[15.3261421, 47.2662886], [15.326088, 47.2662636]], [[15.3261188, 47.2664061], [15.3261421, 47.2662886]], [[15.3261209, 47.2664617], [15.3261188, 47.2664061]], [[15.3261383, 47.2665402], [15.3261209, 47.2664617]], [[15.3261585, 47.2665856], [15.3261383, 47.2665402]], [[15.3262304, 47.2666999], [15.3261585, 47.2665856]], [[15.3263182, 47.266809], [15.3262304, 47.2666999]], [[15.3264006, 47.2669129], [15.3263182, 47.266809]], [[15.3264209, 47.2669446], [15.3264006, 47.2669129]], [[15.3264209, 47.2669446], [15.3264722, 47.2669961]], [[15.3264722, 47.2669961], [15.32651, 47.2670225]], [[15.32651, 47.2670225], [15.3265674, 47.2670828]], [[15.3265674, 47.2670828], [15.3266314, 47.2671491]], [[15.3266314, 47.2671491], [15.3266614, 47.2671876]], [[15.3266614, 47.2671876], [15.3267062, 47.2671918]], [[15.3267062, 47.2671918], [15.3267412, 47.2672022]], [[15.3267412, 47.2672022], [15.32677, 47.2672155]], [[15.32677, 47.2672155], [15.3267947, 47.2672407]], [[15.3267947, 47.2672407], [15.3268087, 47.267258]], [[15.3268087, 47.267258], [15.3268149, 47.2672711]], [[15.3268149, 47.2672711], [15.3268214, 47.2672973]], [[15.3268214, 47.2672973], [15.3268207, 47.2673194]], [[15.3268207, 47.2673194], [15.3268171, 47.2673357]], [[15.3268171, 47.2673357], [15.326808, 47.2673548]], [[15.326808, 47.2673548], [15.3268722, 47.2673928]], [[15.3268722, 47.2673928], [15.3269418, 47.2674235]], [[15.3269418, 47.2674235], [15.3272729, 47.2676205]], [[15.3272729, 47.2676205], [15.3274552, 47.2677288]], [[15.3274552, 47.2677288], [15.3275607, 47.2677907]], [[15.3275607, 47.2677907], [15.3279197, 47.2680063]], [[15.3279197, 47.2680063], [15.3283807, 47.2682567]], [[15.3283807, 47.2682567], [15.3285738, 47.2683616]], [[15.3285738, 47.2683616], [15.3287852, 47.2684879]], [[15.3287852, 47.2684879], [15.3291285, 47.2686874]], [[15.3286624, 47.2691778], [15.3291285, 47.2686874]], [[15.3282903, 47.2695243], [15.3286624, 47.2691778]], [[15.3282553, 47.2695569], [15.3282903, 47.2695243]], [[15.3282553, 47.2695569], [15.3286673, 47.2696943]], [[15.3286673, 47.2696943], [15.3289084, 47.2697872]], [[15.3289084, 47.2697872], [15.3294801, 47.2701683]], [[15.3294801, 47.2701683], [15.3297885, 47.2703961]], [[15.3297885, 47.2703961], [15.3297684, 47.2704368]], [[15.3297684, 47.2704368], [15.3297026, 47.2705713]], [[15.3297026, 47.2705713], [15.3294071, 47.2712336]], [[15.3294071, 47.2712336], [15.3293782, 47.2713055]], [[15.3293782, 47.2713055], [15.3297893, 47.2713948]], [[15.3297893, 47.2713948], [15.3298008, 47.2714247]], [[15.3298008, 47.2714247], [15.3297687, 47.271475]], [[15.3297687, 47.271475], [15.3297516, 47.2715208]], [[15.3297516, 47.2715208], [15.3297308, 47.2715969]], [[15.3297308, 47.2715969], [15.3297034, 47.2716786]], [[15.3297034, 47.2716786], [15.3296482, 47.2718769]], [[15.3296482, 47.2718769], [15.3294532, 47.272227]], [[15.3294532, 47.272227], [15.3292577, 47.2725969]], [[15.3291165, 47.272852], [15.3292577, 47.2725969]], [[15.3288457, 47.2733216], [15.3291165, 47.272852]], [[15.3287397, 47.2734854], [15.3288457, 47.2733216]], [[15.3286626, 47.2735633], [15.3287397, 47.2734854]], [[15.3285426, 47.2736993], [15.3286626, 47.2735633]], [[15.3285242, 47.273753], [15.3285426, 47.2736993]], [[15.3284959, 47.2738396], [15.3285242, 47.273753]], [[15.3280025, 47.2745166], [15.3284959, 47.2738396]], [[15.3277987, 47.2747932], [15.3280025, 47.2745166]], [[15.3276879, 47.2749868], [15.3277987, 47.2747932]], [[15.3276443, 47.2750981], [15.3276879, 47.2749868]], [[15.327603, 47.2754233], [15.3276443, 47.2750981]], [[15.327545, 47.2755622], [15.327603, 47.2754233]], [[15.3273725, 47.2759756], [15.327545, 47.2755622]], [[15.3269722, 47.2764451], [15.3273725, 47.2759756]], [[15.3268833, 47.2765454], [15.3269722, 47.2764451]], [[15.3266356, 47.2768249], [15.3268833, 47.2765454]], [[15.326511, 47.2769151], [15.3266356, 47.2768249]], [[15.3246937, 47.2776074], [15.326511, 47.2769151]], [[15.3237729, 47.2778379], [15.3246937, 47.2776074]], [[15.3233395, 47.2780008], [15.3237729, 47.2778379]], [[15.3226725, 47.2782516], [15.3233395, 47.2780008]], [[15.3218919, 47.2785459], [15.3226725, 47.2782516]], [[15.3213095, 47.2787658], [15.3218919, 47.2785459]], [[15.3209917, 47.278882], [15.3213095, 47.2787658]], [[15.3205982, 47.2790526], [15.3209917, 47.278882]], [[15.320387, 47.279154], [15.3205982, 47.2790526]], [[15.3198808, 47.2793954], [15.320387, 47.279154]], [[15.3196095, 47.2795257], [15.3198808, 47.2793954]], [[15.3194979, 47.2795821], [15.3196095, 47.2795257]], [[15.3191839, 47.2797327], [15.3194979, 47.2795821]], [[15.3190576, 47.2797941], [15.3191839, 47.2797327]], [[15.3188767, 47.2798822], [15.3190576, 47.2797941]], [[15.3187539, 47.2799418], [15.3188767, 47.2798822]], [[15.3180492, 47.2802846], [15.3187539, 47.2799418]], [[15.3179491, 47.2803333], [15.3180492, 47.2802846]], [[15.3177591, 47.2804408], [15.3179491, 47.2803333]], [[15.3170845, 47.2808225], [15.3177591, 47.2804408]], [[15.3169278, 47.2809111], [15.3170845, 47.2808225]], [[15.3167667, 47.280997], [15.3169278, 47.2809111]], [[15.3166607, 47.2810535], [15.3167667, 47.280997]], [[15.3161991, 47.2812996], [15.3166607, 47.2810535]], [[15.3157968, 47.2814677], [15.3161991, 47.2812996]], [[15.3156131, 47.2815052], [15.3157968, 47.2814677]], [[15.3151949, 47.2815626], [15.3156131, 47.2815052]], [[15.3149442, 47.281621], [15.3151949, 47.2815626]], [[15.3146361, 47.2817538], [15.3149442, 47.281621]], [[15.3145633, 47.281842], [15.3146361, 47.2817538]], [[15.3143473, 47.281775], [15.3145633, 47.281842]], [[15.3140759, 47.2817667], [15.3143473, 47.281775]], [[15.3135601, 47.2818187], [15.3140759, 47.2817667]], [[15.313317, 47.2817984], [15.3135601, 47.2818187]], [[15.3131682, 47.2817631], [15.313317, 47.2817984]], [[15.3130964, 47.2817071], [15.3131682, 47.2817631]], [[15.3129417, 47.2817893], [15.3130964, 47.2817071]], [[15.3128658, 47.2818117], [15.3129417, 47.2817893]], [[15.3125127, 47.281851], [15.3128658, 47.2818117]], [[15.3120916, 47.2818946], [15.3125127, 47.281851]], [[15.3116737, 47.2819318], [15.3120916, 47.2818946]], [[15.3112847, 47.2819726], [15.3116737, 47.2819318]], [[15.3110458, 47.2820249], [15.3112847, 47.2819726]], [[15.3109272, 47.2820721], [15.3110458, 47.2820249]], [[15.3106848, 47.2821784], [15.3109272, 47.2820721]], [[15.3105885, 47.2821104], [15.3106848, 47.2821784]], [[15.3104151, 47.2820582], [15.3105885, 47.2821104]], [[15.3103233, 47.282023], [15.3104151, 47.2820582]], [[15.3102379, 47.2819902], [15.3103233, 47.282023]], [[15.3100877, 47.2819223], [15.3102379, 47.2819902]], [[15.3095478, 47.2813011], [15.3100877, 47.2819223]], [[15.3095021, 47.2812493], [15.3095478, 47.2813011]], [[15.3095021, 47.2812493], [15.3094734, 47.2812178]], [[15.3094734, 47.2812178], [15.309401, 47.2812696]], [[15.309401, 47.2812696], [15.309283, 47.2813638]], [[15.309283, 47.2813638], [15.3093033, 47.2814283]], [[15.3093033, 47.2814283], [15.3092509, 47.2814887]], [[15.3092509, 47.2814887], [15.3092318, 47.2815107]], [[15.3091817, 47.2816008], [15.3092318, 47.2815107]], [[15.3091521, 47.281696], [15.3091817, 47.2816008]], [[15.3090995, 47.2818403], [15.3091521, 47.281696]], [[15.3090995, 47.2818403], [15.3090661, 47.2819156]], [[15.3090661, 47.2819156], [15.3090557, 47.2819464]], [[15.3090557, 47.2819464], [15.3089836, 47.282057]], [[15.3089836, 47.282057], [15.308865, 47.2821822]], [[15.308865, 47.2821822], [15.3087976, 47.2822427]], [[15.3087976, 47.2822427], [15.308711, 47.2822361]], [[15.308711, 47.2822361], [15.3081749, 47.2828019]], [[15.3081749, 47.2828019], [15.3078688, 47.2831508]], [[15.3078688, 47.2831508], [15.3074108, 47.2837305]], [[15.3074108, 47.2837305], [15.3071503, 47.2841591]], [[15.3071503, 47.2841591], [15.3069583, 47.2844988]], [[15.3069583, 47.2844988], [15.3068453, 47.2848674]], [[15.3068453, 47.2848674], [15.3068097, 47.2852132]], [[15.3068097, 47.2852132], [15.3068379, 47.2856627]], [[15.3068379, 47.2856627], [15.3069038, 47.2859596]], [[15.3069038, 47.2859596], [15.3070395, 47.2863595]], [[15.3070395, 47.2863595], [15.3072225, 47.2867018]], [[15.3072225, 47.2867018], [15.3074156, 47.2870125]], [[15.3074156, 47.2870125], [15.3077389, 47.2873972]], [[15.3077389, 47.2873972], [15.3081403, 47.2878087]], [[15.3081403, 47.2878087], [15.3090507, 47.2884972]], [[15.3090507, 47.2884972], [15.3098675, 47.2890149]], [[15.3098675, 47.2890149], [15.3104786, 47.2893108]], [[15.3104786, 47.2893108], [15.310631, 47.2893664]], [[15.3106407, 47.2893103], [15.310631, 47.2893664]], [[15.3106407, 47.2893103], [15.3110658, 47.2894385]], [[15.3110658, 47.2894385], [15.3115647, 47.2895363]], [[15.3115647, 47.2895363], [15.3118423, 47.2895741]], [[15.3118423, 47.2895741], [15.3120995, 47.2896092]], [[15.3120995, 47.2896092], [15.3122002, 47.289617]], [[15.3122002, 47.289617], [15.3126645, 47.2896559]], [[15.3126645, 47.2896559], [15.3127671, 47.2896616]], [[15.3127671, 47.2896616], [15.3142305, 47.2897436]], [[15.3142305, 47.2897436], [15.3153638, 47.2898604]], [[15.3153638, 47.2898604], [15.3169696, 47.2901215]], [[15.3169696, 47.2901215], [15.3180867, 47.290373]], [[15.3180867, 47.290373], [15.3185137, 47.2904876]], [[15.3185137, 47.2904876], [15.3192917, 47.2907902]], [[15.3192917, 47.2907902], [15.3198067, 47.2910251]], [[15.3198067, 47.2910251], [15.319931, 47.2910799]], [[15.319931, 47.2910799], [15.3201224, 47.2911427]], [[15.3201224, 47.2911427], [15.3201815, 47.2911594]], [[15.3201815, 47.2911594], [15.3204756, 47.2910735]], [[15.3204756, 47.2910735], [15.3207923, 47.2911311]], [[15.3207923, 47.2911311], [15.3209917, 47.291195]], [[15.3209917, 47.291195], [15.3210326, 47.2913186]], [[15.3210326, 47.2913186], [15.3215311, 47.2913903]], [[15.3215311, 47.2913903], [15.3217045, 47.2914173]], [[15.3217045, 47.2914173], [15.3217956, 47.2914314]], [[15.3226146, 47.2915368], [15.3217956, 47.2914314]], [[15.3230668, 47.291638], [15.3226146, 47.2915368]], [[15.3237317, 47.2918158], [15.3230668, 47.291638]], [[15.3249791, 47.2922056], [15.3237317, 47.2918158]], [[15.3255348, 47.292343], [15.3249791, 47.2922056]], [[15.3264341, 47.2925075], [15.3255348, 47.292343]], [[15.3270723, 47.2926689], [15.3264341, 47.2925075]], [[15.3274964, 47.2928619], [15.3270723, 47.2926689]], [[15.3279289, 47.2930897], [15.3274964, 47.2928619]], [[15.3280531, 47.2931554], [15.3279289, 47.2930897]], [[15.328142, 47.2932044], [15.3280531, 47.2931554]], [[15.32833, 47.2933083], [15.328142, 47.2932044]], [[15.3285509, 47.2934225], [15.32833, 47.2933083]], [[15.3286584, 47.2934751], [15.3285509, 47.2934225]], [[15.3288158, 47.2935443], [15.3286584, 47.2934751]], [[15.3290227, 47.2936176], [15.3288158, 47.2935443]], [[15.3293045, 47.2936951], [15.3290227, 47.2936176]], [[15.3294837, 47.2937363], [15.3293045, 47.2936951]], [[15.3296943, 47.2937726], [15.3294837, 47.2937363]], [[15.3299108, 47.2938015], [15.3296943, 47.2937726]], [[15.3300604, 47.2938136], [15.3299108, 47.2938015]], [[15.3301851, 47.2938236], [15.3300604, 47.2938136]], [[15.3303017, 47.2938277], [15.3301851, 47.2938236]], [[15.3305056, 47.2938363], [15.3303017, 47.2938277]], [[15.3306639, 47.2938354], [15.3305056, 47.2938363]], [[15.330806, 47.2938281], [15.3306639, 47.2938354]], [[15.3309495, 47.293809], [15.330806, 47.2938281]], [[15.3311319, 47.2937696], [15.3309495, 47.293809]], [[15.3311319, 47.2937696], [15.3311949, 47.293749]], [[15.3311949, 47.293749], [15.3314068, 47.2936744]], [[15.3314068, 47.2936744], [15.3316375, 47.2935807]], [[15.3316375, 47.2935807], [15.3318454, 47.2935034]], [[15.3318454, 47.2935034], [15.3319795, 47.2934634]], [[15.3319795, 47.2934634], [15.3321257, 47.2934388]], [[15.3321257, 47.2934388], [15.3322289, 47.2934252]], [[15.3322289, 47.2934252], [15.3323644, 47.2934206]], [[15.3323644, 47.2934206], [15.332418, 47.2934194]], [[15.332418, 47.2934194], [15.3325882, 47.2934298]], [[15.3325882, 47.2934298], [15.3327727, 47.2934579]], [[15.3327727, 47.2934579], [15.3330892, 47.2935158]], [[15.3330892, 47.2935158], [15.3336503, 47.2936385]], [[15.3336503, 47.2936385], [15.3337582, 47.2936622]], [[15.3337582, 47.2936622], [15.333908, 47.2936949]], [[15.333908, 47.2936949], [15.3346914, 47.2939284]], [[15.3346914, 47.2939284], [15.3359729, 47.2944565]], [[15.3359729, 47.2944565], [15.3362672, 47.2945487]], [[15.3362672, 47.2945487], [15.3373286, 47.2949544]], [[15.3373286, 47.2949544], [15.3393866, 47.2956883]], [[15.3393866, 47.2956883], [15.3404955, 47.296072]], [[15.3404955, 47.296072], [15.3417214, 47.2965303]], [[15.3417214, 47.2965303], [15.3422466, 47.2967229]], [[15.3422466, 47.2967229], [15.3422524, 47.296718]], [[15.3422524, 47.296718], [15.3428109, 47.2969286]], [[15.3428109, 47.2969286], [15.3435624, 47.2971738]], [[15.3435624, 47.2971738], [15.3440457, 47.2973315]], [[15.3440457, 47.2973315], [15.3449283, 47.2975747]], [[15.3449283, 47.2975747], [15.3466639, 47.2980423]], [[15.3466639, 47.2980423], [15.3484206, 47.2985085]], [[15.3484206, 47.2985085], [15.3503364, 47.2990265]], [[15.3503364, 47.2990265], [15.3541893, 47.3000941]], [[15.3541893, 47.3000941], [15.3570535, 47.3008883]], [[15.3570535, 47.3008883], [15.3594383, 47.3015358]], [[15.3594383, 47.3015358], [15.3600132, 47.3016566]], [[15.3600132, 47.3016566], [15.3612049, 47.3019042]], [[15.3612049, 47.3019042], [15.3615371, 47.3020025]], [[15.3615371, 47.3020025], [15.3616557, 47.3020509]], [[15.3616557, 47.3020509], [15.3617184, 47.3020849]], [[15.3617184, 47.3020849], [15.3618166, 47.302143]], [[15.3618166, 47.302143], [15.3619826, 47.3022688]], [[15.3619826, 47.3022688], [15.3620494, 47.3022238]], [[15.3620494, 47.3022238], [15.3621315, 47.3021754]], [[15.3621315, 47.3021754], [15.3623337, 47.3021047]], [[15.3623337, 47.3021047], [15.3625448, 47.3021271]], [[15.3625448, 47.3021271], [15.3628401, 47.3024717]], [[15.3628401, 47.3024717], [15.3631403, 47.3027313]], [[15.3631403, 47.3027313], [15.3635387, 47.3029568]], [[15.3635387, 47.3029568], [15.3638956, 47.303165]], [[15.3638956, 47.303165], [15.3643269, 47.3033737]], [[15.3643269, 47.3033737], [15.3644333, 47.3034252]], [[15.3644333, 47.3034252], [15.3644903, 47.3034545]], [[15.3644903, 47.3034545], [15.3652736, 47.3038566]], [[15.3652736, 47.3038566], [15.3664722, 47.3044912]], [[15.3664722, 47.3044912], [15.3675969, 47.3051803]], [[15.3675969, 47.3051803], [15.3683743, 47.3057133]], [[15.3683743, 47.3057133], [15.3690344, 47.3061506]], [[15.3690344, 47.3061506], [15.3691044, 47.3061871]], [[15.3691044, 47.3061871], [15.3693403, 47.3063408]], [[15.3693403, 47.3063408], [15.3695139, 47.3065021]], [[15.3695139, 47.3065021], [15.3697853, 47.3067374]], [[15.3697853, 47.3067374], [15.3702486, 47.307141]], [[15.3702486, 47.307141], [15.3708364, 47.3077081]], [[15.3708364, 47.3077081], [15.37165, 47.3085559]], [[15.37165, 47.3085559], [15.3717449, 47.3086252]], [[15.3717449, 47.3086252], [15.3719102, 47.3087424]], [[15.3719102, 47.3087424], [15.3722589, 47.3090115]], [[15.3722589, 47.3090115], [15.3723488, 47.3091106]], [[15.3723488, 47.3091106], [15.372389, 47.3091834]], [[15.372389, 47.3091834], [15.3724095, 47.3092527]], [[15.3724095, 47.3092527], [15.3723997, 47.3093143]], [[15.3723997, 47.3093143], [15.3723754, 47.3093709]], [[15.3723754, 47.3093709], [15.3722267, 47.3093952]], [[15.3722267, 47.3093952], [15.3718334, 47.3095556]], [[15.3718334, 47.3095556], [15.3714363, 47.3096413]], [[15.3714363, 47.3096413], [15.3709306, 47.3097028]], [[15.3709306, 47.3097028], [15.3706087, 47.309742]], [[15.3706087, 47.309742], [15.3709376, 47.3103674]], [[15.3709376, 47.3103674], [15.3710722, 47.3106234]], [[15.3710722, 47.3106234], [15.3712029, 47.3110313]], [[15.3712029, 47.3110313], [15.3712496, 47.311309]], [[15.3712496, 47.311309], [15.3712984, 47.3120745]], [[15.3712984, 47.3120745], [15.3713832, 47.3126947]], [[15.3713832, 47.3126947], [15.3718194, 47.3146784]], [[15.3718194, 47.3146784], [15.3719434, 47.3152196]], [[15.3719434, 47.3152196], [15.3719836, 47.3153864]], [[15.3719836, 47.3153864], [15.3720024, 47.3154392]], [[15.3720024, 47.3154392], [15.3720694, 47.3155619]], [[15.3720694, 47.3155619], [15.372115, 47.3156578]], [[15.372115, 47.3156578], [15.3721378, 47.3157028]], [[15.3721378, 47.3157028], [15.3721372, 47.3157429]], [[15.3721372, 47.3157429], [15.372126, 47.3157779]], [[15.372126, 47.3157779], [15.3720715, 47.3159021]], [[15.3720715, 47.3159021], [15.3719777, 47.3160666]], [[15.3719777, 47.3160666], [15.3717825, 47.3164397]], [[15.3717825, 47.3164397], [15.3716039, 47.316706]], [[15.3716039, 47.316706], [15.3712175, 47.317145]], [[15.3712175, 47.317145], [15.370798, 47.3174755]], [[15.370798, 47.3174755], [15.3703639, 47.3177162]], [[15.3703639, 47.3177162], [15.3698542, 47.3179357]], [[15.3698542, 47.3179357], [15.3694937, 47.3181527]], [[15.3694937, 47.3181527], [15.3692232, 47.318396]], [[15.3692232, 47.318396], [15.3689528, 47.3187177]], [[15.3689528, 47.3187177], [15.3686639, 47.3191181]], [[15.3686639, 47.3191181], [15.3684594, 47.3194565]], [[15.3684594, 47.3194565], [15.3684033, 47.319546]], [[15.3684033, 47.319546], [15.3674506, 47.3210122]], [[15.3674506, 47.3210122], [15.3670654, 47.3215812]], [[15.3670654, 47.3215812], [15.3666946, 47.322008]], [[15.3666946, 47.322008], [15.3659653, 47.3227632]], [[15.3659653, 47.3227632], [15.3637107, 47.3251511]], [[15.3637107, 47.3251511], [15.3633957, 47.3255602]], [[15.3633957, 47.3255602], [15.3629323, 47.3262129]], [[15.3629323, 47.3262129], [15.3624892, 47.3266612]], [[15.3624892, 47.3266612], [15.3620461, 47.3269457]], [[15.3620461, 47.3269457], [15.3617327, 47.327117]], [[15.3617327, 47.327117], [15.3614197, 47.3272637]], [[15.3614197, 47.3272637], [15.3611244, 47.3273635]], [[15.3611244, 47.3273635], [15.3608846, 47.3274127]], [[15.3608846, 47.3274127], [15.3607287, 47.3274337]], [[15.3607891, 47.3276671], [15.3607287, 47.3274337]], [[15.3608657, 47.3278571], [15.3607891, 47.3276671]], [[15.3609418, 47.3280019], [15.3608657, 47.3278571]], [[15.3610371, 47.3281242], [15.3609418, 47.3280019]], [[15.3611546, 47.3282304], [15.3610371, 47.3281242]], [[15.3613815, 47.3283845], [15.3611546, 47.3282304]], [[15.3616125, 47.3285241], [15.3613815, 47.3283845]], [[15.3625171, 47.3289269], [15.3616125, 47.3285241]], [[15.3626442, 47.3290047], [15.3625171, 47.3289269]], [[15.3626622, 47.3290884], [15.3626442, 47.3290047]], [[15.362596, 47.3292431], [15.3626622, 47.3290884]], [[15.3623307, 47.3294824], [15.362596, 47.3292431]], [[15.3618795, 47.3298132], [15.3623307, 47.3294824]], [[15.3618266, 47.3298692], [15.3618795, 47.3298132]], [[15.3618192, 47.3299367], [15.3618266, 47.3298692]], [[15.3618548, 47.3300243], [15.3618192, 47.3299367]], [[15.3619319, 47.3301309], [15.3618548, 47.3300243]], [[15.3620224, 47.3302237], [15.3619319, 47.3301309]], [[15.3620224, 47.3302237], [15.3620659, 47.3302057]], [[15.3620659, 47.3302057], [15.3621163, 47.3302]], [[15.3621163, 47.3302], [15.3621662, 47.3302074]], [[15.3621662, 47.3302074], [15.3622275, 47.3302432]], [[15.3622275, 47.3302432], [15.3622462, 47.3302778]], [[15.3622462, 47.3302778], [15.3622418, 47.3303178]], [[15.3622418, 47.3303178], [15.3622125, 47.3303526]], [[15.3622125, 47.3303526], [15.3621641, 47.3303756]], [[15.3621641, 47.3303756], [15.3620553, 47.3304924]], [[15.3620553, 47.3304924], [15.3619706, 47.3305918]], [[15.3619706, 47.3305918], [15.3618521, 47.3306948]], [[15.3613823, 47.3311807], [15.3618521, 47.3306948]], [[15.3612704, 47.3312954], [15.3613823, 47.3311807]], [[15.3610945, 47.3314837], [15.3612704, 47.3312954]], [[15.3610123, 47.3315815], [15.3610945, 47.3314837]], [[15.3607911, 47.3318416], [15.3610123, 47.3315815]], [[15.3606494, 47.3320103], [15.3607911, 47.3318416]], [[15.3605872, 47.3320811], [15.3606494, 47.3320103]], [[15.3604795, 47.3322163], [15.3605872, 47.3320811]], [[15.3603407, 47.3323837], [15.3604795, 47.3322163]], [[15.3601996, 47.3325635], [15.3603407, 47.3323837]], [[15.359962, 47.3328721], [15.3601996, 47.3325635]], [[15.3598015, 47.3331085], [15.359962, 47.3328721]], [[15.3592544, 47.3339834], [15.3598015, 47.3331085]], [[15.3591273, 47.3341915], [15.3592544, 47.3339834]], [[15.3590285, 47.3343212], [15.3591273, 47.3341915]], [[15.3589166, 47.3344455], [15.3590285, 47.3343212]], [[15.3587425, 47.3346296], [15.3589166, 47.3344455]], [[15.3585651, 47.3347805], [15.3587425, 47.3346296]], [[15.3584256, 47.3348837], [15.3585651, 47.3347805]], [[15.35827, 47.3349888], [15.3584256, 47.3348837]], [[15.3581818, 47.3350515], [15.35827, 47.3349888]], [[15.3580387, 47.3351392], [15.3581818, 47.3350515]], [[15.3578392, 47.3352659], [15.3580387, 47.3351392]], [[15.3577108, 47.335351], [15.3578392, 47.3352659]], [[15.3574198, 47.3355446], [15.3577108, 47.335351]], [[15.3572318, 47.3356915], [15.3574198, 47.3355446]], [[15.3570637, 47.3358469], [15.3572318, 47.3356915]], [[15.3569418, 47.3359826], [15.3570637, 47.3358469]], [[15.3568617, 47.3360922], [15.3569418, 47.3359826]], [[15.3567448, 47.3362542], [15.3568617, 47.3360922]], [[15.35664, 47.3364247], [15.3567448, 47.3362542]], [[15.3565059, 47.336698], [15.35664, 47.3364247]], [[15.3563832, 47.3370412], [15.3565059, 47.336698]], [[15.3562555, 47.3373813], [15.3563832, 47.3370412]], [[15.3561613, 47.3376937], [15.3562555, 47.3373813]], [[15.3560912, 47.3379207], [15.3561613, 47.3376937]], [[15.3560214, 47.338174], [15.3560912, 47.3379207]], [[15.3557911, 47.3391359], [15.3560214, 47.338174]], [[15.3557444, 47.3393856], [15.3557911, 47.3391359]], [[15.3556198, 47.3402568], [15.3557444, 47.3393856]], [[15.3555883, 47.3407249], [15.3556198, 47.3402568]], [[15.3555787, 47.3410011], [15.3555883, 47.3407249]], [[15.3555671, 47.3413644], [15.3555787, 47.3410011]], [[15.3555772, 47.3415612], [15.3555671, 47.3413644]], [[15.3556164, 47.3419354], [15.3555772, 47.3415612]], [[15.3556562, 47.3421326], [15.3556164, 47.3419354]], [[15.3556915, 47.3422442], [15.3556562, 47.3421326]], [[15.3557087, 47.3423248], [15.3556915, 47.3422442]], [[15.3555445, 47.3423395], [15.3557087, 47.3423248]], [[15.3554987, 47.3423853], [15.3555445, 47.3423395]], [[15.3554837, 47.3425346], [15.3554987, 47.3423853]], [[15.3554898, 47.3426393], [15.3554837, 47.3425346]], [[15.3555069, 47.3427131], [15.3554898, 47.3426393]], [[15.3555541, 47.3428038], [15.3555069, 47.3427131]], [[15.3555976, 47.3428574], [15.3555541, 47.3428038]], [[15.3556109, 47.342922], [15.3555976, 47.3428574]], [[15.3555892, 47.3429803], [15.3556109, 47.342922]], [[15.3554928, 47.3431208], [15.3555892, 47.3429803]], [[15.3554584, 47.3431555], [15.3554928, 47.3431208]], [[15.3550765, 47.343274], [15.3554584, 47.3431555]], [[15.3549498, 47.3433289], [15.3550765, 47.343274]], [[15.354862, 47.3433817], [15.3549498, 47.3433289]], [[15.3547733, 47.3434457], [15.354862, 47.3433817]], [[15.3546162, 47.3435898], [15.3547733, 47.3434457]], [[15.3545166, 47.3437131], [15.3546162, 47.3435898]], [[15.3543661, 47.3438892], [15.3545166, 47.3437131]], [[15.3542314, 47.3440223], [15.3543661, 47.3438892]], [[15.3541856, 47.3440727], [15.3542314, 47.3440223]], [[15.3540652, 47.3441709], [15.3541856, 47.3440727]], [[15.3539476, 47.3442516], [15.3540652, 47.3441709]], [[15.3536713, 47.3444397], [15.3539476, 47.3442516]], [[15.3536026, 47.344529], [15.3536713, 47.3444397]], [[15.3536026, 47.344529], [15.3540098, 47.3446526]], [[15.3540098, 47.3446526], [15.3544793, 47.3448438]], [[15.3544793, 47.3448438], [15.3548189, 47.3449977]], [[15.3548189, 47.3449977], [15.3551513, 47.3451424]], [[15.3551513, 47.3451424], [15.3551618, 47.3452294]], [[15.3547234, 47.3450476], [15.3551618, 47.3452294]], [[15.3541842, 47.344867], [15.3547234, 47.3450476]], [[15.3536249, 47.3447041], [15.3541842, 47.344867]], [[15.3507429, 47.3438902], [15.3536249, 47.3447041]], [[15.350526, 47.3438247], [15.3507429, 47.3438902]], [[15.3503827, 47.3437735], [15.350526, 47.3438247]], [[15.3502544, 47.3437107], [15.3503827, 47.3437735]], [[15.3501663, 47.3436507], [15.3502544, 47.3437107]], [[15.3500869, 47.3435856], [15.3501663, 47.3436507]], [[15.3500355, 47.3435313], [15.3500869, 47.3435856]], [[15.3500355, 47.3435313], [15.3496948, 47.3436038]], [[15.3496948, 47.3436038], [15.349285, 47.3436868]], [[15.349285, 47.3436868], [15.3490457, 47.3437755]], [[15.3490457, 47.3437755], [15.3486121, 47.3443608]], [[15.3486121, 47.3443608], [15.3483555, 47.3446904]], [[15.3483555, 47.3446904], [15.3482698, 47.3447261]], [[15.3482698, 47.3447261], [15.3482016, 47.3447197]], [[15.3482016, 47.3447197], [15.347898, 47.3446065]], [[15.347898, 47.3446065], [15.3478485, 47.3445682]], [[15.3478485, 47.3445682], [15.3478485, 47.3445235]], [[15.3478485, 47.3445235], [15.3479003, 47.3444406]], [[15.3479003, 47.3444406], [15.3479027, 47.3443816]], [[15.3479027, 47.3443816], [15.3478859, 47.3443216]], [[15.3477864, 47.3444852], [15.3478859, 47.3443216]], [[15.3476788, 47.3446768], [15.3477864, 47.3444852]], [[15.3463407, 47.3469288], [15.3476788, 47.3446768]], [[15.3461469, 47.3472625], [15.3463407, 47.3469288]], [[15.3458481, 47.3478676], [15.3461469, 47.3472625]], [[15.3455272, 47.3485286], [15.3458481, 47.3478676]], [[15.3451871, 47.3491594], [15.3455272, 47.3485286]], [[15.3445612, 47.3500381], [15.3451871, 47.3491594]], [[15.3441184, 47.3505139], [15.3445612, 47.3500381]], [[15.3438681, 47.350777], [15.3441184, 47.3505139]], [[15.343694, 47.35093], [15.3438681, 47.350777]], [[15.3435626, 47.3510408], [15.343694, 47.35093]], [[15.343383, 47.3511838], [15.3435626, 47.3510408]], [[15.3430049, 47.3514591], [15.343383, 47.3511838]], [[15.3423874, 47.351885], [15.3430049, 47.3514591]], [[15.3414283, 47.3525351], [15.3423874, 47.351885]], [[15.3406487, 47.3530087], [15.3414283, 47.3525351]], [[15.340411, 47.3531577], [15.3406487, 47.3530087]], [[15.3401854, 47.3533252], [15.340411, 47.3531577]], [[15.3399283, 47.3535391], [15.3401854, 47.3533252]], [[15.3391456, 47.3542655], [15.3399283, 47.3535391]], [[15.3390052, 47.3544162], [15.3391456, 47.3542655]], [[15.3388438, 47.3546213], [15.3390052, 47.3544162]], [[15.3386293, 47.3550096], [15.3388438, 47.3546213]], [[15.3383306, 47.3555557], [15.3386293, 47.3550096]], [[15.3381459, 47.3559102], [15.3383306, 47.3555557]], [[15.3380115, 47.356252], [15.3381459, 47.3559102]], [[15.3376162, 47.3573484], [15.3380115, 47.356252]], [[15.3370062, 47.35895], [15.3376162, 47.3573484]], [[15.3370062, 47.35895], [15.3369856, 47.3590069]], [[15.3369856, 47.3590069], [15.3369102, 47.3590156]], [[15.3369102, 47.3590156], [15.3368406, 47.3590208]], [[15.3368406, 47.3590208], [15.3367552, 47.3590164]], [[15.3367552, 47.3590164], [15.3365719, 47.3589405]], [[15.3366275, 47.3588638], [15.3365719, 47.3589405]], [[15.3366774, 47.3587848], [15.3366275, 47.3588638]], [[15.3367556, 47.3585965], [15.3366774, 47.3587848]], [[15.3369614, 47.3579144], [15.3367556, 47.3585965]], [[15.3370712, 47.3574186], [15.3369614, 47.3579144]], [[15.3371387, 47.3572073], [15.3370712, 47.3574186]], [[15.3371698, 47.3571381], [15.3371387, 47.3572073]], [[15.3372006, 47.3570693], [15.3371698, 47.3571381]], [[15.3373135, 47.3570821], [15.3372006, 47.3570693]], [[15.3389896, 47.3573775], [15.3373135, 47.3570821]], [[15.3389965, 47.3573792], [15.3389896, 47.3573775]], [[15.3390453, 47.3573909], [15.3389965, 47.3573792]], [[15.3390226, 47.3574177], [15.3390453, 47.3573909]], [[15.3388468, 47.3576253], [15.3390226, 47.3574177]], [[15.3388562, 47.3576589], [15.3388468, 47.3576253]], [[15.3388186, 47.357691], [15.3388562, 47.3576589]], [[15.3386317, 47.358158], [15.3388186, 47.357691]], [[15.3385951, 47.3583474], [15.3386317, 47.358158]], [[15.3386117, 47.3584962], [15.3385951, 47.3583474]], [[15.3386217, 47.3588141], [15.3386117, 47.3584962]], [[15.3386108, 47.3588821], [15.3386217, 47.3588141]], [[15.3385347, 47.3593636], [15.3386108, 47.3588821]], [[15.3384845, 47.3594542], [15.3385347, 47.3593636]], [[15.3384156, 47.3595576], [15.3384845, 47.3594542]], [[15.3383073, 47.3597263], [15.3384156, 47.3595576]], [[15.3382251, 47.3599094], [15.3383073, 47.3597263]], [[15.3381859, 47.3600461], [15.3382251, 47.3599094]], [[15.3381707, 47.3600829], [15.3381859, 47.3600461]], [[15.3381546, 47.3601274], [15.3381707, 47.3600829]], [[15.3380964, 47.3602352], [15.3381546, 47.3601274]], [[15.3380567, 47.3603082], [15.3380964, 47.3602352]], [[15.3380113, 47.3604036], [15.3380567, 47.3603082]], [[15.3380071, 47.3604744], [15.3380113, 47.3604036]], [[15.3380162, 47.3605568], [15.3380071, 47.3604744]], [[15.3380111, 47.3607633], [15.3380162, 47.3605568]], [[15.337995, 47.3609214], [15.3380111, 47.3607633]], [[15.3379869, 47.3610867], [15.337995, 47.3609214]], [[15.337996, 47.3612077], [15.3379869, 47.3610867]], [[15.3380178, 47.3613165], [15.337996, 47.3612077]], [[15.338028, 47.3613734], [15.3380178, 47.3613165]], [[15.3381261, 47.3625548], [15.338028, 47.3613734]], [[15.3381307, 47.36261], [15.3381261, 47.3625548]], [[15.3382674, 47.3630111], [15.3381307, 47.36261]], [[15.3382821, 47.3630543], [15.3382674, 47.3630111]], [[15.3387167, 47.3643031], [15.3382821, 47.3630543]], [[15.3387859, 47.3645134], [15.3387167, 47.3643031]], [[15.3388064, 47.3645418], [15.3387859, 47.3645134]], [[15.3388325, 47.3645754], [15.3388064, 47.3645418]], [[15.3388627, 47.3646022], [15.3388325, 47.3645754]], [[15.3389651, 47.3647029], [15.3388627, 47.3646022]], [[15.3390037, 47.3648114], [15.3389651, 47.3647029]], [[15.3389698, 47.3648999], [15.3390037, 47.3648114]], [[15.3389242, 47.3649662], [15.3389698, 47.3648999]], [[15.3388694, 47.365025], [15.3389242, 47.3649662]], [[15.3388171, 47.3651041], [15.3388694, 47.365025]], [[15.3387909, 47.3651795], [15.3388171, 47.3651041]], [[15.3387567, 47.3652739], [15.3387909, 47.3651795]], [[15.3387065, 47.3654719], [15.3387567, 47.3652739]], [[15.338695, 47.3655233], [15.3387065, 47.3654719]], [[15.3386776, 47.3656005], [15.338695, 47.3655233]], [[15.3386642, 47.3656604], [15.3386776, 47.3656005]], [[15.3386132, 47.3657667], [15.3386642, 47.3656604]], [[15.3385422, 47.3658721], [15.3386132, 47.3657667]], [[15.3383478, 47.36619], [15.3385422, 47.3658721]], [[15.3376544, 47.3670511], [15.3383478, 47.36619]], [[15.3372404, 47.3675051], [15.3376544, 47.3670511]], [[15.3371128, 47.3676258], [15.3372404, 47.3675051]], [[15.3370256, 47.3677032], [15.3371128, 47.3676258]], [[15.3369175, 47.3677894], [15.3370256, 47.3677032]], [[15.3367926, 47.367881], [15.3369175, 47.3677894]], [[15.3365587, 47.3680321], [15.3367926, 47.367881]], [[15.3364725, 47.3681085], [15.3365587, 47.3680321]], [[15.3364045, 47.368166], [15.3364725, 47.3681085]], [[15.3363326, 47.3682351], [15.3364045, 47.368166]], [[15.3362571, 47.3683056], [15.3363326, 47.3682351]], [[15.3358829, 47.3685477], [15.3362571, 47.3683056]], [[15.3356317, 47.3686971], [15.3358829, 47.3685477]], [[15.3355115, 47.3687621], [15.3356317, 47.3686971]], [[15.3353508, 47.3688469], [15.3355115, 47.3687621]], [[15.3350325, 47.3689801], [15.3353508, 47.3688469]], [[15.3346393, 47.3691116], [15.3350325, 47.3689801]], [[15.3342017, 47.3692635], [15.3346393, 47.3691116]], [[15.3335091, 47.3695074], [15.3342017, 47.3692635]], [[15.3326793, 47.3697595], [15.3335091, 47.3695074]], [[15.331793, 47.3700152], [15.3326793, 47.3697595]], [[15.331715, 47.3700519], [15.331793, 47.3700152]], [[15.3316699, 47.3700941], [15.331715, 47.3700519]], [[15.3311501, 47.370176], [15.3316699, 47.3700941]], [[15.3306613, 47.3702281], [15.3311501, 47.370176]], [[15.3304815, 47.3702658], [15.3306613, 47.3702281]], [[15.3300036, 47.3703975], [15.3304815, 47.3702658]], [[15.3295154, 47.3705394], [15.3300036, 47.3703975]], [[15.3292667, 47.3705939], [15.3295154, 47.3705394]], [[15.3291179, 47.3706324], [15.3292667, 47.3705939]], [[15.3290361, 47.3706629], [15.3291179, 47.3706324]], [[15.3289381, 47.3707215], [15.3290361, 47.3706629]], [[15.3287413, 47.3708482], [15.3289381, 47.3707215]], [[15.3290702, 47.3713622], [15.3287413, 47.3708482]], [[15.3282119, 47.3716382], [15.3290702, 47.3713622]], [[15.3274719, 47.3718276], [15.3282119, 47.3716382]], [[15.3272977, 47.3718827], [15.3274719, 47.3718276]], [[15.327069, 47.3719626], [15.3272977, 47.3718827]], [[15.3268102, 47.3720576], [15.327069, 47.3719626]], [[15.3265327, 47.3721338], [15.3268102, 47.3720576]], [[15.326085, 47.3722563], [15.3265327, 47.3721338]], [[15.3258432, 47.3723276], [15.326085, 47.3722563]], [[15.3255406, 47.3724282], [15.3258432, 47.3723276]], [[15.3245207, 47.37282], [15.3255406, 47.3724282]], [[15.3241407, 47.37301], [15.3245207, 47.37282]], [[15.3238973, 47.3730695], [15.3241407, 47.37301]], [[15.3235707, 47.37311], [15.3238973, 47.3730695]], [[15.3234711, 47.373098], [15.3235707, 47.37311]], [[15.3233498, 47.373088], [15.3234711, 47.373098]], [[15.3232652, 47.3731034], [15.3233498, 47.373088]], [[15.3231682, 47.3731425], [15.3232652, 47.3731034]], [[15.3230824, 47.373215], [15.3231682, 47.3731425]], [[15.3229772, 47.3732541], [15.3230824, 47.373215]], [[15.3228379, 47.3732527], [15.3229772, 47.3732541]], [[15.3226481, 47.3731643], [15.3228379, 47.3732527]], [[15.322486, 47.3731139], [15.3226481, 47.3731643]], [[15.322175, 47.3731425], [15.322486, 47.3731139]], [[15.3214073, 47.37324], [15.322175, 47.3731425]], [[15.3209002, 47.3732971], [15.3214073, 47.37324]], [[15.3205747, 47.3733263], [15.3209002, 47.3732971]], [[15.3200607, 47.37333], [15.3205747, 47.3733263]], [[15.3177995, 47.3732682], [15.3200607, 47.37333]], [[15.3175069, 47.3732722], [15.3177995, 47.3732682]], [[15.3168521, 47.3733429], [15.3175069, 47.3732722]], [[15.3162668, 47.3734146], [15.3168521, 47.3733429]], [[15.3148733, 47.3736478], [15.3162668, 47.3734146]], [[15.3141346, 47.3737793], [15.3148733, 47.3736478]], [[15.312594, 47.3741048], [15.3141346, 47.3737793]], [[15.3124189, 47.3741454], [15.312594, 47.3741048]], [[15.3121676, 47.3742003], [15.3124189, 47.3741454]], [[15.3118007, 47.37426], [15.3121676, 47.3742003]], [[15.3116338, 47.3743041], [15.3118007, 47.37426]], [[15.3114992, 47.3743528], [15.3116338, 47.3743041]], [[15.3112425, 47.3744609], [15.3114992, 47.3743528]], [[15.3101544, 47.3748678], [15.3112425, 47.3744609]], [[15.3099046, 47.3749642], [15.3101544, 47.3748678]], [[15.3097568, 47.3750269], [15.3099046, 47.3749642]], [[15.309548, 47.3751485], [15.3097568, 47.3750269]], [[15.3093551, 47.3752904], [15.309548, 47.3751485]], [[15.3091851, 47.3754243], [15.3093551, 47.3752904]], [[15.3090307, 47.3755799], [15.3091851, 47.3754243]], [[15.3089092, 47.3757527], [15.3090307, 47.3755799]], [[15.3088276, 47.3759199], [15.3089092, 47.3757527]], [[15.3087819, 47.3760874], [15.3088276, 47.3759199]], [[15.3087264, 47.3764048], [15.3087819, 47.3760874]], [[15.3087218, 47.3765555], [15.3087264, 47.3764048]], [[15.3087489, 47.3769995], [15.3087218, 47.3765555]], [[15.3086937, 47.3779053], [15.3087489, 47.3769995]], [[15.3086936, 47.3781951], [15.3086937, 47.3779053]], [[15.3087087, 47.3783709], [15.3086936, 47.3781951]], [[15.3088055, 47.3791559], [15.3087087, 47.3783709]], [[15.3088206, 47.3794241], [15.3088055, 47.3791559]], [[15.3088113, 47.3796616], [15.3088206, 47.3794241]], [[15.3088122, 47.3797559], [15.3088113, 47.3796616]], [[15.3088379, 47.3798676], [15.3088122, 47.3797559]], [[15.308924, 47.3800371], [15.3088379, 47.3798676]], [[15.3090413, 47.3802573], [15.308924, 47.3800371]], [[15.3093761, 47.38085], [15.3090413, 47.3802573]], [[15.30976, 47.3816263], [15.3093761, 47.38085]], [[15.3098043, 47.3817199], [15.30976, 47.3816263]], [[15.3098121, 47.3817685], [15.3098043, 47.3817199]], [[15.3098003, 47.3817989], [15.3098121, 47.3817685]], [[15.3097862, 47.3818235], [15.3098003, 47.3817989]], [[15.3097627, 47.3818425], [15.3097862, 47.3818235]], [[15.3097258, 47.3818584], [15.3097627, 47.3818425]], [[15.3097024, 47.3818643], [15.3097258, 47.3818584]], [[15.3096706, 47.3818726], [15.3097024, 47.3818643]], [[15.3096203, 47.3818842], [15.3096706, 47.3818726]], [[15.3095931, 47.381892], [15.3096203, 47.3818842]], [[15.3095354, 47.3819088], [15.3095931, 47.381892]], [[15.3094992, 47.3819193], [15.3095354, 47.3819088]], [[15.3094724, 47.3819315], [15.3094992, 47.3819193]], [[15.3094355, 47.3819656], [15.3094724, 47.3819315]], [[15.3094207, 47.3820001], [15.3094355, 47.3819656]], [[15.3094154, 47.3820382], [15.3094207, 47.3820001]], [[15.3094328, 47.3820981], [15.3094154, 47.3820382]], [[15.309473, 47.3821762], [15.3094328, 47.3820981]], [[15.3095592, 47.3823182], [15.309473, 47.3821762]], [[15.3099257, 47.3829862], [15.3095592, 47.3823182]], [[15.3104809, 47.3840732], [15.3099257, 47.3829862]], [[15.3107692, 47.3845989], [15.3104809, 47.3840732]], [[15.310792, 47.384638], [15.3107692, 47.3845989]], [[15.3108885, 47.3848056], [15.310792, 47.384638]], [[15.3111327, 47.3852826], [15.3108885, 47.3848056]], [[15.311592, 47.3861315], [15.3111327, 47.3852826]], [[15.3123175, 47.3875708], [15.311592, 47.3861315]], [[15.312385, 47.3877168], [15.3123175, 47.3875708]], [[15.3124427, 47.3878753], [15.312385, 47.3877168]], [[15.3125053, 47.3880874], [15.3124427, 47.3878753]], [[15.3125415, 47.3883417], [15.3125053, 47.3880874]], [[15.3125468, 47.3885033], [15.3125415, 47.3883417]], [[15.3125346, 47.3890519], [15.3125468, 47.3885033]], [[15.3125475, 47.3894939], [15.3125346, 47.3890519]], [[15.3125341, 47.3897326], [15.3125475, 47.3894939]], [[15.3124778, 47.3900359], [15.3125341, 47.3897326]], [[15.312305, 47.3908175], [15.3124778, 47.3900359]], [[15.3122392, 47.3910298], [15.312305, 47.3908175]], [[15.3121628, 47.3912268], [15.3122392, 47.3910298]], [[15.3120734, 47.3914254], [15.3121628, 47.3912268]], [[15.3119644, 47.3916213], [15.3120734, 47.3914254]], [[15.3118032, 47.3918556], [15.3119644, 47.3916213]], [[15.311702, 47.3919852], [15.3118032, 47.3918556]], [[15.311541, 47.3921722], [15.311702, 47.3919852]], [[15.3113707, 47.3923783], [15.311541, 47.3921722]], [[15.3111816, 47.3925508], [15.3113707, 47.3923783]], [[15.3109885, 47.3926861], [15.3111816, 47.3925508]], [[15.3107873, 47.3928604], [15.3109885, 47.3926861]], [[15.3107032, 47.392942], [15.3107873, 47.3928604]], [[15.3105768, 47.3930465], [15.3107032, 47.392942]], [[15.310389, 47.3931691], [15.3105768, 47.3930465]], [[15.3102623, 47.3932526], [15.310389, 47.3931691]], [[15.3100182, 47.3933616], [15.3102623, 47.3932526]], [[15.3098358, 47.3934578], [15.3100182, 47.3933616]], [[15.3093503, 47.3936575], [15.3098358, 47.3934578]], [[15.3088405, 47.393823], [15.3093503, 47.3936575]], [[15.3087963, 47.3938357], [15.3088405, 47.393823]], [[15.3083425, 47.3939463], [15.3087963, 47.3938357]], [[15.3079571, 47.3940313], [15.3083425, 47.3939463]], [[15.3065929, 47.3942157], [15.3079571, 47.3940313]], [[15.306126, 47.3942846], [15.3065929, 47.3942157]], [[15.3056989, 47.3943524], [15.306126, 47.3942846]], [[15.3054368, 47.3943896], [15.3056989, 47.3943524]], [[15.305234, 47.3944054], [15.3054368, 47.3943896]], [[15.3050261, 47.3944117], [15.305234, 47.3944054]], [[15.3045795, 47.3944046], [15.3050261, 47.3944117]], [[15.3043835, 47.3943947], [15.3045795, 47.3944046]], [[15.3042819, 47.3943847], [15.3043835, 47.3943947]], [[15.3041694, 47.3943736], [15.3042819, 47.3943847]], [[15.3039759, 47.3943566], [15.3041694, 47.3943736]], [[15.3038042, 47.394333], [15.3039759, 47.3943566]], [[15.3035816, 47.3942949], [15.3038042, 47.394333]], [[15.3034743, 47.3942676], [15.3035816, 47.3942949]], [[15.3034032, 47.394254], [15.3034743, 47.3942676]], [[15.3032853, 47.3942465], [15.3034032, 47.394254]], [[15.3032853, 47.3942465], [15.3031439, 47.3942151]], [[15.3031439, 47.3942151], [15.3024343, 47.3940588]], [[15.3024343, 47.3940588], [15.302042, 47.3939689]], [[15.302042, 47.3939689], [15.3017356, 47.393895]], [[15.3017356, 47.393895], [15.3016071, 47.3938618]], [[15.3016071, 47.3938618], [15.3015635, 47.3938491]], [[15.3015635, 47.3938491], [15.3014314, 47.3938246]], [[15.3014314, 47.3938246], [15.3011884, 47.3937837]], [[15.3011884, 47.3937837], [15.2970693, 47.3929028]], [[15.2970693, 47.3929028], [15.295905, 47.3926377]], [[15.295905, 47.3926377], [15.2953798, 47.3925259]], [[15.2953798, 47.3925259], [15.2950144, 47.3924621]], [[15.2950144, 47.3924621], [15.2947013, 47.3924156]], [[15.2947013, 47.3924156], [15.2943818, 47.3923854]], [[15.2943818, 47.3923854], [15.2940049, 47.3923609]], [[15.2940049, 47.3923609], [15.2937172, 47.3923576]], [[15.2937172, 47.3923576], [15.2934165, 47.3923648]], [[15.2934165, 47.3923648], [15.2931043, 47.3923893]], [[15.2931043, 47.3923893], [15.2928043, 47.3924391]], [[15.2928043, 47.3924391], [15.2919853, 47.3926345]], [[15.2919853, 47.3926345], [15.2915056, 47.3927365]], [[15.2915056, 47.3927365], [15.2914017, 47.3927433]], [[15.2914017, 47.3927433], [15.29131, 47.392745]], [[15.29131, 47.392745], [15.2910483, 47.392731]], [[15.2910483, 47.392731], [15.2909919, 47.3927365]], [[15.2909919, 47.3927365], [15.290917, 47.392764]], [[15.290917, 47.392764], [15.2907524, 47.392842]], [[15.2906218, 47.3929097], [15.2907524, 47.392842]], [[15.2904706, 47.3930298], [15.2906218, 47.3929097]], [[15.2898838, 47.39354], [15.2904706, 47.3930298]], [[15.2896107, 47.3937904], [15.2898838, 47.39354]], [[15.2894326, 47.3939722], [15.2896107, 47.3937904]], [[15.2892394, 47.394178], [15.2894326, 47.3939722]], [[15.288932, 47.3945115], [15.2892394, 47.394178]], [[15.2887001, 47.3947744], [15.288932, 47.3945115]], [[15.2884492, 47.3950622], [15.2887001, 47.3947744]], [[15.2882852, 47.395277], [15.2884492, 47.3950622]], [[15.2881748, 47.3954366], [15.2882852, 47.395277]], [[15.2880579, 47.3956102], [15.2881748, 47.3954366]], [[15.2879407, 47.3958], [15.2880579, 47.3956102]], [[15.2878671, 47.3959453], [15.2879407, 47.3958]], [[15.2878141, 47.3960832], [15.2878671, 47.3959453]], [[15.2877951, 47.3961732], [15.2878141, 47.3960832]], [[15.2877844, 47.3962381], [15.2877951, 47.3961732]], [[15.2877525, 47.3964833], [15.2877844, 47.3962381]], [[15.2877225, 47.3966457], [15.2877525, 47.3964833]], [[15.2876733, 47.3967902], [15.2877225, 47.3966457]], [[15.2874896, 47.3972288], [15.2876733, 47.3967902]], [[15.2874621, 47.3973277], [15.2874896, 47.3972288]], [[15.2874479, 47.3974193], [15.2874621, 47.3973277]], [[15.2874461, 47.3975598], [15.2874479, 47.3974193]], [[15.287455, 47.3976961], [15.2874461, 47.3975598]], [[15.2874664, 47.3978061], [15.287455, 47.3976961]], [[15.2874771, 47.3978977], [15.2874664, 47.3978061]], [[15.287493, 47.3979847], [15.2874771, 47.3978977]], [[15.2875125, 47.3980641], [15.287493, 47.3979847]], [[15.2876291, 47.3984594], [15.2875125, 47.3980641]], [[15.2876494, 47.3985337], [15.2876291, 47.3984594]], [[15.2876656, 47.3986638], [15.2876494, 47.3985337]], [[15.2877285, 47.3995988], [15.2876656, 47.3986638]], [[15.287735, 47.3997686], [15.2877285, 47.3995988]], [[15.2877171, 47.3999132], [15.287735, 47.3997686]], [[15.2876838, 47.4000255], [15.2877171, 47.3999132]], [[15.2876501, 47.4001737], [15.2876838, 47.4000255]], [[15.2875744, 47.4004162], [15.2876501, 47.4001737]], [[15.287548, 47.4005228], [15.2875744, 47.4004162]], [[15.2875351, 47.400602], [15.287548, 47.4005228]], [[15.2874766, 47.4009709], [15.2875351, 47.400602]], [[15.2874508, 47.4011221], [15.2874766, 47.4009709]], [[15.2874161, 47.4014797], [15.2874508, 47.4011221]], [[15.287409, 47.4016015], [15.2874161, 47.4014797]], [[15.2874174, 47.4016919], [15.287409, 47.4016015]], [[15.2874318, 47.4017534], [15.2874174, 47.4016919]], [[15.2874711, 47.4018621], [15.2874318, 47.4017534]], [[15.2875425, 47.4020321], [15.2874711, 47.4018621]], [[15.2875837, 47.4021192], [15.2875425, 47.4020321]], [[15.2876074, 47.4021639], [15.2875837, 47.4021192]], [[15.2876733, 47.4022881], [15.2876074, 47.4021639]], [[15.2878254, 47.4026198], [15.2876733, 47.4022881]], [[15.2878863, 47.4027388], [15.2878254, 47.4026198]], [[15.2879472, 47.4028261], [15.2878863, 47.4027388]], [[15.2879958, 47.4028868], [15.2879472, 47.4028261]], [[15.2880975, 47.4029939], [15.2879958, 47.4028868]], [[15.2882252, 47.4031599], [15.2880975, 47.4029939]], [[15.288429, 47.4034565], [15.2882252, 47.4031599]], [[15.2884909, 47.403556], [15.288429, 47.4034565]], [[15.2885401, 47.4036735], [15.2884909, 47.403556]], [[15.2885746, 47.4037836], [15.2885401, 47.4036735]], [[15.2886176, 47.4038719], [15.2885746, 47.4037836]], [[15.288692, 47.4039781], [15.2886176, 47.4038719]], [[15.2889261, 47.4042164], [15.288692, 47.4039781]], [[15.2889399, 47.404241], [15.2889261, 47.4042164]], [[15.2889533, 47.4042792], [15.2889399, 47.404241]], [[15.2889651, 47.4043306], [15.2889533, 47.4042792]], [[15.2889731, 47.4044176], [15.2889651, 47.4043306]], [[15.288965, 47.4045684], [15.2889731, 47.4044176]], [[15.2889521, 47.4047313], [15.288965, 47.4045684]], [[15.2888935, 47.4051424], [15.2889521, 47.4047313]], [[15.2888718, 47.4053148], [15.2888935, 47.4051424]], [[15.2888209, 47.4055239], [15.2888718, 47.4053148]], [[15.288771, 47.4056775], [15.2888209, 47.4055239]], [[15.2887002, 47.4058363], [15.288771, 47.4056775]], [[15.2886418, 47.4059813], [15.2887002, 47.4058363]], [[15.2886128, 47.4060803], [15.2886418, 47.4059813]], [[15.2885909, 47.4061792], [15.2886128, 47.4060803]], [[15.2885713, 47.4062745], [15.2885909, 47.4061792]], [[15.2885526, 47.4063911], [15.2885713, 47.4062745]], [[15.2885298, 47.4065343], [15.2885526, 47.4063911]], [[15.2885205, 47.4065695], [15.2885298, 47.4065343]], [[15.288513, 47.4066072], [15.2885205, 47.4065695]], [[15.2884805, 47.4067073], [15.288513, 47.4066072]], [[15.2884091, 47.4068652], [15.2884805, 47.4067073]], [[15.2883258, 47.4070378], [15.2884091, 47.4068652]], [[15.2882809, 47.4071296], [15.2883258, 47.4070378]], [[15.2882364, 47.407192], [15.2882809, 47.4071296]], [[15.2881958, 47.4072675], [15.2882364, 47.407192]], [[15.2881399, 47.4073714], [15.2881958, 47.4072675]], [[15.2879191, 47.407732], [15.2881399, 47.4073714]], [[15.2877885, 47.4079265], [15.2879191, 47.407732]], [[15.2876887, 47.4080512], [15.2877885, 47.4079265]], [[15.2876351, 47.4081181], [15.2876887, 47.4080512]], [[15.2875684, 47.4081981], [15.2876351, 47.4081181]], [[15.2874666, 47.4083183], [15.2875684, 47.4081981]], [[15.2871882, 47.4086192], [15.2874666, 47.4083183]], [[15.2869088, 47.4089048], [15.2871882, 47.4086192]], [[15.2867219, 47.4090904], [15.2869088, 47.4089048]], [[15.2864723, 47.4093347], [15.2867219, 47.4090904]], [[15.2863524, 47.4094422], [15.2864723, 47.4093347]], [[15.2860776, 47.4096703], [15.2863524, 47.4094422]], [[15.2858371, 47.4098405], [15.2860776, 47.4096703]], [[15.2857108, 47.4099204], [15.2858371, 47.4098405]], [[15.2851289, 47.4101702], [15.2857108, 47.4099204]], [[15.2846406, 47.4103777], [15.2851289, 47.4101702]], [[15.2843603, 47.4105503], [15.2846406, 47.4103777]], [[15.284134, 47.4107686], [15.2843603, 47.4105503]], [[15.2839887, 47.4109578], [15.284134, 47.4107686]], [[15.2838557, 47.411118], [15.2839887, 47.4109578]], [[15.283805, 47.4111684], [15.2838557, 47.411118]], [[15.2837335, 47.4112312], [15.283805, 47.4111684]], [[15.2836078, 47.4112491], [15.2837335, 47.4112312]], [[15.2834935, 47.411249], [15.2836078, 47.4112491]], [[15.2833812, 47.411241], [15.2834935, 47.411249]], [[15.2832909, 47.4112243], [15.2833812, 47.411241]], [[15.2832292, 47.4112015], [15.2832909, 47.4112243]], [[15.2831588, 47.4111411], [15.2832292, 47.4112015]], [[15.2830076, 47.4110005], [15.2831588, 47.4111411]], [[15.2828812, 47.4109208], [15.2830076, 47.4110005]], [[15.2827408, 47.4108656], [15.2828812, 47.4109208]], [[15.2825426, 47.4108297], [15.2827408, 47.4108656]], [[15.282189, 47.4108285], [15.2825426, 47.4108297]], [[15.2815526, 47.410757], [15.282189, 47.4108285]], [[15.2814949, 47.410759], [15.2815526, 47.410757]], [[15.2814487, 47.4107663], [15.2814949, 47.410759]], [[15.2813843, 47.410784], [15.2814487, 47.4107663]], [[15.2813465, 47.4108042], [15.2813843, 47.410784]], [[15.2812804, 47.4108607], [15.2813465, 47.4108042]], [[15.2812462, 47.4109142], [15.2812804, 47.4108607]], [[15.2809659, 47.4115042], [15.2812462, 47.4109142]], [[15.2808308, 47.4117055], [15.2809659, 47.4115042]], [[15.2806856, 47.4118889], [15.2808308, 47.4117055]], [[15.2806443, 47.4119339], [15.2806856, 47.4118889]], [[15.2805037, 47.4120885], [15.2806443, 47.4119339]], [[15.2803234, 47.4122617], [15.2805037, 47.4120885]], [[15.2801908, 47.4123536], [15.2803234, 47.4122617]], [[15.2800709, 47.412421], [15.2801908, 47.4123536]], [[15.2800297, 47.4124409], [15.2800709, 47.412421]], [[15.2799718, 47.4124688], [15.2800297, 47.4124409]], [[15.279878, 47.4124954], [15.2799718, 47.4124688]], [[15.2797694, 47.4125096], [15.279878, 47.4124954]], [[15.279656, 47.4125133], [15.2797694, 47.4125096]], [[15.2795507, 47.4125014], [15.279656, 47.4125133]], [[15.2787704, 47.4123678], [15.2795507, 47.4125014]], [[15.2785837, 47.4123536], [15.2787704, 47.4123678]], [[15.2784609, 47.4123675], [15.2785837, 47.4123536]], [[15.2782581, 47.4124091], [15.2784609, 47.4123675]], [[15.2780791, 47.4124703], [15.2782581, 47.4124091]], [[15.277769, 47.4126301], [15.2780791, 47.4124703]], [[15.277763, 47.4126504], [15.277769, 47.4126301]], [[15.2777316, 47.4126689], [15.277763, 47.4126504]], [[15.2776312, 47.4126794], [15.2777316, 47.4126689]], [[15.2775427, 47.4126844], [15.2776312, 47.4126794]], [[15.2773737, 47.4126881], [15.2775427, 47.4126844]], [[15.277249, 47.4126912], [15.2773737, 47.4126881]], [[15.2771967, 47.4127008], [15.277249, 47.4126912]], [[15.2771531, 47.4127194], [15.2771967, 47.4127008]], [[15.2771162, 47.4127658], [15.2771531, 47.4127194]], [[15.2770814, 47.4128243], [15.2771162, 47.4127658]], [[15.2770592, 47.4128606], [15.2770814, 47.4128243]], [[15.2770471, 47.4128862], [15.2770592, 47.4128606]], [[15.2769886, 47.41321], [15.2770471, 47.4128862]], [[15.2769617, 47.4133572], [15.2769886, 47.41321]], [[15.2769617, 47.4134971], [15.2769617, 47.4133572]], [[15.2769731, 47.4137129], [15.2769617, 47.4134971]], [[15.276951, 47.4138811], [15.2769731, 47.4137129]], [[15.2769436, 47.4139434], [15.276951, 47.4138811]], [[15.2769493, 47.4140027], [15.2769436, 47.4139434]], [[15.2769694, 47.4140288], [15.2769493, 47.4140027]], [[15.2770528, 47.4140865], [15.2769694, 47.4140288]], [[15.2771962, 47.4141876], [15.2770528, 47.4140865]], [[15.2772135, 47.4142075], [15.2771962, 47.4141876]], [[15.2772238, 47.4142274], [15.2772135, 47.4142075]], [[15.2772231, 47.4142514], [15.2772238, 47.4142274]], [[15.2772154, 47.4142753], [15.2772231, 47.4142514]], [[15.2771179, 47.4145137], [15.2772154, 47.4142753]], [[15.2771035, 47.4145463], [15.2771179, 47.4145137]], [[15.2770815, 47.4145554], [15.2771035, 47.4145463]], [[15.2770427, 47.4145564], [15.2770815, 47.4145554]], [[15.2768844, 47.4144986], [15.2770427, 47.4145564]], [[15.2768396, 47.4144909], [15.2768844, 47.4144986]], [[15.2767948, 47.4144864], [15.2768396, 47.4144909]], [[15.27674, 47.4145049], [15.2767948, 47.4144864]], [[15.276714, 47.4145429], [15.27674, 47.4145049]], [[15.2767299, 47.4146865], [15.276714, 47.4145429]], [[15.2767261, 47.4147024], [15.2767299, 47.4146865]], [[15.2767182, 47.4147141], [15.2767261, 47.4147024]], [[15.2765679, 47.4148055], [15.2767182, 47.4147141]], [[15.2764522, 47.4148621], [15.2765679, 47.4148055]], [[15.2763154, 47.4149713], [15.2764522, 47.4148621]], [[15.2763056, 47.4151231], [15.2763154, 47.4149713]], [[15.2763341, 47.4153119], [15.2763056, 47.4151231]], [[15.2763223, 47.4154474], [15.2763341, 47.4153119]], [[15.2761146, 47.4155751], [15.2763223, 47.4154474]], [[15.275513, 47.4157909], [15.2761146, 47.4155751]], [[15.274922, 47.415984], [15.275513, 47.4157909]], [[15.2745135, 47.4161228], [15.274922, 47.415984]], [[15.2743033, 47.4161875], [15.2745135, 47.4161228]], [[15.2743033, 47.4161875], [15.2745104, 47.4168085]], [[15.2745104, 47.4168085], [15.2745643, 47.4169407]], [[15.2745643, 47.4169407], [15.2746239, 47.4172382]], [[15.2746239, 47.4172382], [15.2746975, 47.4173189]], [[15.2746975, 47.4173189], [15.2746324, 47.4173403]], [[15.2746324, 47.4173403], [15.2745891, 47.4173545]], [[15.2745891, 47.4173545], [15.2746405, 47.4174968]], [[15.2746405, 47.4174968], [15.2746655, 47.4177862]], [[15.2746655, 47.4177862], [15.2746632, 47.4182829]], [[15.2746632, 47.4182829], [15.2746939, 47.4183896]], [[15.2746939, 47.4183896], [15.2746201, 47.4186379]], [[15.2746201, 47.4186379], [15.2745423, 47.419164]], [[15.2745423, 47.419164], [15.2744799, 47.4196797]], [[15.2744799, 47.4196797], [15.274385, 47.4202605]], [[15.274385, 47.4202605], [15.2742305, 47.4206098]], [[15.2742305, 47.4206098], [15.2740039, 47.4209564]], [[15.2740039, 47.4209564], [15.2738516, 47.4211895]], [[15.2738516, 47.4211895], [15.2738, 47.4212684]], [[15.2738, 47.4212684], [15.2737414, 47.4214563]], [[15.2737414, 47.4214563], [15.2735803, 47.421679]], [[15.2735803, 47.421679], [15.2735129, 47.4217721]], [[15.2735129, 47.4217721], [15.2734311, 47.4218441]], [[15.2734311, 47.4218441], [15.2731922, 47.4221892]], [[15.2731922, 47.4221892], [15.2731145, 47.4223259]], [[15.2731145, 47.4223259], [15.2729374, 47.4226374]], [[15.2729374, 47.4226374], [15.2727711, 47.4229605]], [[15.2727711, 47.4229605], [15.2726595, 47.4231524]], [[15.2726595, 47.4231524], [15.2724788, 47.4234631]], [[15.2724788, 47.4234631], [15.2723825, 47.4236309]], [[15.2723825, 47.4236309], [15.2720625, 47.4241881]], [[15.2720625, 47.4241881], [15.2717358, 47.4246808]], [[15.2717358, 47.4246808], [15.2716661, 47.4247917]], [[15.2716661, 47.4247917], [15.2716745, 47.4248207]], [[15.2716745, 47.4248207], [15.2716281, 47.4248791]], [[15.2716281, 47.4248791], [15.2715515, 47.4248899]], [[15.2715515, 47.4248899], [15.2714572, 47.4249926]], [[15.2712655, 47.4252333], [15.2714572, 47.4249926]], [[15.2710741, 47.4254519], [15.2712655, 47.4252333]], [[15.2707329, 47.4258165], [15.2710741, 47.4254519]], [[15.2705539, 47.4259954], [15.2707329, 47.4258165]], [[15.2699614, 47.4265979], [15.2705539, 47.4259954]], [[15.2695003, 47.4270688], [15.2699614, 47.4265979]], [[15.2692821, 47.4273533], [15.2695003, 47.4270688]], [[15.2689644, 47.427759], [15.2692821, 47.4273533]], [[15.268934, 47.4278025], [15.2689644, 47.427759]], [[15.26875, 47.4280544], [15.268934, 47.4278025]], [[15.2685116, 47.4284462], [15.26875, 47.4280544]], [[15.268459, 47.4285359], [15.2685116, 47.4284462]], [[15.2682591, 47.4291621], [15.268459, 47.4285359]], [[15.2682328, 47.4293032], [15.2682591, 47.4291621]], [[15.2682468, 47.4295701], [15.2682328, 47.4293032]], [[15.2682354, 47.429762], [15.2682468, 47.4295701]], [[15.268094, 47.4297673], [15.2682354, 47.429762]], [[15.2679423, 47.429773], [15.268094, 47.4297673]], [[15.2679423, 47.429773], [15.2680151, 47.4300759]], [[15.2680151, 47.4300759], [15.2682354, 47.4307206]], [[15.2682354, 47.4307206], [15.268685, 47.4314307]], [[15.268685, 47.4314307], [15.2694855, 47.4322526]], [[15.2694855, 47.4322526], [15.2695792, 47.4322278]], [[15.2695792, 47.4322278], [15.2696277, 47.4322163]], [[15.2696277, 47.4322163], [15.269634, 47.4322145]], [[15.269634, 47.4322145], [15.2697492, 47.4321968]], [[15.2699772, 47.432356], [15.2697492, 47.4321968]], [[15.2708008, 47.4328662], [15.2699772, 47.432356]], [[15.2709993, 47.432975], [15.2708008, 47.4328662]], [[15.2711434, 47.4330409], [15.2709993, 47.432975]], [[15.27172, 47.4333049], [15.2711434, 47.4330409]], [[15.2721906, 47.4335203], [15.27172, 47.4333049]], [[15.2721906, 47.4335203], [15.2721302, 47.4335571]], [[15.2720552, 47.4336294], [15.2721302, 47.4335571]], [[15.2720552, 47.4336294], [15.2733167, 47.4341689]], [[15.2733167, 47.4341689], [15.2742219, 47.4345423]], [[15.2742219, 47.4345423], [15.2748098, 47.4347941]], [[15.2748098, 47.4347941], [15.2756643, 47.4351361]], [[15.2756643, 47.4351361], [15.2761073, 47.4353141]], [[15.2761073, 47.4353141], [15.2773461, 47.4358022]], [[15.2773461, 47.4358022], [15.2778867, 47.4360235]], [[15.2778867, 47.4360235], [15.2779319, 47.4360907]], [[15.2779319, 47.4360907], [15.2779882, 47.4361145]], [[15.2779882, 47.4361145], [15.2780293, 47.4361318]], [[15.2780293, 47.4361318], [15.2783908, 47.4362846]], [[15.2783908, 47.4362846], [15.2800846, 47.4370002]], [[15.2800846, 47.4370002], [15.2810818, 47.4373709]], [[15.2810818, 47.4373709], [15.2819082, 47.4376288]], [[15.2819082, 47.4376288], [15.2825578, 47.4378496]], [[15.2825578, 47.4378496], [15.2834614, 47.438137]], [[15.2834614, 47.438137], [15.2846712, 47.4384724]], [[15.2846712, 47.4384724], [15.2847765, 47.4384943]], [[15.2847765, 47.4384943], [15.284958, 47.438532]], [[15.284958, 47.438532], [15.2852974, 47.4386077]], [[15.2852974, 47.4386077], [15.2858034, 47.4387134]], [[15.2858034, 47.4387134], [15.2859237, 47.4387306]], [[15.2859237, 47.4387306], [15.285984, 47.4387299]], [[15.285984, 47.4387299], [15.2862208, 47.4387179]], [[15.2862208, 47.4387179], [15.2865822, 47.4386483]], [[15.286825, 47.4385935], [15.2865822, 47.4386483]], [[15.286935, 47.4385678], [15.286825, 47.4385935]], [[15.2869859, 47.4385576], [15.286935, 47.4385678]], [[15.2871305, 47.4385325], [15.2869859, 47.4385576]], [[15.2873354, 47.4384969], [15.2871305, 47.4385325]], [[15.2874975, 47.4384952], [15.2873354, 47.4384969]], [[15.287576, 47.4384805], [15.2874975, 47.4384952]], [[15.2876444, 47.438452], [15.287576, 47.4384805]], [[15.2877341, 47.4384005], [15.2876444, 47.438452]], [[15.2877915, 47.4383701], [15.2877341, 47.4384005]], [[15.2878909, 47.4383988], [15.2877915, 47.4383701]], [[15.2882822, 47.4384959], [15.2878909, 47.4383988]], [[15.2882822, 47.4384959], [15.2883602, 47.4385069]], [[15.2883602, 47.4385069], [15.2883954, 47.438508]], [[15.2883954, 47.438508], [15.2885162, 47.4385246]], [[15.2885162, 47.4385246], [15.2887536, 47.4385722]], [[15.2887536, 47.4385722], [15.2889993, 47.4386113]], [[15.2889993, 47.4386113], [15.2898057, 47.4387348]], [[15.2898057, 47.4387348], [15.2899338, 47.4387639]], [[15.2899338, 47.4387639], [15.2899696, 47.4387933]], [[15.2899696, 47.4387933], [15.2899727, 47.4388288]], [[15.2899727, 47.4388288], [15.2899291, 47.4389717]], [[15.2899291, 47.4389717], [15.2898156, 47.4391761]], [[15.2898156, 47.4391761], [15.2897704, 47.4392574]], [[15.2897704, 47.4392574], [15.2897092, 47.4393715]], [[15.2897092, 47.4393715], [15.2896165, 47.4395443]], [[15.2896165, 47.4395443], [15.2894886, 47.4397828]], [[15.2894886, 47.4397828], [15.2894109, 47.4399466]], [[15.2894109, 47.4399466], [15.2893728, 47.4400878]], [[15.2893728, 47.4400878], [15.2893694, 47.440175]], [[15.2893694, 47.440175], [15.289331, 47.4401753]], [[15.289331, 47.4401753], [15.2892639, 47.4401454]], [[15.2892639, 47.4401454], [15.2891164, 47.4400683]], [[15.2891164, 47.4400683], [15.2889881, 47.4400125]], [[15.2889881, 47.4400125], [15.2889139, 47.439984]], [[15.2889139, 47.439984], [15.2888784, 47.439969]], [[15.2888784, 47.439969], [15.2888289, 47.4399527]], [[15.2883213, 47.4402261], [15.2888289, 47.4399527]], [[15.2882916, 47.4402539], [15.2883213, 47.4402261]], [[15.2880843, 47.4404003], [15.2882916, 47.4402539]], [[15.2877126, 47.4406859], [15.2880843, 47.4404003]], [[15.2876663, 47.4407145], [15.2877126, 47.4406859]], [[15.2875916, 47.4407614], [15.2876663, 47.4407145]], [[15.2872573, 47.4409303], [15.2875916, 47.4407614]], [[15.287196, 47.4409647], [15.2872573, 47.4409303]], [[15.2871949, 47.4409832], [15.287196, 47.4409647]], [[15.2869976, 47.4410171], [15.2871949, 47.4409832]], [[15.2869134, 47.4410327], [15.2869976, 47.4410171]], [[15.286694, 47.4410655], [15.2869134, 47.4410327]], [[15.2866833, 47.4410642], [15.286694, 47.4410655]], [[15.2866833, 47.4410642], [15.2869481, 47.4415191]], [[15.2869481, 47.4415191], [15.2871629, 47.4418239]], [[15.2871629, 47.4418239], [15.287212, 47.4418776]], [[15.287212, 47.4418776], [15.2872737, 47.4418649]], [[15.2872737, 47.4418649], [15.287607, 47.4418441]], [[15.287607, 47.4418441], [15.287699, 47.4418859]], [[15.287699, 47.4418859], [15.287829, 47.4420531]], [[15.287829, 47.4420531], [15.2879202, 47.4421378]], [[15.2879202, 47.4421378], [15.2880537, 47.4422209]], [[15.2880537, 47.4422209], [15.288389, 47.4423607]], [[15.288389, 47.4423607], [15.2891175, 47.4425745]], [[15.2891175, 47.4425745], [15.2896329, 47.4427277]], [[15.2896329, 47.4427277], [15.289769, 47.4427509]], [[15.289769, 47.4427509], [15.2898998, 47.4427354]], [[15.2898998, 47.4427354], [15.289986, 47.4427082]], [[15.289986, 47.4427082], [15.2905377, 47.4426814]], [[15.2905377, 47.4426814], [15.2908215, 47.4426896]], [[15.2908215, 47.4426896], [15.2910298, 47.4426957]], [[15.2910298, 47.4426957], [15.2915272, 47.4426389]], [[15.2915272, 47.4426389], [15.291728, 47.442552]], [[15.291728, 47.442552], [15.2919227, 47.4425246]], [[15.2919227, 47.4425246], [15.2920938, 47.4425217]], [[15.2920938, 47.4425217], [15.2931408, 47.4426508]], [[15.2931408, 47.4426508], [15.2936787, 47.4427694]], [[15.2936787, 47.4427694], [15.2937147, 47.4427773]], [[15.2937147, 47.4427773], [15.2937591, 47.4427771]], [[15.2937591, 47.4427771], [15.2939935, 47.4427133]], [[15.2939935, 47.4427133], [15.2940498, 47.4427109]], [[15.2940498, 47.4427109], [15.2941002, 47.4427263]], [[15.2941002, 47.4427263], [15.2941365, 47.4427534]], [[15.2941365, 47.4427534], [15.2942274, 47.4428762]], [[15.2942274, 47.4428762], [15.2943111, 47.4429804]], [[15.2943661, 47.4430314], [15.2943111, 47.4429804]], [[15.2945168, 47.4431288], [15.2943661, 47.4430314]], [[15.2945669, 47.4431747], [15.2945168, 47.4431288]], [[15.2946363, 47.4432895], [15.2945669, 47.4431747]], [[15.29479, 47.4434851], [15.2946363, 47.4432895]], [[15.2950636, 47.4438625], [15.29479, 47.4434851]], [[15.2952218, 47.4440094], [15.2950636, 47.4438625]], [[15.2955072, 47.4441907], [15.2952218, 47.4440094]], [[15.2955194, 47.444238], [15.2955072, 47.4441907]], [[15.2955175, 47.4442895], [15.2955194, 47.444238]], [[15.2954156, 47.4442641], [15.2955175, 47.4442895]], [[15.2954156, 47.4442641], [15.2955335, 47.4443879]], [[15.2955335, 47.4443879], [15.2956247, 47.4444713]], [[15.2956247, 47.4444713], [15.2957374, 47.4445366]], [[15.2957374, 47.4445366], [15.2958895, 47.4446078]], [[15.2958895, 47.4446078], [15.2959893, 47.4446697]], [[15.2959893, 47.4446697], [15.2960626, 47.4447406]], [[15.2960626, 47.4447406], [15.2961327, 47.4448223]], [[15.2961327, 47.4448223], [15.2963523, 47.4450314]], [[15.2963523, 47.4450314], [15.2964945, 47.4451516]], [[15.2964945, 47.4451516], [15.2969051, 47.4453547]], [[15.2969051, 47.4453547], [15.2971567, 47.4454506]], [[15.2971567, 47.4454506], [15.2976269, 47.445571]], [[15.2976269, 47.445571], [15.2989178, 47.4457043]], [[15.2989178, 47.4457043], [15.2995659, 47.4457648]], [[15.2995659, 47.4457648], [15.2996009, 47.4457718]], [[15.2996009, 47.4457718], [15.2997524, 47.4458022]], [[15.2997524, 47.4458022], [15.2998677, 47.4458236]], [[15.2998941, 47.4458445], [15.2998677, 47.4458236]], [[15.3000239, 47.4458796], [15.2998941, 47.4458445]], [[15.299996, 47.4459838], [15.3000239, 47.4458796]], [[15.2999397, 47.4460884], [15.299996, 47.4459838]], [[15.2999896, 47.4461178], [15.2999397, 47.4460884]], [[15.3000542, 47.4461288], [15.2999896, 47.4461178]], [[15.3004983, 47.4462556], [15.3000542, 47.4461288]], [[15.3009678, 47.4464256], [15.3004983, 47.4462556]], [[15.3014212, 47.4465841], [15.3009678, 47.4464256]], [[15.3016727, 47.4466681], [15.3014212, 47.4465841]], [[15.3017331, 47.4466836], [15.3016727, 47.4466681]], [[15.3017331, 47.4466836], [15.3017889, 47.4466048]], [[15.3017889, 47.4466048], [15.3018439, 47.4465407]], [[15.3023501, 47.4466977], [15.3018439, 47.4465407]], [[15.3032287, 47.4470216], [15.3023501, 47.4466977]], [[15.303895, 47.4472345], [15.3032287, 47.4470216]], [[15.3047244, 47.4475339], [15.303895, 47.4472345]], [[15.3052266, 47.4477446], [15.3047244, 47.4475339]], [[15.3055015, 47.4478853], [15.3052266, 47.4477446]], [[15.3057695, 47.4480447], [15.3055015, 47.4478853]], [[15.305918, 47.4481498], [15.3057695, 47.4480447]], [[15.3058514, 47.4482217], [15.305918, 47.4481498]], [[15.3057899, 47.4482848], [15.3058514, 47.4482217]], [[15.3057899, 47.4482848], [15.3059002, 47.4483455]], [[15.3059002, 47.4483455], [15.306594, 47.4486911]], [[15.3067988, 47.4488225], [15.306594, 47.4486911]], [[15.3069451, 47.4489384], [15.3067988, 47.4488225]], [[15.3069769, 47.4489183], [15.3069451, 47.4489384]], [[15.307012, 47.448896], [15.3069769, 47.4489183]], [[15.3105202, 47.4508083], [15.307012, 47.448896]], [[15.3109243, 47.4510282], [15.3105202, 47.4508083]], [[15.3113812, 47.4512813], [15.3109243, 47.4510282]], [[15.3117223, 47.4514557], [15.3113812, 47.4512813]], [[15.3118487, 47.4515379], [15.3117223, 47.4514557]], [[15.3119161, 47.4515817], [15.3118487, 47.4515379]], [[15.312186, 47.4517397], [15.3119161, 47.4515817]], [[15.3125064, 47.4518964], [15.312186, 47.4517397]], [[15.3132013, 47.4523819], [15.3125064, 47.4518964]], [[15.3138691, 47.4529432], [15.3132013, 47.4523819]], [[15.314537, 47.4535148], [15.3138691, 47.4529432]], [[15.3149732, 47.4537968], [15.314537, 47.4535148]], [[15.3151871, 47.4539119], [15.3149732, 47.4537968]], [[15.3152442, 47.4539529], [15.3151871, 47.4539119]], [[15.3153982, 47.4540468], [15.3152442, 47.4539529]], [[15.3156398, 47.4541679], [15.3153982, 47.4540468]], [[15.3158414, 47.454261], [15.3156398, 47.4541679]], [[15.3159728, 47.4543169], [15.3158414, 47.454261]], [[15.3164866, 47.4545106], [15.3159728, 47.4543169]], [[15.3175102, 47.4548857], [15.3164866, 47.4545106]], [[15.3183064, 47.4551964], [15.3175102, 47.4548857]], [[15.318488, 47.4552709], [15.3183064, 47.4551964]], [[15.3186257, 47.4553285], [15.318488, 47.4552709]], [[15.3187884, 47.4554207], [15.3186257, 47.4553285]], [[15.3188439, 47.4554551], [15.3187884, 47.4554207]], [[15.3192013, 47.4556771], [15.3188439, 47.4554551]], [[15.3193631, 47.4557788], [15.3192013, 47.4556771]], [[15.3194295, 47.4557985], [15.3193631, 47.4557788]], [[15.3194513, 47.4557841], [15.3194295, 47.4557985]], [[15.3194513, 47.4557841], [15.3195166, 47.4557339]], [[15.3195166, 47.4557339], [15.3195487, 47.4557054]], [[15.3195487, 47.4557054], [15.3195974, 47.455666]], [[15.3195974, 47.455666], [15.3196637, 47.4556565]], [[15.3196637, 47.4556565], [15.3197008, 47.4556576]], [[15.3197008, 47.4556576], [15.3197393, 47.455661]], [[15.3197393, 47.455661], [15.3197424, 47.4556745]], [[15.3197424, 47.4556745], [15.3197525, 47.4556832]], [[15.3197525, 47.4556832], [15.3197752, 47.4556887]], [[15.3197752, 47.4556887], [15.3199087, 47.4557134]], [[15.3199087, 47.4557134], [15.319972, 47.4557289]], [[15.319972, 47.4557289], [15.3200125, 47.4557526]], [[15.3200125, 47.4557526], [15.3201046, 47.4558149]], [[15.3201046, 47.4558149], [15.3201123, 47.4558366]], [[15.3201123, 47.4558366], [15.3201131, 47.4558593]], [[15.3201131, 47.4558593], [15.3201004, 47.4559638]], [[15.3201004, 47.4559638], [15.3200972, 47.4560017]], [[15.3200972, 47.4560017], [15.3201141, 47.4560275]], [[15.3201141, 47.4560275], [15.3201947, 47.4561118]], [[15.3201947, 47.4561118], [15.3202435, 47.4561628]], [[15.3202435, 47.4561628], [15.3202865, 47.4561933]], [[15.3202865, 47.4561933], [15.3204251, 47.4562936]], [[15.3204251, 47.4562936], [15.3205273, 47.4563706]], [[15.3205273, 47.4563706], [15.320673, 47.456511]], [[15.320673, 47.456511], [15.3206922, 47.4565314]], [[15.3206922, 47.4565314], [15.3207146, 47.4565477]], [[15.3207146, 47.4565477], [15.3207668, 47.4565957]], [[15.3207272, 47.4566161], [15.3207668, 47.4565957]], [[15.3207272, 47.4566161], [15.32074, 47.4566649]], [[15.32074, 47.4566649], [15.3207635, 47.4567062]], [[15.3207635, 47.4567062], [15.3211037, 47.4571213]], [[15.3211037, 47.4571213], [15.3212429, 47.4573399]], [[15.3212429, 47.4573399], [15.3215691, 47.4578518]], [[15.3215691, 47.4578518], [15.3218574, 47.4583957]], [[15.3218574, 47.4583957], [15.3223363, 47.4591687]], [[15.3224081, 47.4591736], [15.3223363, 47.4591687]], [[15.3225432, 47.4591543], [15.3224081, 47.4591736]], [[15.3227466, 47.4591778], [15.3225432, 47.4591543]], [[15.3228558, 47.4592329], [15.3227466, 47.4591778]], [[15.322901, 47.4593416], [15.3228558, 47.4592329]], [[15.3229338, 47.4594568], [15.322901, 47.4593416]], [[15.3230614, 47.459578], [15.3229338, 47.4594568]], [[15.3233523, 47.4597775], [15.3230614, 47.459578]], [[15.3233523, 47.4597775], [15.323785, 47.4598152]], [[15.323785, 47.4598152], [15.3239429, 47.4598257]], [[15.3239429, 47.4598257], [15.3240168, 47.4598306]], [[15.3240168, 47.4598306], [15.3246102, 47.4598468]], [[15.3246102, 47.4598468], [15.3251301, 47.4598503]], [[15.3251301, 47.4598503], [15.325181, 47.4598506]], [[15.325181, 47.4598506], [15.3260184, 47.459854]], [[15.3260184, 47.459854], [15.3263546, 47.4598539]], [[15.3263546, 47.4598539], [15.3266378, 47.4598525]], [[15.3266378, 47.4598525], [15.3269109, 47.4598348]], [[15.3269109, 47.4598348], [15.3270953, 47.4598244]], [[15.3270953, 47.4598244], [15.3273123, 47.4598001]], [[15.3273123, 47.4598001], [15.3277173, 47.4597506]], [[15.3277173, 47.4597506], [15.3283725, 47.4597198]], [[15.3283725, 47.4597198], [15.328566, 47.4597151]], [[15.328566, 47.4597151], [15.3289627, 47.4597478]], [[15.3289627, 47.4597478], [15.3291064, 47.4597609]], [[15.3291064, 47.4597609], [15.3292833, 47.4597655]], [[15.3292833, 47.4597655], [15.3294796, 47.4597702]], [[15.3294796, 47.4597702], [15.3300576, 47.4598102]], [[15.3300576, 47.4598102], [15.3303628, 47.45983]], [[15.3303628, 47.45983], [15.3308784, 47.4598207]], [[15.3308784, 47.4598207], [15.3310138, 47.4598151]], [[15.3310138, 47.4598151], [15.3312958, 47.4598132]], [[15.3312958, 47.4598132], [15.3321647, 47.4597758]], [[15.3321647, 47.4597758], [15.332349, 47.4597665]], [[15.332349, 47.4597665], [15.3327319, 47.4597534]], [[15.3327319, 47.4597534], [15.3328798, 47.4597497]], [[15.3328798, 47.4597497], [15.3330254, 47.4597625]], [[15.3330254, 47.4597625], [15.3331424, 47.4597992]], [[15.3331424, 47.4597992], [15.3332457, 47.4598522]], [[15.3332457, 47.4598522], [15.3334786, 47.4599783]], [[15.3334786, 47.4599783], [15.333597, 47.4600501]], [[15.333597, 47.4600501], [15.3336538, 47.4600917]], [[15.3336538, 47.4600917], [15.3336923, 47.4601467]], [[15.3336923, 47.4601467], [15.3337277, 47.4602913]], [[15.3337277, 47.4602913], [15.3337754, 47.4603963]], [[15.3337754, 47.4603963], [15.3338339, 47.4604708]], [[15.3338339, 47.4604708], [15.3340149, 47.4605994]], [[15.3340149, 47.4605994], [15.3341697, 47.4607094]], [[15.3341697, 47.4607094], [15.3342083, 47.4607368]], [[15.3342083, 47.4607368], [15.3338466, 47.460934]], [[15.3338466, 47.460934], [15.3335392, 47.4611338]], [[15.3337719, 47.4612605], [15.3335392, 47.4611338]], [[15.333916, 47.461338], [15.3337719, 47.4612605]], [[15.3340019, 47.4613983], [15.333916, 47.461338]], [[15.3340354, 47.4614776], [15.3340019, 47.4613983]], [[15.3340434, 47.4616685], [15.3340354, 47.4614776]], [[15.3339972, 47.462276], [15.3340434, 47.4616685]], [[15.3339797, 47.4623957], [15.3339972, 47.462276]], [[15.3340386, 47.4624011], [15.3339797, 47.4623957]], [[15.3341808, 47.4624356], [15.3340386, 47.4624011]], [[15.3343421, 47.4625222], [15.3341808, 47.4624356]], [[15.3344361, 47.4626587], [15.3343421, 47.4625222]], [[15.3345522, 47.4627876], [15.3344361, 47.4626587]], [[15.3348272, 47.4630577], [15.3345522, 47.4627876]], [[15.3354906, 47.4636162], [15.3348272, 47.4630577]], [[15.3358113, 47.463751], [15.3354906, 47.4636162]], [[15.3360518, 47.4638146], [15.3358113, 47.463751]], [[15.3364846, 47.4639288], [15.3360518, 47.4638146]], [[15.3366352, 47.4639722], [15.3364846, 47.4639288]], [[15.3374564, 47.4641961], [15.3366352, 47.4639722]], [[15.3376596, 47.4642429], [15.3374564, 47.4641961]], [[15.3401099, 47.4648072], [15.3376596, 47.4642429]], [[15.3399648, 47.4650272], [15.3401099, 47.4648072]], [[15.3397127, 47.4653971], [15.3399648, 47.4650272]], [[15.3394896, 47.4657421], [15.3397127, 47.4653971]], [[15.3394606, 47.465787], [15.3394896, 47.4657421]], [[15.3393694, 47.465952], [15.3394606, 47.465787]], [[15.3393532, 47.4660553], [15.3393694, 47.465952]], [[15.3392627, 47.4661592], [15.3393532, 47.4660553]], [[15.3390268, 47.4665886], [15.3392627, 47.4661592]], [[15.3389948, 47.46666], [15.3390268, 47.4665886]], [[15.3389948, 47.46666], [15.3389098, 47.4666357]], [[15.3389098, 47.4666357], [15.3388657, 47.4666814]], [[15.3388657, 47.4666814], [15.3387748, 47.4667341]], [[15.3387748, 47.4667341], [15.3386631, 47.4667516]], [[15.3386631, 47.4667516], [15.3385962, 47.4667299]], [[15.3385962, 47.4667299], [15.338554, 47.4667976]], [[15.338554, 47.4667976], [15.3385019, 47.4668813]], [[15.3385019, 47.4668813], [15.3385705, 47.4669032]], [[15.3385705, 47.4669032], [15.3386222, 47.4669261]], [[15.3386222, 47.4669261], [15.3386718, 47.4669828]], [[15.3386718, 47.4669828], [15.3386933, 47.4670254]], [[15.3386933, 47.4670254], [15.3386977, 47.4670579]], [[15.3386977, 47.4670579], [15.3387629, 47.4670762]], [[15.3387629, 47.4670762], [15.3388577, 47.4671075]], [[15.3388577, 47.4671075], [15.3389015, 47.4670797]], [[15.3389015, 47.4670797], [15.3389819, 47.4670634]], [[15.3389819, 47.4670634], [15.3390812, 47.4670888]], [[15.3390812, 47.4670888], [15.3394862, 47.4672157]], [[15.3394862, 47.4672157], [15.3396203, 47.4672085]], [[15.3396203, 47.4672085], [15.3399361, 47.4673079]], [[15.3399361, 47.4673079], [15.340669, 47.4675347]], [[15.340669, 47.4675347], [15.3407281, 47.467553]], [[15.3407281, 47.467553], [15.3422514, 47.4679997]], [[15.3422514, 47.4679997], [15.3423714, 47.4680854]], [[15.3423714, 47.4680854], [15.3425897, 47.4681478]], [[15.3425897, 47.4681478], [15.3427991, 47.4681602]], [[15.3427991, 47.4681602], [15.3433085, 47.4683096]], [[15.3433085, 47.4683096], [15.3435122, 47.4683997]], [[15.3435122, 47.4683997], [15.3435227, 47.4684064]], [[15.3435227, 47.4684064], [15.3436089, 47.4684619]], [[15.3436089, 47.4684619], [15.3436733, 47.4685598]], [[15.3436733, 47.4685598], [15.3436475, 47.4686479]], [[15.3436475, 47.4686479], [15.3437717, 47.4686873]], [[15.3437717, 47.4686873], [15.343822, 47.4687056]], [[15.343822, 47.4687056], [15.3439541, 47.4686259]], [[15.3439541, 47.4686259], [15.344082, 47.468604]], [[15.344082, 47.468604], [15.3441974, 47.4686197]], [[15.3441974, 47.4686197], [15.3443616, 47.468642]], [[15.3443616, 47.468642], [15.3446412, 47.4687056]], [[15.3446412, 47.4687056], [15.3449563, 47.4688031]], [[15.3449563, 47.4688031], [15.3450558, 47.4688339]], [[15.3450558, 47.4688339], [15.3452117, 47.4688899]], [[15.3452117, 47.4688899], [15.345459, 47.4689659]], [[15.345459, 47.4689659], [15.3457963, 47.4690599]], [[15.3457963, 47.4690599], [15.3458406, 47.4690763]], [[15.3458406, 47.4690763], [15.3460225, 47.4691435]], [[15.3460225, 47.4691435], [15.3462853, 47.4692176]], [[15.3462853, 47.4692176], [15.3464862, 47.4692528]], [[15.3464862, 47.4692528], [15.3467532, 47.4692917]], [[15.3467532, 47.4692917], [15.3469119, 47.4693183]], [[15.3469119, 47.4693183], [15.3470623, 47.4693468]], [[15.3470623, 47.4693468], [15.347304, 47.4694038]], [[15.347304, 47.4694038], [15.3478099, 47.4695301]], [[15.3478099, 47.4695301], [15.3482104, 47.4696318]], [[15.3482104, 47.4696318], [15.3485954, 47.4697192]], [[15.3485954, 47.4697192], [15.349024, 47.4698179]], [[15.349024, 47.4698179], [15.3496563, 47.4699576]], [[15.3496563, 47.4699576], [15.3501565, 47.4700583]], [[15.3501565, 47.4700583], [15.3505401, 47.4701456]], [[15.3505401, 47.4701456], [15.3506132, 47.4701637]], [[15.3506132, 47.4701637], [15.3507453, 47.470176]], [[15.3507453, 47.470176], [15.3510151, 47.4702292]], [[15.3510151, 47.4702292], [15.3512835, 47.4702862]], [[15.3512835, 47.4702862], [15.3515266, 47.4703736]], [[15.3515266, 47.4703736], [15.3516966, 47.4704154]], [[15.3516966, 47.4704154], [15.351893, 47.4704455]], [[15.351893, 47.4704455], [15.3519875, 47.47046]], [[15.3519875, 47.47046], [15.352357, 47.4705142]], [[15.352357, 47.4705142], [15.3527477, 47.4705655]], [[15.3527477, 47.4705655], [15.3530638, 47.4706291]], [[15.3530638, 47.4706291], [15.3536765, 47.4707498]], [[15.3536765, 47.4707498], [15.3539898, 47.4708153]], [[15.3539898, 47.4708153], [15.3542217, 47.4708761]], [[15.3542217, 47.4708761], [15.3543496, 47.4709046]], [[15.3543496, 47.4709046], [15.3544648, 47.470915]], [[15.3544648, 47.470915], [15.3546292, 47.4709426]], [[15.3546292, 47.4709426], [15.3549622, 47.4710091]], [[15.3549622, 47.4710091], [15.3552749, 47.4710623]], [[15.3552749, 47.4710623], [15.3555988, 47.4711254]], [[15.3555988, 47.4711254], [15.3559494, 47.4711929]], [[15.3559494, 47.4711929], [15.3563716, 47.4712783]], [[15.3563716, 47.4712783], [15.3566142, 47.47132]], [[15.3566142, 47.47132], [15.3568072, 47.4713586]], [[15.3568072, 47.4713586], [15.3572597, 47.4714436]], [[15.3572597, 47.4714436], [15.3574796, 47.4714868]], [[15.3574796, 47.4714868], [15.357729, 47.4715438]], [[15.357729, 47.4715438], [15.3580159, 47.4715938]], [[15.3580159, 47.4715938], [15.3584563, 47.4716715]], [[15.3584563, 47.4716715], [15.3593389, 47.4718365]], [[15.3593389, 47.4718365], [15.3606306, 47.4720899]], [[15.3606306, 47.4720899], [15.3607115, 47.4721051]], [[15.3607115, 47.4721051], [15.3607463, 47.4721117]], [[15.3607463, 47.4721117], [15.360862, 47.4721609]], [[15.360862, 47.4721609], [15.3611598, 47.4722232]], [[15.3611598, 47.4722232], [15.3614747, 47.4722492]], [[15.3614747, 47.4722492], [15.3622844, 47.4724157]], [[15.3622844, 47.4724157], [15.3632162, 47.472617]], [[15.3632162, 47.472617], [15.3633255, 47.4726387]], [[15.3633255, 47.4726387], [15.3633812, 47.4726677]], [[15.3633812, 47.4726677], [15.3634326, 47.4727299]], [[15.3634326, 47.4727299], [15.3634891, 47.4727733]], [[15.3634891, 47.4727733], [15.3635611, 47.4728081]], [[15.3635611, 47.4728081], [15.3636061, 47.4728313]], [[15.3636061, 47.4728313], [15.3636324, 47.4728768]], [[15.3636324, 47.4728768], [15.363735, 47.4728628]], [[15.363735, 47.4728628], [15.3638133, 47.472852]], [[15.3638133, 47.472852], [15.3638969, 47.4728374]], [[15.3638969, 47.4728374], [15.363967, 47.4727978]], [[15.363967, 47.4727978], [15.3639954, 47.4727899]], [[15.3639954, 47.4727899], [15.3641572, 47.4727941]], [[15.3641572, 47.4727941], [15.365222, 47.4729685]], [[15.365222, 47.4729685], [15.365817, 47.4730706]], [[15.365817, 47.4730706], [15.3663753, 47.4731664]], [[15.3663753, 47.4731664], [15.3668488, 47.4732397]], [[15.3668488, 47.4732397], [15.3678389, 47.4734603]], [[15.3678389, 47.4734603], [15.3678647, 47.4734827]], [[15.3678647, 47.4734827], [15.3678718, 47.4735025]], [[15.3678718, 47.4735025], [15.3678864, 47.473515]], [[15.3678864, 47.473515], [15.3679475, 47.473535]], [[15.3679475, 47.473535], [15.3680038, 47.4735513]], [[15.3680038, 47.4735513], [15.3680376, 47.4735508]], [[15.3680376, 47.4735508], [15.3680842, 47.4735388]], [[15.3680842, 47.4735388], [15.3681212, 47.4735405]], [[15.3681212, 47.4735405], [15.3687861, 47.4736825]], [[15.3687861, 47.4736825], [15.3690364, 47.4737487]], [[15.3690364, 47.4737487], [15.3696734, 47.4739145]], [[15.3696734, 47.4739145], [15.3697952, 47.4739542]], [[15.3697952, 47.4739542], [15.3698207, 47.4739801]], [[15.3698207, 47.4739801], [15.3701443, 47.4740866]], [[15.3701443, 47.4740866], [15.3702243, 47.4741004]], [[15.3702243, 47.4741004], [15.3704131, 47.4741671]], [[15.3708224, 47.4743167], [15.3704131, 47.4741671]], [[15.371039, 47.4744203], [15.3708224, 47.4743167]], [[15.3711054, 47.4744573], [15.371039, 47.4744203]], [[15.3713728, 47.4745238], [15.3711054, 47.4744573]], [[15.3715543, 47.4745841], [15.3713728, 47.4745238]], [[15.371692, 47.4746299], [15.3715543, 47.4745841]], [[15.3720614, 47.4747538], [15.371692, 47.4746299]], [[15.3720976, 47.4747752], [15.3720614, 47.4747538]], [[15.3721099, 47.4748075], [15.3720976, 47.4747752]], [[15.3721362, 47.4748336], [15.3721099, 47.4748075]], [[15.372225, 47.4748545], [15.3721362, 47.4748336]], [[15.3723034, 47.474873], [15.372225, 47.4748545]], [[15.3724775, 47.4748984], [15.3723034, 47.474873]], [[15.372557, 47.4748979], [15.3724775, 47.4748984]], [[15.3728055, 47.4749532], [15.372557, 47.4748979]], [[15.3734239, 47.4750966], [15.3728055, 47.4749532]], [[15.373887, 47.4751975], [15.3734239, 47.4750966]], [[15.3744563, 47.4753345], [15.373887, 47.4751975]], [[15.3748542, 47.4754327], [15.3744563, 47.4753345]], [[15.3752053, 47.4755442], [15.3748542, 47.4754327]], [[15.3758295, 47.4758405], [15.3752053, 47.4755442]], [[15.3762626, 47.4761063], [15.3758295, 47.4758405]], [[15.3764904, 47.4763377], [15.3762626, 47.4761063]], [[15.3765473, 47.4763793], [15.3764904, 47.4763377]], [[15.37731, 47.4769371], [15.3765473, 47.4763793]], [[15.37731, 47.4769371], [15.3775954, 47.4770995]], [[15.3775954, 47.4770995], [15.3780688, 47.4773872]], [[15.378119, 47.4773148], [15.3780688, 47.4773872]], [[15.378119, 47.4773148], [15.3786103, 47.4775502]], [[15.3786103, 47.4775502], [15.3789111, 47.4776823]], [[15.3789111, 47.4776823], [15.3790538, 47.4777394]], [[15.3790538, 47.4777394], [15.3791036, 47.4777593]], [[15.3791036, 47.4777593], [15.3812166, 47.4786047]], [[15.3812166, 47.4786047], [15.3848224, 47.4800045]], [[15.3848224, 47.4800045], [15.3904571, 47.4822]], [[15.3904571, 47.4822], [15.391423, 47.4825686]], [[15.391423, 47.4825686], [15.3919039, 47.4827578]], [[15.3919039, 47.4827578], [15.3925191, 47.4829999]], [[15.3925191, 47.4829999], [15.3926142, 47.4829846]], [[15.3926142, 47.4829846], [15.3926874, 47.4830138]], [[15.3926874, 47.4830138], [15.3934282, 47.4833162]], [[15.3934282, 47.4833162], [15.3941781, 47.4835721]], [[15.3941781, 47.4835721], [15.3958019, 47.4840986]], [[15.3958019, 47.4840986], [15.3959262, 47.4841467]], [[15.3959262, 47.4841467], [15.3960681, 47.4841982]], [[15.3960681, 47.4841982], [15.3962269, 47.484263]], [[15.3962269, 47.484263], [15.3963078, 47.4843085]], [[15.3963078, 47.4843085], [15.3962209, 47.4843617]], [[15.3962209, 47.4843617], [15.3961591, 47.4844304]], [[15.3961591, 47.4844304], [15.3957967, 47.4849624]], [[15.3957967, 47.4849624], [15.3957863, 47.4849773]], [[15.3957863, 47.4849773], [15.3956696, 47.4851457]], [[15.3956696, 47.4851457], [15.3954273, 47.4854953]], [[15.3954273, 47.4854953], [15.3953791, 47.4856061]], [[15.3953791, 47.4856061], [15.3956359, 47.4855816]], [[15.3956359, 47.4855816], [15.3958315, 47.4855946]], [[15.3958315, 47.4855946], [15.3964526, 47.4857692]], [[15.3964526, 47.4857692], [15.3968972, 47.4858678]], [[15.3968972, 47.4858678], [15.3974408, 47.4860616]], [[15.3974408, 47.4860616], [15.3975122, 47.4860791]], [[15.3975122, 47.4860791], [15.3980763, 47.486132]], [[15.3980763, 47.486132], [15.3981832, 47.4861108]], [[15.3981832, 47.4861108], [15.3983916, 47.4863658]], [[15.3983916, 47.4863658], [15.3984556, 47.4864384]], [[15.3984556, 47.4864384], [15.3984889, 47.4864718]], [[15.3984889, 47.4864718], [15.3985216, 47.4865032]], [[15.3985216, 47.4865032], [15.3986052, 47.4865985]], [[15.3986052, 47.4865985], [15.3987627, 47.4867362]], [[15.3987627, 47.4867362], [15.3991146, 47.4870273]], [[15.3991146, 47.4870273], [15.3994649, 47.4872473]], [[15.3994649, 47.4872473], [15.3995946, 47.4873288]], [[15.3995946, 47.4873288], [15.3998658, 47.4874691]], [[15.3998658, 47.4874691], [15.3998785, 47.4875276]], [[15.3998785, 47.4875276], [15.400203, 47.4876657]], [[15.400203, 47.4876657], [15.4007948, 47.4878659]], [[15.4007948, 47.4878659], [15.4012376, 47.4879891]], [[15.4012376, 47.4879891], [15.4026478, 47.4883217]], [[15.4026478, 47.4883217], [15.4034304, 47.4885259]], [[15.4034304, 47.4885259], [15.4042444, 47.4887803]], [[15.4042444, 47.4887803], [15.4050951, 47.4890835]], [[15.4050951, 47.4890835], [15.4053923, 47.4891934]], [[15.4053923, 47.4891934], [15.4054698, 47.4892561]], [[15.4054698, 47.4892561], [15.4055933, 47.4892976]], [[15.4055933, 47.4892976], [15.40575, 47.4893114]], [[15.40575, 47.4893114], [15.406633, 47.4896313]], [[15.406633, 47.4896313], [15.4073577, 47.4898655]], [[15.4073577, 47.4898655], [15.4083378, 47.490144]], [[15.4083378, 47.490144], [15.4092243, 47.4903707]], [[15.4092243, 47.4903707], [15.4096245, 47.4905169]], [[15.4096245, 47.4905169], [15.4101193, 47.4907712]], [[15.4101193, 47.4907712], [15.4105638, 47.4911095]], [[15.4105638, 47.4911095], [15.4108363, 47.4914168]], [[15.4108363, 47.4914168], [15.4110475, 47.4917804]], [[15.4110475, 47.4917804], [15.4112791, 47.4924853]], [[15.4112791, 47.4924853], [15.4113796, 47.4928006]], [[15.4113796, 47.4928006], [15.4114723, 47.4928136]], [[15.4114723, 47.4928136], [15.4115596, 47.4929505]], [[15.4115596, 47.4929505], [15.4115796, 47.4929819]], [[15.4115796, 47.4929819], [15.411664, 47.4930106]], [[15.411664, 47.4930106], [15.4119271, 47.4933363]], [[15.4119271, 47.4933363], [15.4121426, 47.4935629]], [[15.4121426, 47.4935629], [15.412217, 47.4936337]], [[15.412217, 47.4936337], [15.4124287, 47.4938512]], [[15.4124287, 47.4938512], [15.4126569, 47.4940687]], [[15.4126569, 47.4940687], [15.412748, 47.4941251]], [[15.412748, 47.4941251], [15.4128979, 47.4942528]], [[15.4128979, 47.4942528], [15.4129413, 47.4943265]], [[15.4129413, 47.4943265], [15.4130181, 47.4943884]], [[15.4130181, 47.4943884], [15.4132487, 47.494556]], [[15.4132487, 47.494556], [15.4136047, 47.4947476]], [[15.4136047, 47.4947476], [15.4139853, 47.4949139]], [[15.4139853, 47.4949139], [15.4143276, 47.4950077]], [[15.4143276, 47.4950077], [15.4146725, 47.495075]], [[15.4146725, 47.495075], [15.414836, 47.4950675]], [[15.414836, 47.4950675], [15.4149646, 47.4950874]], [[15.4149646, 47.4950874], [15.415123, 47.495113]], [[15.415123, 47.495113], [15.415255, 47.4951481]], [[15.415255, 47.4951481], [15.4153546, 47.4951895]], [[15.4153546, 47.4951895], [15.4162359, 47.4953172]], [[15.4162359, 47.4953172], [15.4166694, 47.4953943]], [[15.4166694, 47.4953943], [15.4171225, 47.4955156]], [[15.4171225, 47.4955156], [15.4176941, 47.4957008]], [[15.4176941, 47.4957008], [15.4177389, 47.4957154]], [[15.4177389, 47.4957154], [15.4179075, 47.4957355]], [[15.4179075, 47.4957355], [15.4179774, 47.4957528]], [[15.4179774, 47.4957528], [15.4180591, 47.4957976]], [[15.4180591, 47.4957976], [15.4181494, 47.4958684]], [[15.4181494, 47.4958684], [15.4190971, 47.4962309]], [[15.4190971, 47.4962309], [15.4194471, 47.4963851]], [[15.4194471, 47.4963851], [15.4197929, 47.4965588]], [[15.4197365, 47.4966107], [15.4197929, 47.4965588]], [[15.4196622, 47.4966738], [15.4197365, 47.4966107]], [[15.4199355, 47.4969039], [15.4196622, 47.4966738]], [[15.4201125, 47.4971052], [15.4199355, 47.4969039]], [[15.4202457, 47.4973459], [15.4201125, 47.4971052]], [[15.4203342, 47.4975494], [15.4202457, 47.4973459]], [[15.4203802, 47.4978363], [15.4203342, 47.4975494]], [[15.420407, 47.4982691], [15.4203802, 47.4978363]], [[15.4204429, 47.498453], [15.420407, 47.4982691]], [[15.4205403, 47.4986914], [15.4204429, 47.498453]], [[15.4206611, 47.4988733], [15.4205403, 47.4986914]], [[15.4207958, 47.4990071], [15.4206611, 47.4988733]], [[15.4210295, 47.4991629], [15.4207958, 47.4990071]], [[15.4213056, 47.4992879], [15.4210295, 47.4991629]], [[15.421559, 47.4993669], [15.4213056, 47.4992879]], [[15.4218174, 47.4994165], [15.421559, 47.4993669]], [[15.4222555, 47.4994642], [15.4218174, 47.4994165]], [[15.4235922, 47.4995473], [15.4222555, 47.4994642]], [[15.424674, 47.4996395], [15.4235922, 47.4995473]], [[15.4253522, 47.4997277], [15.424674, 47.4996395]], [[15.4260001, 47.4998753], [15.4253522, 47.4997277]], [[15.4270789, 47.5001756], [15.4260001, 47.4998753]], [[15.4274279, 47.5002525], [15.4270789, 47.5001756]], [[15.4279696, 47.5003007], [15.4274279, 47.5002525]], [[15.4285375, 47.5003201], [15.4279696, 47.5003007]], [[15.4291121, 47.500354], [15.4285375, 47.5003201]], [[15.4294141, 47.5003792], [15.4291121, 47.500354]], [[15.4306029, 47.5005934], [15.4294141, 47.5003792]], [[15.4309801, 47.5006635], [15.4306029, 47.5005934]], [[15.4309801, 47.5006635], [15.4312439, 47.5007353]], [[15.4312439, 47.5007353], [15.4315534, 47.5008911]], [[15.4315534, 47.5008911], [15.4325685, 47.5015717]], [[15.4325685, 47.5015717], [15.4328583, 47.5017276]], [[15.4328583, 47.5017276], [15.4332027, 47.5018885]], [[15.4332027, 47.5018885], [15.4335463, 47.5020078]], [[15.4335463, 47.5020078], [15.4343327, 47.5022696]], [[15.4343327, 47.5022696], [15.4347852, 47.5024184]], [[15.4347852, 47.5024184], [15.4351918, 47.5025691]], [[15.4351918, 47.5025691], [15.4353997, 47.5027095]], [[15.4353997, 47.5027095], [15.4355551, 47.5027648]], [[15.4355551, 47.5027648], [15.4356544, 47.5028296]], [[15.4356544, 47.5028296], [15.4360111, 47.5029423]], [[15.4360111, 47.5029423], [15.4369069, 47.5030801]], [[15.4369069, 47.5030801], [15.4370171, 47.5031206]], [[15.4370171, 47.5031206], [15.4376256, 47.5032118]], [[15.4376256, 47.5032118], [15.4389881, 47.5035152]], [[15.4389881, 47.5035152], [15.439151, 47.5035797]], [[15.439151, 47.5035797], [15.4394892, 47.5036358]], [[15.4394892, 47.5036358], [15.4396611, 47.5036632]], [[15.4396611, 47.5036632], [15.4408337, 47.503945]], [[15.4408337, 47.503945], [15.4410917, 47.5039819]], [[15.4410917, 47.5039819], [15.4413088, 47.5040029]], [[15.4413088, 47.5040029], [15.4417687, 47.5040221]], [[15.4417687, 47.5040221], [15.442619, 47.5039935]], [[15.442619, 47.5039935], [15.4444632, 47.5039123]], [[15.4444632, 47.5039123], [15.445054, 47.5038426]], [[15.445054, 47.5038426], [15.4454959, 47.5037713]], [[15.4454959, 47.5037713], [15.4455972, 47.5037489]], [[15.4455972, 47.5037489], [15.4456408, 47.5036885]], [[15.4456408, 47.5036885], [15.4457387, 47.5036817]], [[15.4457387, 47.5036817], [15.4458879, 47.5036841]], [[15.4458879, 47.5036841], [15.4461905, 47.5037041]], [[15.4461905, 47.5037041], [15.4462592, 47.5037436]], [[15.4462592, 47.5037436], [15.4463074, 47.5037714]], [[15.4463074, 47.5037714], [15.4465781, 47.5038747]], [[15.4465781, 47.5038747], [15.4470113, 47.5040518]], [[15.4470113, 47.5040518], [15.4472247, 47.5041537]], [[15.4472247, 47.5041537], [15.4474303, 47.5042731]], [[15.4474303, 47.5042731], [15.4477702, 47.5044933]], [[15.4477702, 47.5044933], [15.4485619, 47.5050754]], [[15.4485619, 47.5050754], [15.4485872, 47.505093]], [[15.4485872, 47.505093], [15.4489748, 47.5053693]], [[15.4489748, 47.5053693], [15.4492435, 47.5055828]], [[15.4492435, 47.5055828], [15.4493046, 47.5056369]], [[15.4493046, 47.5056369], [15.4495188, 47.5058544]], [[15.4495188, 47.5058544], [15.4496754, 47.5061001]], [[15.4496754, 47.5061001], [15.4497588, 47.5062974]], [[15.4497588, 47.5062974], [15.4498575, 47.5065308]], [[15.4498575, 47.5065308], [15.4499219, 47.5067869]], [[15.4499219, 47.5067869], [15.4499656, 47.5070622]], [[15.4499656, 47.5070622], [15.4499767, 47.5071318]], [[15.4499767, 47.5071318], [15.4499878, 47.5072562]], [[15.4499878, 47.5072562], [15.4499508, 47.507483]], [[15.4499508, 47.507483], [15.4499056, 47.50758]], [[15.4499056, 47.50758], [15.4497952, 47.507698]], [[15.4497952, 47.507698], [15.4496272, 47.5078191]], [[15.4496272, 47.5078191], [15.4495475, 47.5079158]], [[15.4495475, 47.5079158], [15.4494769, 47.5080334]], [[15.4494769, 47.5080334], [15.4494666, 47.5080633]], [[15.4494666, 47.5080633], [15.4494341, 47.508224]], [[15.4494341, 47.508224], [15.4493701, 47.5082216]], [[15.4493701, 47.5082216], [15.4493061, 47.5085564]], [[15.4493061, 47.5085564], [15.4493918, 47.5088371]], [[15.4493918, 47.5088371], [15.4494556, 47.5089741]], [[15.4494556, 47.5089741], [15.4496121, 47.5092009]], [[15.4496121, 47.5092009], [15.4498839, 47.509504]], [[15.4498839, 47.509504], [15.4500841, 47.5096913]], [[15.4500841, 47.5096913], [15.4503268, 47.5098948]], [[15.4503268, 47.5098948], [15.4506609, 47.5101855]], [[15.4506609, 47.5101855], [15.4510146, 47.5104801]], [[15.4510146, 47.5104801], [15.4513799, 47.5107297]], [[15.4513799, 47.5107297], [15.4517341, 47.5109391]], [[15.4517341, 47.5109391], [15.4529791, 47.5115442]], [[15.4529791, 47.5115442], [15.4538647, 47.5119554]], [[15.4538647, 47.5119554], [15.4545017, 47.5121936]], [[15.4545017, 47.5121936], [15.4546806, 47.5122656]], [[15.4546806, 47.5122656], [15.4549, 47.5123071]], [[15.4549399, 47.5122451], [15.4549, 47.5123071]], [[15.4549399, 47.5122451], [15.4552092, 47.5122771]], [[15.4552092, 47.5122771], [15.4559488, 47.5123346]], [[15.4559488, 47.5123346], [15.4575316, 47.512471]], [[15.4575316, 47.512471], [15.4586816, 47.5126902]], [[15.4586816, 47.5126902], [15.4593854, 47.5128359]], [[15.4593854, 47.5128359], [15.4602349, 47.5129747]], [[15.4602349, 47.5129747], [15.4609077, 47.5130805]], [[15.4609077, 47.5130805], [15.4613082, 47.5131538]], [[15.4613082, 47.5131538], [15.4615908, 47.5132056]], [[15.4615908, 47.5132056], [15.4622203, 47.5133981]], [[15.4622203, 47.5133981], [15.4622498, 47.5134071]], [[15.4622498, 47.5134071], [15.4626628, 47.5135868]], [[15.4626628, 47.5135868], [15.4629859, 47.5137593]], [[15.4629859, 47.5137593], [15.4630741, 47.5138079]], [[15.4631062, 47.5137613], [15.4630741, 47.5138079]], [[15.4631062, 47.5137613], [15.4633503, 47.5139392]], [[15.4633503, 47.5139392], [15.4636194, 47.5141595]], [[15.4636194, 47.5141595], [15.4637203, 47.5142435]], [[15.4637203, 47.5142435], [15.4639669, 47.5145088]], [[15.4639669, 47.5145088], [15.4644854, 47.515155]], [[15.4644854, 47.515155], [15.4645668, 47.5152421]], [[15.4645668, 47.5152421], [15.4648669, 47.5155524]], [[15.4648669, 47.5155524], [15.4652501, 47.5158831]], [[15.4652501, 47.5158831], [15.46583, 47.5163421]], [[15.46583, 47.5163421], [15.4668765, 47.5172118]], [[15.4668765, 47.5172118], [15.4675319, 47.517763]], [[15.4675319, 47.517763], [15.4683897, 47.5181752]], [[15.4683897, 47.5181752], [15.4687927, 47.5183948]], [[15.4687927, 47.5183948], [15.4688693, 47.5184379]], [[15.4688439, 47.5184868], [15.4688693, 47.5184379]], [[15.4687983, 47.5185285], [15.4688439, 47.5184868]], [[15.4686467, 47.5186064], [15.4687983, 47.5185285]], [[15.4683208, 47.5187468], [15.4686467, 47.5186064]], [[15.4681036, 47.518879], [15.4683208, 47.5187468]], [[15.4678541, 47.5190647], [15.4681036, 47.518879]], [[15.4676865, 47.5192494], [15.4678541, 47.5190647]], [[15.4675028, 47.5195474], [15.4676865, 47.5192494]], [[15.4673432, 47.5199097], [15.4675028, 47.5195474]], [[15.4672305, 47.5201099], [15.4673432, 47.5199097]], [[15.4670186, 47.5203662], [15.4672305, 47.5201099]], [[15.466906, 47.5204585], [15.4670186, 47.5203662]], [[15.4665975, 47.5206895], [15.466906, 47.5204585]], [[15.4662891, 47.520954], [15.4665975, 47.5206895]], [[15.4660477, 47.5211822], [15.4662891, 47.520954]], [[15.4656936, 47.5215191], [15.4660477, 47.5211822]], [[15.4654415, 47.5217908], [15.4656936, 47.5215191]], [[15.4652363, 47.5220398], [15.4654415, 47.5217908]], [[15.4649319, 47.5224528], [15.4652363, 47.5220398]], [[15.4648072, 47.5226312], [15.4649319, 47.5224528]], [[15.4647294, 47.522777], [15.4648072, 47.5226312]], [[15.4646449, 47.5229989], [15.4647294, 47.522777]], [[15.4645698, 47.5232398], [15.4646449, 47.5229989]], [[15.4645349, 47.5233675], [15.4645698, 47.5232398]], [[15.4645121, 47.5234961], [15.4645349, 47.5233675]], [[15.4645912, 47.5235541], [15.4645121, 47.5234961]], [[15.4646529, 47.5235776], [15.4645912, 47.5235541]], [[15.4647133, 47.5235939], [15.4646529, 47.5235776]], [[15.4648004, 47.5236012], [15.4647133, 47.5235939]], [[15.4658183, 47.5236419], [15.4648004, 47.5236012]], [[15.4658774, 47.5236401], [15.4658183, 47.5236419]], [[15.466112, 47.5236247], [15.4658774, 47.5236401]], [[15.4661791, 47.5236211], [15.466112, 47.5236247]], [[15.4662227, 47.5236234], [15.4661791, 47.5236211]], [[15.4662623, 47.5236401], [15.4662227, 47.5236234]], [[15.4662985, 47.5236786], [15.4662623, 47.5236401]], [[15.4664125, 47.5239163], [15.4662985, 47.5236786]], [[15.4665492, 47.5241735], [15.4664125, 47.5239163]], [[15.4666779, 47.5243643], [15.4665492, 47.5241735]], [[15.4667839, 47.5245068], [15.4666779, 47.5243643]], [[15.4667916, 47.5245573], [15.4667839, 47.5245068]], [[15.4667974, 47.5245951], [15.4667916, 47.5245573]], [[15.4667102, 47.5249859], [15.4667974, 47.5245951]], [[15.466716, 47.5250432], [15.4667102, 47.5249859]], [[15.4667229, 47.5250579], [15.466716, 47.5250432]], [[15.4667383, 47.5250723], [15.4667229, 47.5250579]], [[15.4667611, 47.52508], [15.4667383, 47.5250723]], [[15.4668027, 47.5250828], [15.4667611, 47.52508]], [[15.4674541, 47.5250657], [15.4668027, 47.5250828]], [[15.4682079, 47.5250927], [15.4674541, 47.5250657]], [[15.4690224, 47.5251354], [15.4682079, 47.5250927]], [[15.4697358, 47.5251219], [15.4690224, 47.5251354]], [[15.470017, 47.5251692], [15.4697358, 47.5251219]], [[15.4704854, 47.5252983], [15.470017, 47.5251692]], [[15.4710849, 47.5255138], [15.4704854, 47.5252983]], [[15.471455, 47.5256316], [15.4710849, 47.5255138]], [[15.4721108, 47.5258552], [15.471455, 47.5256316]], [[15.4733124, 47.5263261], [15.4721108, 47.5258552]], [[15.473747, 47.5264421], [15.4733124, 47.5263261]], [[15.4738319, 47.5264602], [15.473747, 47.5264421]], [[15.4739277, 47.5264806], [15.4738319, 47.5264602]], [[15.4740603, 47.5265024], [15.4739277, 47.5264806]], [[15.4741925, 47.5265146], [15.4740603, 47.5265024]], [[15.4744858, 47.5265418], [15.4741925, 47.5265146]], [[15.4745637, 47.5265417], [15.4744858, 47.5265418]], [[15.4746509, 47.5265417], [15.4745637, 47.5265417]], [[15.4755762, 47.5266196], [15.4746509, 47.5265417]], [[15.4759128, 47.5266304], [15.4755762, 47.5266196]], [[15.476118, 47.5266223], [15.4759128, 47.5266304]], [[15.476412, 47.5265845], [15.476118, 47.5266223]], [[15.4766102, 47.5265326], [15.476412, 47.5265845]], [[15.477144, 47.5263669], [15.4766102, 47.5265326]], [[15.4784146, 47.5259455], [15.477144, 47.5263669]], [[15.4787679, 47.52586], [15.4784146, 47.5259455]], [[15.4792584, 47.5257835], [15.4787679, 47.52586]], [[15.4795982, 47.525761], [15.4792584, 47.5257835]], [[15.47992, 47.5257767], [15.4795982, 47.525761]], [[15.4803046, 47.5258627], [15.47992, 47.5257767]], [[15.4807654, 47.5259464], [15.4803046, 47.5258627]], [[15.4814794, 47.526076], [15.4807654, 47.5259464]], [[15.4822185, 47.5262917], [15.4814794, 47.526076]], [[15.4827981, 47.5264719], [15.4822185, 47.5262917]], [[15.4831625, 47.526553], [15.4827981, 47.5264719]], [[15.4837072, 47.5266646], [15.4831625, 47.526553]], [[15.484048, 47.5267219], [15.4837072, 47.5266646]], [[15.4843155, 47.5267605], [15.484048, 47.5267219]], [[15.4848003, 47.5268215], [15.4843155, 47.5267605]], [[15.4848754, 47.5268197], [15.4848003, 47.5268215]], [[15.484972, 47.5268034], [15.4848754, 47.5268197]], [[15.4851343, 47.5267681], [15.484972, 47.5268034]], [[15.4852836, 47.5267114], [15.4851343, 47.5267681]], [[15.4857156, 47.5263995], [15.4852836, 47.5267114]], [[15.4858057, 47.5263449], [15.4857156, 47.5263995]], [[15.4859711, 47.5262745], [15.4858057, 47.5263449]], [[15.4861025, 47.5262302], [15.4859711, 47.5262745]], [[15.4862756, 47.5261939], [15.4861025, 47.5262302]], [[15.4864378, 47.5261903], [15.4862756, 47.5261939]], [[15.4865196, 47.5261948], [15.4864378, 47.5261903]], [[15.4867718, 47.5262075], [15.4865196, 47.5261948]], [[15.4875, 47.5262347], [15.4867718, 47.5262075]], [[15.4877467, 47.5262392], [15.4875, 47.5262347]], [[15.4880136, 47.52624], [15.4877467, 47.5262392]], [[15.4887033, 47.5261979], [15.4880136, 47.52624]], [[15.4890849, 47.5261368], [15.4887033, 47.5261979]], [[15.4895586, 47.5260039], [15.4890849, 47.5261368]], [[15.4898929, 47.525927], [15.4895586, 47.5260039]], [[15.4902523, 47.5258798], [15.4898929, 47.525927]], [[15.4908672, 47.5258282], [15.4902523, 47.5258798]], [[15.4912197, 47.5257503], [15.4908672, 47.5258282]], [[15.4913927, 47.5257001], [15.4912197, 47.5257503]], [[15.4917539, 47.5255738], [15.4913927, 47.5257001]], [[15.4918124, 47.525563], [15.4917539, 47.5255738]], [[15.4921054, 47.525509], [15.4918124, 47.525563]], [[15.4926435, 47.5254389], [15.4921054, 47.525509]], [[15.4929068, 47.5253984], [15.4926435, 47.5254389]], [[15.493313, 47.5253415], [15.4929068, 47.5253984]], [[15.4935126, 47.5253248], [15.493313, 47.5253415]], [[15.4937113, 47.525344], [15.4935126, 47.5253248]], [[15.4942541, 47.5254198], [15.4937113, 47.525344]], [[15.4947776, 47.5254993], [15.4942541, 47.5254198]], [[15.4949835, 47.525546], [15.4947776, 47.5254993]], [[15.495093, 47.5255708], [15.4949835, 47.525546]], [[15.4952689, 47.5256167], [15.495093, 47.5255708]], [[15.4957013, 47.5257542], [15.4952689, 47.5256167]], [[15.4961342, 47.5259129], [15.4957013, 47.5257542]], [[15.4966512, 47.5261029], [15.4961342, 47.5259129]], [[15.496709, 47.5261167], [15.4966512, 47.5261029]], [[15.4970219, 47.5261917], [15.496709, 47.5261167]], [[15.4977617, 47.5264181], [15.4970219, 47.5261917]], [[15.4978363, 47.5264543], [15.4977617, 47.5264181]], [[15.498006, 47.5265366], [15.4978363, 47.5264543]], [[15.4982745, 47.5266517], [15.498006, 47.5265366]], [[15.4986965, 47.5268326], [15.4982745, 47.5266517]], [[15.498917, 47.5269272], [15.4986965, 47.5268326]], [[15.4993518, 47.5271112], [15.498917, 47.5269272]], [[15.4995918, 47.5272103], [15.4993518, 47.5271112]], [[15.499727, 47.5272615], [15.4995918, 47.5272103]], [[15.4999896, 47.5273795], [15.499727, 47.5272615]], [[15.5002198, 47.5274804], [15.4999896, 47.5273795]], [[15.5003276, 47.5275278], [15.5002198, 47.5274804]], [[15.5005947, 47.5276418], [15.5003276, 47.5275278]], [[15.5006763, 47.5276769], [15.5005947, 47.5276418]], [[15.5018189, 47.5281787], [15.5006763, 47.5276769]], [[15.5024234, 47.5284442], [15.5018189, 47.5281787]], [[15.5024572, 47.528459], [15.5024234, 47.5284442]], [[15.5025309, 47.5285782], [15.5024572, 47.528459]], [[15.5025309, 47.5285782], [15.5026937, 47.5285755]], [[15.5026937, 47.5285755], [15.5028342, 47.5286734]], [[15.5028342, 47.5286734], [15.502979, 47.5287331]], [[15.502979, 47.5287331], [15.5034471, 47.5288599]], [[15.5034471, 47.5288599], [15.5039701, 47.529041]], [[15.5039701, 47.529041], [15.504473, 47.5292565]], [[15.504473, 47.5292565], [15.505443, 47.5297095]], [[15.505443, 47.5297095], [15.5055293, 47.5297481]], [[15.5055293, 47.5297481], [15.5069396, 47.5303782]], [[15.5069396, 47.5303782], [15.5098237, 47.5316147]], [[15.5097841, 47.5316584], [15.5098237, 47.5316147]], [[15.5097841, 47.5316584], [15.509835, 47.5316807]], [[15.509835, 47.5316807], [15.5101921, 47.531837]], [[15.5101921, 47.531837], [15.5104237, 47.5319384]], [[15.5104237, 47.5319384], [15.5108508, 47.5321478]], [[15.5108508, 47.5321478], [15.5114337, 47.5324335]], [[15.5114337, 47.5324335], [15.5114664, 47.5324495]], [[15.5114664, 47.5324495], [15.5115629, 47.5324972]], [[15.5115629, 47.5324972], [15.5116243, 47.5325239]], [[15.5116243, 47.5325239], [15.5119809, 47.5326778]], [[15.5119809, 47.5326778], [15.5122352, 47.5327896]], [[15.5122352, 47.5327896], [15.5123258, 47.532829]], [[15.5123258, 47.532829], [15.5123646, 47.5328458]], [[15.5123646, 47.5328458], [15.5124711, 47.5328688]], [[15.5124711, 47.5328688], [15.5126108, 47.5329229]], [[15.5126108, 47.5329229], [15.5127154, 47.5329648]], [[15.5127154, 47.5329648], [15.5128013, 47.5329904]], [[15.5128013, 47.5329904], [15.5128557, 47.533002]], [[15.5128557, 47.533002], [15.5128867, 47.5329925]], [[15.5128867, 47.5329925], [15.5129199, 47.5329878]], [[15.5129199, 47.5329878], [15.5129539, 47.5329878]], [[15.5129539, 47.5329878], [15.5129871, 47.5329928]], [[15.5129871, 47.5329928], [15.513018, 47.5330023]], [[15.513018, 47.5330023], [15.5130436, 47.5330151]], [[15.5130436, 47.5330151], [15.5130649, 47.533031]], [[15.5130649, 47.533031], [15.5130811, 47.5330494]], [[15.5130811, 47.5330494], [15.5130916, 47.5330697]], [[15.5130916, 47.5330697], [15.5130954, 47.5330847]], [[15.5130954, 47.5330847], [15.5130959, 47.5331]], [[15.5130959, 47.5331], [15.5131412, 47.5331298]], [[15.5131412, 47.5331298], [15.5131883, 47.5331557]], [[15.5131883, 47.5331557], [15.5132928, 47.5332022]], [[15.5132928, 47.5332022], [15.5133892, 47.5332475]], [[15.5133892, 47.5332475], [15.5134529, 47.5332853]], [[15.5134529, 47.5332853], [15.5137049, 47.5333956]], [[15.5137049, 47.5333956], [15.5137683, 47.5334207]], [[15.5137683, 47.5334207], [15.5140034, 47.5335138]], [[15.5140034, 47.5335138], [15.5142421, 47.5336083]], [[15.5142421, 47.5336083], [15.5144648, 47.5337126]], [[15.5144648, 47.5337126], [15.5146605, 47.5338043]], [[15.5146605, 47.5338043], [15.5148401, 47.5338883]], [[15.5148401, 47.5338883], [15.5150235, 47.5339742]], [[15.5150235, 47.5339742], [15.5152209, 47.5340666]], [[15.5152209, 47.5340666], [15.5154094, 47.5341549]], [[15.5154094, 47.5341549], [15.5156044, 47.5342462]], [[15.5156044, 47.5342462], [15.5171602, 47.5350069]], [[15.5171602, 47.5350069], [15.5172297, 47.5350412]], [[15.5172297, 47.5350412], [15.5176723, 47.535258]], [[15.5176723, 47.535258], [15.5175207, 47.5353654]], [[15.5176932, 47.5354361], [15.5175207, 47.5353654]], [[15.5176932, 47.5354361], [15.5178643, 47.5354566]], [[15.5178643, 47.5354566], [15.5181581, 47.5355842]], [[15.5181581, 47.5355842], [15.5183438, 47.5356503]], [[15.5183438, 47.5356503], [15.5186911, 47.5357331]], [[15.5186911, 47.5357331], [15.5191185, 47.5358176]], [[15.5191185, 47.5358176], [15.5197611, 47.5359248]], [[15.5197611, 47.5359248], [15.5204894, 47.5360319]], [[15.5204894, 47.5360319], [15.5221995, 47.5363077]], [[15.5221995, 47.5363077], [15.5228974, 47.5364382]], [[15.5228974, 47.5364382], [15.5236601, 47.5366139]], [[15.5236601, 47.5366139], [15.5242887, 47.5367912]], [[15.5242887, 47.5367912], [15.5251958, 47.5370882]], [[15.5251958, 47.5370882], [15.526204, 47.5374557]], [[15.526204, 47.5374557], [15.5266121, 47.5376154]], [[15.5266121, 47.5376154], [15.5266598, 47.5376622]], [[15.5266598, 47.5376622], [15.5266928, 47.5377366]], [[15.5266928, 47.5377366], [15.5266962, 47.5377857]], [[15.5266962, 47.5377857], [15.52667, 47.5378279]], [[15.52667, 47.5378279], [15.5267114, 47.5378472]], [[15.5267114, 47.5378472], [15.526783, 47.5378805]], [[15.526783, 47.5378805], [15.5268314, 47.5379031]], [[15.5268314, 47.5379031], [15.526871, 47.5378699]], [[15.526871, 47.5378699], [15.5269239, 47.5378458]], [[15.5269239, 47.5378458], [15.5270502, 47.5378183]], [[15.5270502, 47.5378183], [15.5271217, 47.5378109]], [[15.5271217, 47.5378109], [15.5271867, 47.5378252]], [[15.5271867, 47.5378252], [15.5280373, 47.5381262]], [[15.5280373, 47.5381262], [15.528919, 47.5384453]], [[15.528919, 47.5384453], [15.530136, 47.5389063]], [[15.530136, 47.5389063], [15.5309114, 47.5391695]], [[15.5309114, 47.5391695], [15.5329324, 47.5398159]], [[15.5329324, 47.5398159], [15.533757, 47.5401159]], [[15.533757, 47.5401159], [15.5344482, 47.540413]], [[15.5344482, 47.540413], [15.5350087, 47.5406736]], [[15.5350087, 47.5406736], [15.535506, 47.5409428]], [[15.535506, 47.5409428], [15.5356261, 47.5409485]], [[15.5356261, 47.5409485], [15.5356644, 47.5409698]], [[15.5356644, 47.5409698], [15.5357261, 47.5410042]], [[15.5357261, 47.5410042], [15.5359141, 47.5411087]], [[15.5359141, 47.5411087], [15.536422, 47.5414001]], [[15.536422, 47.5414001], [15.5364676, 47.541429]], [[15.5364676, 47.541429], [15.5365905, 47.5414995]], [[15.5365905, 47.5414995], [15.5365294, 47.5415576]], [[15.5365294, 47.5415576], [15.5364047, 47.5416761]], [[15.5364047, 47.5416761], [15.5361652, 47.5419037]], [[15.5361652, 47.5419037], [15.5358067, 47.5421986]], [[15.5358067, 47.5421986], [15.5355416, 47.5424866]], [[15.5355416, 47.5424866], [15.5355692, 47.5425426]], [[15.5355692, 47.5425426], [15.5355556, 47.542602]], [[15.5355556, 47.542602], [15.5354445, 47.5427968]], [[15.5354445, 47.5427968], [15.5353016, 47.5429965]], [[15.5353016, 47.5429965], [15.5352806, 47.5431989]], [[15.5352806, 47.5431989], [15.5354143, 47.5435525]], [[15.5354143, 47.5435525], [15.5358006, 47.5436992]], [[15.5358006, 47.5436992], [15.536844, 47.5440954]], [[15.536844, 47.5440954], [15.5383521, 47.5446346]], [[15.5383521, 47.5446346], [15.5426567, 47.5457806]], [[15.5426567, 47.5457806], [15.5432998, 47.5459556]], [[15.5432998, 47.5459556], [15.5434799, 47.5460046]], [[15.5434799, 47.5460046], [15.5436914, 47.5460621]], [[15.5436914, 47.5460621], [15.5439821, 47.5461361]], [[15.5439821, 47.5461361], [15.5440652, 47.5461259]], [[15.5440652, 47.5461259], [15.5444719, 47.5459917]], [[15.5444719, 47.5459917], [15.5447836, 47.5458895]], [[15.5447836, 47.5458895], [15.5454317, 47.545677]], [[15.5454317, 47.545677], [15.5455273, 47.5456456]], [[15.5455273, 47.5456456], [15.5465248, 47.5452758]], [[15.5465248, 47.5452758], [15.5468199, 47.5451579]], [[15.5468199, 47.5451579], [15.5468238, 47.5451993]], [[15.5468238, 47.5451993], [15.5468144, 47.5456378]], [[15.5468144, 47.5456378], [15.5467889, 47.5458034]], [[15.5467889, 47.5458034], [15.5467634, 47.545874]], [[15.5467634, 47.545874], [15.5465848, 47.5462262]], [[15.5465848, 47.5462262], [15.5467152, 47.5462586]], [[15.5467152, 47.5462586], [15.5468743, 47.546324]], [[15.5468743, 47.546324], [15.5471468, 47.5464267]], [[15.5471468, 47.5464267], [15.5476906, 47.5466147]], [[15.5476906, 47.5466147], [15.5481209, 47.5467635]], [[15.5481209, 47.5467635], [15.5489618, 47.5470292]], [[15.5489618, 47.5470292], [15.549269, 47.5471246]], [[15.549269, 47.5471246], [15.5493729, 47.547155]], [[15.5493729, 47.547155], [15.5496318, 47.5471826]], [[15.5496318, 47.5471826], [15.5498908, 47.5471993]], [[15.5498908, 47.5471993], [15.5501805, 47.547202]], [[15.5501805, 47.547202], [15.5503755, 47.5471811]], [[15.5503755, 47.5471811], [15.5508615, 47.5471215]], [[15.5508615, 47.5471215], [15.5509326, 47.5471116]], [[15.5509326, 47.5471116], [15.5520146, 47.5469713]], [[15.5520146, 47.5469713], [15.5540032, 47.5467167]], [[15.5540032, 47.5467167], [15.5544677, 47.546674]], [[15.5544677, 47.546674], [15.5550295, 47.5465118]], [[15.5550295, 47.5465118], [15.555373, 47.5464647]], [[15.555373, 47.5464647], [15.555546, 47.5464841]], [[15.555546, 47.5464841], [15.5558008, 47.5466007]], [[15.5558008, 47.5466007], [15.5558501, 47.5466416]], [[15.5558501, 47.5466416], [15.5561994, 47.5463819]], [[15.5561994, 47.5463819], [15.5568795, 47.5468689]], [[15.5570556, 47.5467624], [15.5568795, 47.5468689]], [[15.5575573, 47.5464535], [15.5570556, 47.5467624]], [[15.5576129, 47.5464199], [15.5575573, 47.5464535]], [[15.5577304, 47.5463538], [15.5576129, 47.5464199]], [[15.5577714, 47.5463444], [15.5577304, 47.5463538]], [[15.5578134, 47.5463348], [15.5577714, 47.5463444]], [[15.5578941, 47.5463273], [15.5578134, 47.5463348]], [[15.5582697, 47.5460414], [15.5578941, 47.5463273]], [[15.5583901, 47.5459438], [15.5582697, 47.5460414]], [[15.558522, 47.5460124], [15.5583901, 47.5459438]], [[15.5586696, 47.5460795], [15.558522, 47.5460124]], [[15.5587645, 47.5461279], [15.5586696, 47.5460795]], [[15.5593375, 47.5464197], [15.5587645, 47.5461279]], [[15.5595248, 47.5465139], [15.5593375, 47.5464197]], [[15.560234, 47.5468708], [15.5595248, 47.5465139]], [[15.5604913, 47.5470953], [15.560234, 47.5468708]], [[15.5605097, 47.5471038], [15.5604913, 47.5470953]], [[15.560689, 47.5472583], [15.5605097, 47.5471038]], [[15.5608553, 47.5473707], [15.560689, 47.5472583]], [[15.560994, 47.5474379], [15.5608553, 47.5473707]], [[15.5612368, 47.5475752], [15.560994, 47.5474379]], [[15.5616872, 47.5478284], [15.5612368, 47.5475752]], [[15.5617388, 47.5478465], [15.5616872, 47.5478284]], [[15.5618139, 47.5478606], [15.5617388, 47.5478465]], [[15.5618209, 47.547861], [15.5618139, 47.5478606]], [[15.5619353, 47.5478678], [15.5618209, 47.547861]], [[15.5620694, 47.5478633], [15.5619353, 47.5478678]], [[15.5621759, 47.5478545], [15.5620694, 47.5478633]], [[15.5624693, 47.5479291], [15.5621759, 47.5478545]], [[15.5629267, 47.548061], [15.5624693, 47.5479291]], [[15.5631385, 47.5480942], [15.5629267, 47.548061]], [[15.5633233, 47.5481624], [15.5631385, 47.5480942]], [[15.5634333, 47.5482068], [15.5633233, 47.5481624]], [[15.5635044, 47.5482367], [15.5634333, 47.5482068]], [[15.5637565, 47.5483199], [15.5635044, 47.5482367]], [[15.5638477, 47.5483507], [15.5637565, 47.5483199]], [[15.5639067, 47.5483688], [15.5638477, 47.5483507]], [[15.5639711, 47.5483869], [15.5639067, 47.5483688]], [[15.5641267, 47.5484394], [15.5639711, 47.5483869]], [[15.5643466, 47.5485318], [15.5641267, 47.5484394]], [[15.564478, 47.5485897], [15.5643466, 47.5485318]], [[15.5645505, 47.5486223], [15.564478, 47.5485897]], [[15.5649233, 47.5488051], [15.5645505, 47.5486223]], [[15.5653068, 47.5489672], [15.5649233, 47.5488051]], [[15.5653578, 47.5489816], [15.5653068, 47.5489672]], [[15.5654128, 47.5489862], [15.5653578, 47.5489816]], [[15.565445, 47.5489816], [15.5654128, 47.5489862]], [[15.5654718, 47.5489708], [15.565445, 47.5489816]], [[15.5655573, 47.5489296], [15.5654718, 47.5489708]], [[15.5655573, 47.5489296], [15.5657711, 47.5490912]], [[15.5657711, 47.5490912], [15.5665111, 47.5495705]], [[15.5665111, 47.5495705], [15.567068, 47.5499637]], [[15.567068, 47.5499637], [15.5674129, 47.5502056]], [[15.5674129, 47.5502056], [15.5680669, 47.5506332]], [[15.5680669, 47.5506332], [15.5686388, 47.5509165]], [[15.5686388, 47.5509165], [15.5692396, 47.5512236]], [[15.5692396, 47.5512236], [15.5697914, 47.5514581]], [[15.5697914, 47.5514581], [15.5704403, 47.5517385]], [[15.5704403, 47.5517385], [15.5713617, 47.5521161]], [[15.5713617, 47.5521161], [15.5721247, 47.5524142]], [[15.5721247, 47.5524142], [15.5728619, 47.5526765]], [[15.5728619, 47.5526765], [15.573488, 47.5529089]], [[15.573488, 47.5529089], [15.574708, 47.5533668]], [[15.574708, 47.5533668], [15.5759372, 47.5538198]], [[15.5759372, 47.5538198], [15.5764137, 47.5540021]], [[15.5764137, 47.5540021], [15.5769115, 47.5542193]], [[15.5769115, 47.5542193], [15.5777253, 47.5545937]], [[15.5777253, 47.5545937], [15.5779357, 47.5547138]], [[15.5779357, 47.5547138], [15.5784076, 47.5549054]], [[15.5785122, 47.554809], [15.5784076, 47.5549054]], [[15.5788231, 47.5548734], [15.5785122, 47.554809]], [[15.5788819, 47.5548856], [15.5788231, 47.5548734]], [[15.5788685, 47.5549269], [15.5788819, 47.5548856]], [[15.5788839, 47.5549615], [15.5788685, 47.5549269]], [[15.5789207, 47.5549878], [15.5788839, 47.5549615]], [[15.5789207, 47.5549878], [15.5789323, 47.5550588]], [[15.5789323, 47.5550588], [15.578937, 47.5550875]], [[15.578937, 47.5550875], [15.5790439, 47.5552161]], [[15.5790439, 47.5552161], [15.5791907, 47.555319]], [[15.5791907, 47.555319], [15.5796724, 47.5555688]], [[15.5796724, 47.5555688], [15.5805139, 47.5561223]], [[15.5805139, 47.5561223], [15.5814019, 47.5566246]], [[15.5814019, 47.5566246], [15.5826057, 47.5572501]], [[15.5826057, 47.5572501], [15.5833043, 47.5576112]], [[15.5833043, 47.5576112], [15.5847536, 47.5581187]], [[15.5847536, 47.5581187], [15.5854404, 47.5582981]], [[15.5854404, 47.5582981], [15.5857237, 47.558291]], [[15.5857237, 47.558291], [15.5868401, 47.5584869]], [[15.5868401, 47.5584869], [15.5868965, 47.558496]], [[15.5868965, 47.558496], [15.5877913, 47.5586403]], [[15.5877913, 47.5586403], [15.5882533, 47.5586887]], [[15.5882533, 47.5586887], [15.5885584, 47.5587206]], [[15.5885584, 47.5587206], [15.5897363, 47.5587819]], [[15.5897363, 47.5587819], [15.590062, 47.5588645]], [[15.590062, 47.5588645], [15.5901745, 47.5589339]], [[15.5901745, 47.5589339], [15.5903948, 47.5590699]], [[15.5903948, 47.5590699], [15.590533, 47.5591358]], [[15.590533, 47.5591358], [15.5905835, 47.5591483]], [[15.5912517, 47.5591549], [15.5905835, 47.5591483]], [[15.5917399, 47.5591215], [15.5912517, 47.5591549]], [[15.5923169, 47.558966], [15.5917399, 47.5591215]], [[15.5923169, 47.558966], [15.5930113, 47.5590438]], [[15.5930113, 47.5590438], [15.5933603, 47.5590614]], [[15.5933603, 47.5590614], [15.5939106, 47.5590741]], [[15.5939106, 47.5590741], [15.5940838, 47.5590879]], [[15.5940838, 47.5590879], [15.5942647, 47.55913]], [[15.5942647, 47.55913], [15.5944456, 47.5591912]], [[15.5944456, 47.5591912], [15.5945634, 47.5592229]], [[15.5945634, 47.5592229], [15.5946991, 47.559218]], [[15.5946991, 47.559218], [15.5948162, 47.5591701]], [[15.5948162, 47.5591701], [15.5948811, 47.5590685]], [[15.5948811, 47.5590685], [15.5949153, 47.5589462]], [[15.5949153, 47.5589462], [15.594941, 47.5587762]], [[15.594941, 47.5587762], [15.594959, 47.5587025]], [[15.594959, 47.5587025], [15.5950225, 47.5586426]], [[15.5950225, 47.5586426], [15.5952312, 47.5585826]], [[15.5952312, 47.5585826], [15.595806, 47.5585257]], [[15.595806, 47.5585257], [15.596137, 47.5584944]], [[15.596137, 47.5584944], [15.596408, 47.5584638]], [[15.596408, 47.5584638], [15.5964625, 47.5584576]], [[15.5964625, 47.5584576], [15.5969093, 47.5584052]], [[15.5969093, 47.5584052], [15.5970918, 47.5583869]], [[15.5970918, 47.5583869], [15.5971722, 47.5583804]], [[15.5971722, 47.5583804], [15.597574, 47.5583437]], [[15.597574, 47.5583437], [15.5981011, 47.5582876]], [[15.5981011, 47.5582876], [15.5988094, 47.558215]], [[15.5988094, 47.558215], [15.5996225, 47.558146]], [[15.5996225, 47.558146], [15.5999372, 47.5581231]], [[15.5999372, 47.5581231], [15.600151, 47.5581148]], [[15.600151, 47.5581148], [15.6003962, 47.5581139]], [[15.6003962, 47.5581139], [15.6007612, 47.5581175]], [[15.6007612, 47.5581175], [15.6010731, 47.5581286]], [[15.6010731, 47.5581286], [15.601465, 47.5581499]], [[15.601465, 47.5581499], [15.6019707, 47.5581846]], [[15.6019707, 47.5581846], [15.6024709, 47.5582248]], [[15.6024709, 47.5582248], [15.6028888, 47.5582756]], [[15.6028888, 47.5582756], [15.6032102, 47.5583161]], [[15.6032102, 47.5583161], [15.6035202, 47.5583657]], [[15.6035202, 47.5583657], [15.6040356, 47.5584558]], [[15.6040356, 47.5584558], [15.6042999, 47.5585064]], [[15.6042999, 47.5585064], [15.6045737, 47.558567]], [[15.6045737, 47.558567], [15.6051939, 47.5588268]], [[15.6051939, 47.5588268], [15.6055823, 47.5589855]], [[15.6055823, 47.5589855], [15.6057245, 47.5590557]], [[15.6057245, 47.5590557], [15.6059314, 47.5591802]], [[15.6059314, 47.5591802], [15.6063578, 47.5593929]], [[15.6063578, 47.5593929], [15.6064662, 47.5594062]], [[15.6064662, 47.5594062], [15.6065862, 47.5594088]], [[15.6065862, 47.5594088], [15.6067308, 47.5593995]], [[15.6067308, 47.5593995], [15.6069545, 47.5593587]], [[15.6069545, 47.5593587], [15.6071431, 47.5593369]], [[15.6071431, 47.5593369], [15.6073388, 47.5593502]], [[15.6073388, 47.5593502], [15.6074304, 47.5593626]], [[15.6074304, 47.5593626], [15.6075249, 47.5593963]], [[15.6075249, 47.5593963], [15.6075888, 47.5594191]], [[15.6075888, 47.5594191], [15.6077215, 47.5594366]], [[15.6077215, 47.5594366], [15.6078848, 47.5594703]], [[15.6078848, 47.5594703], [15.6082747, 47.5595743]], [[15.6082747, 47.5595743], [15.6086547, 47.5596849]], [[15.6086547, 47.5596849], [15.6090445, 47.5598013]], [[15.6090445, 47.5598013], [15.6092586, 47.5598674]], [[15.6092586, 47.5598674], [15.6092979, 47.5598906]], [[15.6092979, 47.5598906], [15.6093263, 47.5599149]], [[15.6093263, 47.5599149], [15.6093519, 47.5599725]], [[15.6093519, 47.5599725], [15.6093661, 47.5601252]], [[15.6093661, 47.5601252], [15.6094217, 47.5602296]], [[15.6094217, 47.5602296], [15.609496, 47.5603335]], [[15.609496, 47.5603335], [15.609701, 47.5604369]], [[15.609701, 47.5604369], [15.6098647, 47.560562]], [[15.6098647, 47.560562], [15.6099685, 47.5606191]], [[15.6099685, 47.5606191], [15.6101324, 47.5606559]], [[15.6101324, 47.5606559], [15.6102534, 47.5606354]], [[15.6102534, 47.5606354], [15.6104505, 47.5607613]], [[15.6104505, 47.5607613], [15.6119456, 47.5619203]], [[15.6119456, 47.5619203], [15.61208, 47.5620714]], [[15.61208, 47.5620714], [15.6126125, 47.5624265]], [[15.6126125, 47.5624265], [15.6132047, 47.5629045]], [[15.6132047, 47.5629045], [15.6137063, 47.5633022]], [[15.6137063, 47.5633022], [15.6145177, 47.5639453]], [[15.6145177, 47.5639453], [15.6151242, 47.5644356]], [[15.6151242, 47.5644356], [15.6157267, 47.5649227]], [[15.6157267, 47.5649227], [15.6167234, 47.5657104]], [[15.6167234, 47.5657104], [15.6172523, 47.5661625]], [[15.6172523, 47.5661625], [15.617373, 47.5661682]], [[15.6174224, 47.5662007], [15.617373, 47.5661682]], [[15.617739, 47.5663846], [15.6174224, 47.5662007]], [[15.6181557, 47.5666054], [15.617739, 47.5663846]], [[15.6183073, 47.5667095], [15.6181557, 47.5666054]], [[15.6183073, 47.5667095], [15.6181947, 47.5668017]], [[15.6181947, 47.5668017], [15.6181804, 47.5671703]], [[15.6181804, 47.5671703], [15.618167, 47.5673399]], [[15.618167, 47.5673399], [15.6181488, 47.567401]], [[15.6181488, 47.567401], [15.6180816, 47.5674662]], [[15.6184328, 47.5675374], [15.6180816, 47.5674662]], [[15.6184328, 47.5675374], [15.6181694, 47.5678935]], [[15.6181694, 47.5678935], [15.6180067, 47.5680184]], [[15.6180067, 47.5680184], [15.6182779, 47.568139]], [[15.6182779, 47.568139], [15.6183685, 47.5681541]], [[15.6183685, 47.5681541], [15.6184479, 47.5681673]], [[15.6184479, 47.5681673], [15.6186046, 47.5682539]], [[15.6186046, 47.5682539], [15.6187477, 47.5685591]], [[15.6187477, 47.5685591], [15.619226, 47.5688997]], [[15.619226, 47.5688997], [15.6192076, 47.5689079]], [[15.6192076, 47.5689079], [15.6191456, 47.5689357]], [[15.6191456, 47.5689357], [15.6188344, 47.569075]], [[15.6188344, 47.569075], [15.6186092, 47.5691864]], [[15.6186092, 47.5691864], [15.6185002, 47.5692785]], [[15.6185002, 47.5692785], [15.6183295, 47.5695337]], [[15.6183295, 47.5695337], [15.6184713, 47.5698173]], [[15.6186471, 47.5700529], [15.6184713, 47.5698173]], [[15.6188337, 47.5701639], [15.6186471, 47.5700529]], [[15.6190156, 47.5702495], [15.6188337, 47.5701639]], [[15.6190156, 47.5702495], [15.6198249, 47.5705462]], [[15.6198249, 47.5705462], [15.6205842, 47.5708486]], [[15.6205842, 47.5708486], [15.6216073, 47.5713669]], [[15.6216073, 47.5713669], [15.6217606, 47.5714002]], [[15.6217606, 47.5714002], [15.6218679, 47.5714183]], [[15.6218679, 47.5714183], [15.6219698, 47.571431]], [[15.6219698, 47.571431], [15.6220329, 47.5714283]], [[15.6220329, 47.5714283], [15.6220785, 47.5714193]], [[15.622112, 47.5713966], [15.6220785, 47.5714193]], [[15.6221328, 47.5713597], [15.622112, 47.5713966]], [[15.6221406, 47.5713034], [15.6221328, 47.5713597]], [[15.6221406, 47.5713034], [15.6223306, 47.5713052]], [[15.6223306, 47.5713052], [15.6234965, 47.5713295]], [[15.6234965, 47.5713295], [15.6236476, 47.5713293]], [[15.6236476, 47.5713293], [15.623926, 47.5713289]], [[15.623926, 47.5713289], [15.6244543, 47.5712893]], [[15.6244543, 47.5712893], [15.6255336, 47.5712806]], [[15.6255336, 47.5712806], [15.6259865, 47.5713052]], [[15.6259865, 47.5713052], [15.6263847, 47.5713469]], [[15.6263847, 47.5713469], [15.6268055, 47.5714429]], [[15.6268055, 47.5714429], [15.6272283, 47.5715622]], [[15.6272283, 47.5715622], [15.6275153, 47.5716473]], [[15.6275153, 47.5716473], [15.6278371, 47.571687]], [[15.6278371, 47.571687], [15.6279351, 47.5716946]], [[15.6279351, 47.5716946], [15.6284026, 47.5719583]], [[15.6284026, 47.5719583], [15.6284751, 47.5720153]], [[15.6284751, 47.5720153], [15.6284587, 47.5720872]], [[15.6284587, 47.5720872], [15.6283869, 47.5724013]], [[15.6283869, 47.5724013], [15.6283641, 47.572551]], [[15.6283641, 47.572551], [15.6283832, 47.5726069]], [[15.6283832, 47.5726069], [15.6285276, 47.572833]], [[15.6285276, 47.572833], [15.6286398, 47.5730551]], [[15.6286398, 47.5730551], [15.6287116, 47.5732848]], [[15.6287116, 47.5732848], [15.6287611, 47.5733083]], [[15.6287611, 47.5733083], [15.6288497, 47.5733189]], [[15.6288497, 47.5733189], [15.6288909, 47.5733292]], [[15.6288909, 47.5733292], [15.6289458, 47.5733537]], [[15.6289458, 47.5733537], [15.6290202, 47.5734191]], [[15.6290202, 47.5734191], [15.6291026, 47.5734835]], [[15.6291026, 47.5734835], [15.6292561, 47.5735892]], [[15.6292561, 47.5735892], [15.6293749, 47.573653]], [[15.6293749, 47.573653], [15.6295873, 47.5737571]], [[15.6295873, 47.5737571], [15.6297812, 47.573859]], [[15.6297812, 47.573859], [15.6299146, 47.5739479]], [[15.6299146, 47.5739479], [15.630077, 47.5740656]], [[15.630077, 47.5740656], [15.6307475, 47.5745338]], [[15.6307475, 47.5745338], [15.6312275, 47.5747753]], [[15.6312275, 47.5747753], [15.6314472, 47.5748826]], [[15.6314472, 47.5748826], [15.6315757, 47.574954]], [[15.6315757, 47.574954], [15.6316944, 47.5750287]], [[15.6316944, 47.5750287], [15.6318358, 47.575147]], [[15.6318358, 47.575147], [15.6319554, 47.5752555]], [[15.6319554, 47.5752555], [15.6320144, 47.5753078]], [[15.6320144, 47.5753078], [15.6320984, 47.575365]], [[15.6320984, 47.575365], [15.6322252, 47.575444]], [[15.6322252, 47.575444], [15.6323481, 47.5755127]], [[15.6323481, 47.5755127], [15.6325145, 47.575595]], [[15.6325145, 47.575595], [15.6325888, 47.5756174]], [[15.6325888, 47.5756174], [15.6326825, 47.5756413]], [[15.6326825, 47.5756413], [15.6328062, 47.5756833]], [[15.6328062, 47.5756833], [15.6329346, 47.5757362]], [[15.6329346, 47.5757362], [15.6330776, 47.5758109]], [[15.6330776, 47.5758109], [15.6335562, 47.5760903]], [[15.6335562, 47.5760903], [15.633832, 47.5762342]], [[15.633832, 47.5762342], [15.634052, 47.5763385]], [[15.634052, 47.5763385], [15.6344875, 47.5765285]], [[15.6344875, 47.5765285], [15.6347918, 47.5766573]], [[15.6347918, 47.5766573], [15.635995, 47.5772455]], [[15.635995, 47.5772455], [15.6362879, 47.5773677]], [[15.6362879, 47.5773677], [15.6365264, 47.5774415]], [[15.6365264, 47.5774415], [15.6367047, 47.5774975]], [[15.6367047, 47.5774975], [15.6367872, 47.5775475]], [[15.6367872, 47.5775475], [15.6368417, 47.577568]], [[15.6368417, 47.577568], [15.6369062, 47.5776492]], [[15.6369062, 47.5776492], [15.6370457, 47.5777574]], [[15.6370457, 47.5777574], [15.6424372, 47.5810134]], [[15.6424372, 47.5810134], [15.6442435, 47.5820942]], [[15.6442435, 47.5820942], [15.6453826, 47.5828088]], [[15.6453826, 47.5828088], [15.6456033, 47.5829168]], [[15.6456033, 47.5829168], [15.6457202, 47.5829255]], [[15.6457202, 47.5829255], [15.6468661, 47.5836702]], [[15.6468661, 47.5836702], [15.6482555, 47.584507]], [[15.6482555, 47.584507], [15.6485624, 47.5846978]], [[15.6485624, 47.5846978], [15.6488595, 47.5848245]], [[15.6488595, 47.5848245], [15.6489622, 47.5849165]], [[15.6489622, 47.5849165], [15.6497346, 47.585435]], [[15.6497346, 47.585435], [15.6502385, 47.5857181]], [[15.6502385, 47.5857181], [15.6506922, 47.5858187]], [[15.6506922, 47.5858187], [15.6510894, 47.5860442]], [[15.6510894, 47.5860442], [15.6515161, 47.5861595]], [[15.6515161, 47.5861595], [15.6517756, 47.5864656]], [[15.6517756, 47.5864656], [15.6518407, 47.5865983]], [[15.6518407, 47.5865983], [15.6518961, 47.5868469]], [[15.6518961, 47.5868469], [15.6519024, 47.5870629]], [[15.6519024, 47.5870629], [15.6518872, 47.5873208]], [[15.6518872, 47.5873208], [15.6519462, 47.587422]], [[15.6519462, 47.587422], [15.6521325, 47.5876453]], [[15.6521325, 47.5876453], [15.6521897, 47.5877154]], [[15.6521897, 47.5877154], [15.6523518, 47.5878908]], [[15.6523518, 47.5878908], [15.6526, 47.5881461]], [[15.6526, 47.5881461], [15.6528352, 47.5883785]], [[15.6528352, 47.5883785], [15.6531376, 47.5886515]], [[15.6531376, 47.5886515], [15.6538945, 47.5894694]], [[15.6538945, 47.5894694], [15.6539395, 47.5894739]], [[15.6539395, 47.5894739], [15.6539839, 47.5894784]], [[15.6539839, 47.5894784], [15.6545295, 47.590088]], [[15.6545295, 47.590088], [15.6547705, 47.5903142]], [[15.6547705, 47.5903142], [15.6550965, 47.5905597]], [[15.6550965, 47.5905597], [15.655666, 47.5909123]], [[15.655666, 47.5909123], [15.656131, 47.5911562]], [[15.656131, 47.5911562], [15.6573509, 47.5917037]], [[15.6573509, 47.5917037], [15.6574291, 47.5917361]], [[15.6574291, 47.5917361], [15.6574739, 47.591755]], [[15.6574739, 47.591755], [15.6575024, 47.5917739]], [[15.6575024, 47.5917739], [15.6575347, 47.5918155]], [[15.6575347, 47.5918155], [15.6575663, 47.5918486]], [[15.6575663, 47.5918486], [15.6576083, 47.5918771]], [[15.6585057, 47.5922719], [15.6576083, 47.5918771]], [[15.659349, 47.5926206], [15.6585057, 47.5922719]], [[15.659625, 47.5927571], [15.659349, 47.5926206]], [[15.6597844, 47.5928408], [15.659625, 47.5927571]], [[15.660736, 47.5933576], [15.6597844, 47.5928408]], [[15.6612025, 47.5936616], [15.660736, 47.5933576]], [[15.6617133, 47.5940589], [15.6612025, 47.5936616]], [[15.6621782, 47.5945216], [15.6617133, 47.5940589]], [[15.6625876, 47.5950575], [15.6621782, 47.5945216]], [[15.6627689, 47.5953898], [15.6625876, 47.5950575]], [[15.6628427, 47.5955395], [15.6627689, 47.5953898]], [[15.6628427, 47.5955395], [15.6624973, 47.5956401]], [[15.6625468, 47.5957373], [15.6624973, 47.5956401]], [[15.6626751, 47.5959979], [15.6625468, 47.5957373]], [[15.6627327, 47.596148], [15.6626751, 47.5959979]], [[15.6627649, 47.5962557], [15.6627327, 47.596148]], [[15.662789, 47.5963597], [15.6627649, 47.5962557]], [[15.6628118, 47.5964067], [15.662789, 47.5963597]], [[15.6629071, 47.5965803], [15.6628118, 47.5964067]], [[15.6630345, 47.5968996], [15.6629071, 47.5965803]], [[15.6633565, 47.5976272], [15.6630345, 47.5968996]], [[15.6636779, 47.598445], [15.6633565, 47.5976272]], [[15.6641512, 47.5996498], [15.6636779, 47.598445]], [[15.6644818, 47.6004987], [15.6641512, 47.5996498]], [[15.6649603, 47.6016413], [15.6644818, 47.6004987]], [[15.6655096, 47.6030676], [15.6649603, 47.6016413]], [[15.665738, 47.6036356], [15.6655096, 47.6030676]], [[15.665791, 47.603693], [15.665738, 47.6036356]], [[15.6658119, 47.6037332], [15.665791, 47.603693]], [[15.6658179, 47.6038112], [15.6658119, 47.6037332]], [[15.666034, 47.6043551], [15.6658179, 47.6038112]], [[15.6663962, 47.6050704], [15.666034, 47.6043551]], [[15.6666455, 47.6054582], [15.6663962, 47.6050704]], [[15.6669744, 47.6058373], [15.6666455, 47.6054582]], [[15.6673939, 47.6062732], [15.6669744, 47.6058373]], [[15.6681048, 47.6067919], [15.6673939, 47.6062732]], [[15.6681469, 47.6068377], [15.6681048, 47.6067919]], [[15.6681741, 47.6068899], [15.6681469, 47.6068377]], [[15.6684078, 47.6069546], [15.6681741, 47.6068899]], [[15.6685201, 47.6069847], [15.6684078, 47.6069546]], [[15.6685774, 47.6070066], [15.6685201, 47.6069847]], [[15.6687382, 47.606915], [15.6685774, 47.6070066]], [[15.6688303, 47.6068376], [15.6687382, 47.606915]], [[15.6689201, 47.60674], [15.6688303, 47.6068376]], [[15.6689501, 47.606697], [15.6689201, 47.60674]], [[15.6689829, 47.6066287], [15.6689501, 47.606697]], [[15.6690037, 47.6065442], [15.6689829, 47.6066287]], [[15.669015, 47.6064414], [15.6690037, 47.6065442]], [[15.6694565, 47.606444], [15.669015, 47.6064414]], [[15.6696394, 47.6064497], [15.6694565, 47.606444]], [[15.6698488, 47.6064735], [15.6696394, 47.6064497]], [[15.6698852, 47.6064759], [15.6698488, 47.6064735]], [[15.6699333, 47.6064827], [15.6698852, 47.6064759]], [[15.6703069, 47.6065747], [15.6699333, 47.6064827]], [[15.6704206, 47.6066155], [15.6703069, 47.6065747]], [[15.670526, 47.6066437], [15.6704206, 47.6066155]], [[15.6708339, 47.6066879], [15.670526, 47.6066437]], [[15.6710246, 47.6067221], [15.6708339, 47.6066879]], [[15.6713763, 47.6067742], [15.6710246, 47.6067221]], [[15.6714693, 47.6067833], [15.6713763, 47.6067742]], [[15.6715633, 47.6068051], [15.6714693, 47.6067833]], [[15.6716216, 47.6068127], [15.6715633, 47.6068051]], [[15.6716812, 47.6068172], [15.6716216, 47.6068127]], [[15.6716812, 47.6068172], [15.6717571, 47.606742]], [[15.6717571, 47.606742], [15.6724159, 47.606698]], [[15.6724159, 47.606698], [15.6726145, 47.6066781]], [[15.6726145, 47.6066781], [15.6726283, 47.606676]], [[15.6726283, 47.606676], [15.6728646, 47.6066515]], [[15.6728646, 47.6066515], [15.6733755, 47.606642]], [[15.6733755, 47.606642], [15.6734046, 47.6066372]], [[15.6734046, 47.6066372], [15.6734287, 47.6066291]], [[15.6734287, 47.6066291], [15.6735177, 47.6065915]], [[15.6735177, 47.6065915], [15.6735718, 47.6065722]], [[15.6735718, 47.6065722], [15.67368, 47.6065524]], [[15.67368, 47.6065524], [15.6737145, 47.6065562]], [[15.6737145, 47.6065562], [15.673995, 47.6065872]], [[15.673995, 47.6065872], [15.6740741, 47.6066037]], [[15.6740741, 47.6066037], [15.6741219, 47.6066234]], [[15.6741219, 47.6066234], [15.6741959, 47.6066621]], [[15.6742133, 47.6066848], [15.6741959, 47.6066621]], [[15.6742133, 47.6066848], [15.6748795, 47.6067442]], [[15.6748795, 47.6067442], [15.6756776, 47.6068068]], [[15.6756776, 47.6068068], [15.675898, 47.6068755]], [[15.675898, 47.6068755], [15.6759842, 47.6068561]], [[15.6759842, 47.6068561], [15.6763821, 47.6067668]], [[15.6763821, 47.6067668], [15.6764315, 47.6067557]], [[15.6766376, 47.6067275], [15.6764315, 47.6067557]], [[15.6766376, 47.6067275], [15.6767247, 47.6067327]], [[15.6767247, 47.6067327], [15.6769337, 47.6067635]], [[15.6769337, 47.6067635], [15.677137, 47.6067933]], [[15.677137, 47.6067933], [15.6775362, 47.6068641]], [[15.6775362, 47.6068641], [15.6780136, 47.6069134]], [[15.6780136, 47.6069134], [15.6785216, 47.6069267]], [[15.6785216, 47.6069267], [15.6788038, 47.6069694]], [[15.6788038, 47.6069694], [15.6791199, 47.6070648]], [[15.6791199, 47.6070648], [15.6795434, 47.6071339]], [[15.6795434, 47.6071339], [15.6807131, 47.6072296]], [[15.6807131, 47.6072296], [15.6811942, 47.6072297]], [[15.6811942, 47.6072297], [15.681427, 47.6073045]], [[15.681427, 47.6073045], [15.6829493, 47.6072732]], [[15.6829493, 47.6072732], [15.6838565, 47.6072469]], [[15.6838565, 47.6072469], [15.6845333, 47.6072736]], [[15.6845333, 47.6072736], [15.6855627, 47.6073414]], [[15.6855627, 47.6073414], [15.6857127, 47.607321]], [[15.6857127, 47.607321], [15.6857791, 47.6073119]], [[15.6857791, 47.6073119], [15.6860691, 47.6073124]], [[15.6860691, 47.6073124], [15.6862679, 47.6073396]], [[15.6862679, 47.6073396], [15.6864077, 47.6073719]], [[15.6864077, 47.6073719], [15.6866325, 47.6074371]], [[15.6866325, 47.6074371], [15.6866989, 47.6074506]], [[15.6866989, 47.6074506], [15.6867861, 47.6074669]], [[15.6867861, 47.6074669], [15.6868444, 47.6074714]], [[15.6868444, 47.6074714], [15.6869061, 47.6074741]], [[15.6869061, 47.6074741], [15.6869557, 47.6074682]], [[15.6869557, 47.6074682], [15.6869725, 47.6074527]], [[15.6870258, 47.6073783], [15.6869725, 47.6074527]], [[15.6870869, 47.6072929], [15.6870258, 47.6073783]], [[15.6871211, 47.6071188], [15.6870869, 47.6072929]], [[15.6871341, 47.6070718], [15.6871211, 47.6071188]], [[15.6871526, 47.6070446], [15.6871341, 47.6070718]], [[15.6872657, 47.6069697], [15.6871526, 47.6070446]], [[15.6873374, 47.6068977], [15.6872657, 47.6069697]], [[15.6873625, 47.6068454], [15.6873374, 47.6068977]], [[15.6873933, 47.6067933], [15.6873625, 47.6068454]], [[15.687432, 47.6067752], [15.6873933, 47.6067933]], [[15.6875931, 47.606769], [15.687432, 47.6067752]], [[15.6883066, 47.6067839], [15.6875931, 47.606769]], [[15.6883883, 47.6067882], [15.6883066, 47.6067839]], [[15.6885872, 47.6068296], [15.6883883, 47.6067882]], [[15.6886816, 47.6068375], [15.6885872, 47.6068296]], [[15.6891683, 47.6067653], [15.6886816, 47.6068375]], [[15.6893268, 47.6067584], [15.6891683, 47.6067653]], [[15.6894424, 47.6067762], [15.6893268, 47.6067584]], [[15.6897457, 47.6067719], [15.6894424, 47.6067762]], [[15.6903231, 47.6067785], [15.6897457, 47.6067719]], [[15.690397, 47.6067741], [15.6903231, 47.6067785]], [[15.6904972, 47.606784], [15.690397, 47.6067741]], [[15.6911461, 47.6067353], [15.6904972, 47.606784]], [[15.6912496, 47.606712], [15.6911461, 47.6067353]], [[15.6914483, 47.6067018], [15.6912496, 47.606712]], [[15.6915683, 47.606701], [15.6914483, 47.6067018]], [[15.6917555, 47.6066799], [15.6915683, 47.606701]], [[15.6919017, 47.6066722], [15.6917555, 47.6066799]], [[15.6923683, 47.6066511], [15.6919017, 47.6066722]], [[15.692613, 47.6066445], [15.6923683, 47.6066511]], [[15.6931174, 47.6066256], [15.692613, 47.6066445]], [[15.6932077, 47.6066179], [15.6931174, 47.6066256]], [[15.6934705, 47.6065813], [15.6932077, 47.6066179]], [[15.6936825, 47.6065581], [15.6934705, 47.6065813]], [[15.6938599, 47.606526], [15.6936825, 47.6065581]], [[15.6941468, 47.6064461], [15.6938599, 47.606526]], [[15.6941468, 47.6064461], [15.6945658, 47.6063484]], [[15.6945658, 47.6063484], [15.6947114, 47.6063222]], [[15.6947114, 47.6063222], [15.6951016, 47.6062462]], [[15.6951016, 47.6062462], [15.6955039, 47.606182]], [[15.6955039, 47.606182], [15.6964226, 47.6060527]], [[15.6964226, 47.6060527], [15.6967492, 47.6060252]], [[15.6967492, 47.6060252], [15.6969547, 47.6059988]], [[15.6969547, 47.6059988], [15.6972592, 47.6059615]], [[15.6972592, 47.6059615], [15.6977903, 47.6058654]], [[15.6977903, 47.6058654], [15.6982116, 47.6057675]], [[15.6982116, 47.6057675], [15.6987215, 47.6056212]], [[15.6987215, 47.6056212], [15.698968, 47.6055211]], [[15.698968, 47.6055211], [15.6990739, 47.6054535]], [[15.6990739, 47.6054535], [15.6992679, 47.6052904]], [[15.6992679, 47.6052904], [15.6993717, 47.6051765]], [[15.6993717, 47.6051765], [15.6995246, 47.6049785]], [[15.6995246, 47.6049785], [15.6996328, 47.6048689]], [[15.6996328, 47.6048689], [15.699715, 47.6048085]], [[15.699715, 47.6048085], [15.699829, 47.6047416]], [[15.699829, 47.6047416], [15.6999948, 47.6046773]], [[15.6999948, 47.6046773], [15.7001314, 47.6046399]], [[15.7001314, 47.6046399], [15.7002863, 47.6046132]], [[15.7002863, 47.6046132], [15.7004768, 47.6046105]], [[15.7004768, 47.6046105], [15.7006122, 47.6046197]], [[15.7006122, 47.6046197], [15.700808, 47.6046584]], [[15.700808, 47.6046584], [15.7010199, 47.6047181]], [[15.7010199, 47.6047181], [15.701158, 47.6047715]], [[15.701158, 47.6047715], [15.7013736, 47.604806]], [[15.7013736, 47.604806], [15.7014663, 47.6048262]], [[15.7014663, 47.6048262], [15.7015398, 47.6048378]], [[15.7015398, 47.6048378], [15.7018867, 47.6048511]], [[15.7018867, 47.6048511], [15.7020566, 47.6048329]], [[15.7020566, 47.6048329], [15.7024585, 47.6047642]], [[15.7024585, 47.6047642], [15.7026902, 47.6047316]], [[15.7026902, 47.6047316], [15.7030713, 47.6046927]], [[15.7030713, 47.6046927], [15.7031274, 47.6046846]], [[15.7031274, 47.6046846], [15.7032095, 47.6046818]], [[15.7032095, 47.6046818], [15.7032194, 47.6047651]], [[15.7032194, 47.6047651], [15.7032747, 47.6048383]], [[15.7032747, 47.6048383], [15.7033226, 47.6048687]], [[15.7033226, 47.6048687], [15.7034886, 47.6049738]], [[15.7034886, 47.6049738], [15.7037383, 47.605078]], [[15.7037383, 47.605078], [15.7039154, 47.6050961]], [[15.7039154, 47.6050961], [15.704248, 47.6050997]], [[15.704248, 47.6050997], [15.7043499, 47.6051539]], [[15.7043499, 47.6051539], [15.7043846, 47.6052245]], [[15.7043846, 47.6052245], [15.7043779, 47.605299]], [[15.7043779, 47.605299], [15.7043298, 47.6053756]], [[15.7043298, 47.6053756], [15.7042722, 47.6054724]], [[15.7042722, 47.6054724], [15.7048832, 47.6056255]], [[15.7048832, 47.6056255], [15.7051713, 47.6056827]], [[15.7051713, 47.6056827], [15.7055138, 47.6057323]], [[15.7055138, 47.6057323], [15.7058239, 47.6057774]], [[15.7058239, 47.6057774], [15.7062166, 47.6058048]], [[15.7062166, 47.6058048], [15.7065755, 47.6058111]], [[15.7065755, 47.6058111], [15.7068306, 47.6058062]], [[15.7068306, 47.6058062], [15.70717, 47.6057936]], [[15.70717, 47.6057936], [15.7072224, 47.6057614]], [[15.7072224, 47.6057614], [15.7073971, 47.6056763]], [[15.7073971, 47.6056763], [15.7074664, 47.6056523]], [[15.7074664, 47.6056523], [15.7076163, 47.6056488]], [[15.7076163, 47.6056488], [15.7081462, 47.605602]], [[15.7081462, 47.605602], [15.708225, 47.6055947]], [[15.708225, 47.6055947], [15.7085735, 47.6055411]], [[15.7085735, 47.6055411], [15.7086958, 47.6055223]], [[15.7086958, 47.6055223], [15.708851, 47.6054984]], [[15.708851, 47.6054984], [15.7094336, 47.6053434]], [[15.7094336, 47.6053434], [15.7097448, 47.6052153]], [[15.7097448, 47.6052153], [15.7098126, 47.6051874]], [[15.7098126, 47.6051874], [15.710057, 47.6050742]], [[15.710057, 47.6050742], [15.7101488, 47.6050093]], [[15.7101488, 47.6050093], [15.7103001, 47.604985]], [[15.7103001, 47.604985], [15.7103826, 47.6049717]], [[15.7103826, 47.6049717], [15.7110678, 47.6046303]], [[15.7110678, 47.6046303], [15.7111387, 47.6045744]], [[15.7114221, 47.6045202], [15.7111387, 47.6045744]], [[15.7116073, 47.6044881], [15.7114221, 47.6045202]], [[15.7124935, 47.6043245], [15.7116073, 47.6044881]], [[15.7125935, 47.6042888], [15.7124935, 47.6043245]], [[15.7126595, 47.604273], [15.7125935, 47.6042888]], [[15.7129778, 47.6042055], [15.7126595, 47.604273]], [[15.7130273, 47.6041953], [15.7129778, 47.6042055]], [[15.7133111, 47.6041477], [15.7130273, 47.6041953]], [[15.713854, 47.6040234], [15.7133111, 47.6041477]], [[15.7144859, 47.6038708], [15.713854, 47.6040234]], [[15.7152641, 47.6036673], [15.7144859, 47.6038708]], [[15.7156626, 47.6035576], [15.7152641, 47.6036673]], [[15.7161853, 47.603414], [15.7156626, 47.6035576]], [[15.7169417, 47.6032076], [15.7161853, 47.603414]], [[15.7179973, 47.6029175], [15.7169417, 47.6032076]], [[15.7185361, 47.6027686], [15.7179973, 47.6029175]], [[15.7191967, 47.6025914], [15.7185361, 47.6027686]], [[15.7196968, 47.6024693], [15.7191967, 47.6025914]], [[15.7199603, 47.6024096], [15.7196968, 47.6024693]], [[15.7202447, 47.6023489], [15.7199603, 47.6024096]], [[15.7209673, 47.6021942], [15.7202447, 47.6023489]], [[15.7211134, 47.6021549], [15.7209673, 47.6021942]], [[15.7212424, 47.602141], [15.7211134, 47.6021549]], [[15.7213393, 47.6021257], [15.7212424, 47.602141]], [[15.7217178, 47.6020483], [15.7213393, 47.6021257]], [[15.7217963, 47.6020293], [15.7217178, 47.6020483]], [[15.7218388, 47.6020181], [15.7217963, 47.6020293]], [[15.7218979, 47.6019973], [15.7218388, 47.6020181]], [[15.7221981, 47.6018768], [15.7218979, 47.6019973]], [[15.7226962, 47.6016599], [15.7221981, 47.6018768]], [[15.7228464, 47.6016011], [15.7226962, 47.6016599]], [[15.7229427, 47.6015706], [15.7228464, 47.6016011]], [[15.7234227, 47.6014512], [15.7229427, 47.6015706]], [[15.7236383, 47.60139], [15.7234227, 47.6014512]], [[15.7238583, 47.601319], [15.7236383, 47.60139]], [[15.7241686, 47.6012936], [15.7238583, 47.601319]], [[15.7248853, 47.6012195], [15.7241686, 47.6012936]], [[15.7249845, 47.6012092], [15.7248853, 47.6012195]], [[15.7254395, 47.6011609], [15.7249845, 47.6012092]], [[15.725826, 47.601101], [15.7254395, 47.6011609]], [[15.7260181, 47.6011093], [15.725826, 47.601101]], [[15.7265443, 47.6011601], [15.7260181, 47.6011093]], [[15.7267289, 47.601191], [15.7265443, 47.6011601]], [[15.7269312, 47.6012297], [15.7267289, 47.601191]], [[15.7270682, 47.601272], [15.7269312, 47.6012297]], [[15.7272315, 47.6013364], [15.7270682, 47.601272]], [[15.7272875, 47.6013607], [15.7272315, 47.6013364]], [[15.7275062, 47.6014367], [15.7272875, 47.6013607]], [[15.7278762, 47.6015876], [15.7275062, 47.6014367]], [[15.7279318, 47.6015837], [15.7278762, 47.6015876]], [[15.7285068, 47.6018327], [15.7279318, 47.6015837]], [[15.7287077, 47.6019267], [15.7285068, 47.6018327]], [[15.7288269, 47.6019908], [15.7287077, 47.6019267]], [[15.7288823, 47.6020294], [15.7288269, 47.6019908]], [[15.7289076, 47.6020538], [15.7288823, 47.6020294]], [[15.7290451, 47.6021656], [15.7289076, 47.6020538]], [[15.7291791, 47.6022536], [15.7290451, 47.6021656]], [[15.7293114, 47.6023266], [15.7291791, 47.6022536]], [[15.7294055, 47.6023762], [15.7293114, 47.6023266]], [[15.7295213, 47.6024372], [15.7294055, 47.6023762]], [[15.7296487, 47.6025204], [15.7295213, 47.6024372]], [[15.729655, 47.6025249], [15.7296487, 47.6025204]], [[15.7297256, 47.6025729], [15.729655, 47.6025249]], [[15.7300666, 47.6028179], [15.7297256, 47.6025729]], [[15.730256, 47.6029621], [15.7300666, 47.6028179]], [[15.7303794, 47.603067], [15.730256, 47.6029621]], [[15.7305058, 47.6031901], [15.7303794, 47.603067]], [[15.7305967, 47.603332], [15.7305058, 47.6031901]], [[15.7306543, 47.6034657], [15.7305967, 47.603332]], [[15.7306839, 47.603568], [15.7306543, 47.6034657]], [[15.7307375, 47.6038393], [15.7306839, 47.603568]], [[15.730775, 47.6039699], [15.7307375, 47.6038393]], [[15.7308153, 47.6040649], [15.730775, 47.6039699]], [[15.7308749, 47.604176], [15.7308153, 47.6040649]], [[15.730945, 47.6042708], [15.7308749, 47.604176]], [[15.7310513, 47.6043782], [15.730945, 47.6042708]], [[15.7311404, 47.6044609], [15.7310513, 47.6043782]], [[15.7312444, 47.6045394], [15.7311404, 47.6044609]], [[15.7313611, 47.6046091], [15.7312444, 47.6045394]], [[15.7316514, 47.6047728], [15.7313611, 47.6046091]], [[15.7317393, 47.6048203], [15.7316514, 47.6047728]], [[15.7318185, 47.6048489], [15.7317393, 47.6048203]], [[15.7319941, 47.6048953], [15.7318185, 47.6048489]], [[15.7321677, 47.6049356], [15.7319941, 47.6048953]], [[15.7323079, 47.604975], [15.7321677, 47.6049356]], [[15.7324226, 47.6050216], [15.7323079, 47.604975]], [[15.7325463, 47.6050832], [15.7324226, 47.6050216]], [[15.7326597, 47.6051402], [15.7325463, 47.6050832]], [[15.7327243, 47.6051793], [15.7326597, 47.6051402]], [[15.7328517, 47.6052701], [15.7327243, 47.6051793]], [[15.7330281, 47.6053981], [15.7328517, 47.6052701]], [[15.7332726, 47.6055606], [15.7330281, 47.6053981]], [[15.7335502, 47.6057433], [15.7332726, 47.6055606]], [[15.7337321, 47.6058597], [15.7335502, 47.6057433]], [[15.733927, 47.6059734], [15.7337321, 47.6058597]], [[15.7341818, 47.6061158], [15.733927, 47.6059734]], [[15.7346481, 47.6063761], [15.7341818, 47.6061158]], [[15.735474, 47.6068412], [15.7346481, 47.6063761]], [[15.7361434, 47.6072341], [15.735474, 47.6068412]], [[15.7364358, 47.6074094], [15.7361434, 47.6072341]], [[15.736763, 47.6076052], [15.7364358, 47.6074094]], [[15.7374208, 47.6080098], [15.736763, 47.6076052]], [[15.7382434, 47.6085227], [15.7374208, 47.6080098]], [[15.7384234, 47.6086554], [15.7382434, 47.6085227]], [[15.7397202, 47.6094732], [15.7384234, 47.6086554]], [[15.7400273, 47.6096608], [15.7397202, 47.6094732]], [[15.7404504, 47.6099109], [15.7400273, 47.6096608]], [[15.7414093, 47.6104782], [15.7404504, 47.6099109]], [[15.7415498, 47.6105567], [15.7414093, 47.6104782]], [[15.7418076, 47.610701], [15.7415498, 47.6105567]], [[15.7419813, 47.6107815], [15.7418076, 47.610701]], [[15.7421241, 47.610852], [15.7419813, 47.6107815]], [[15.7422595, 47.6109263], [15.7421241, 47.610852]], [[15.742389, 47.6109994], [15.7422595, 47.6109263]], [[15.7429455, 47.6112969], [15.742389, 47.6109994]], [[15.7436579, 47.6116632], [15.7429455, 47.6112969]], [[15.7444543, 47.6120599], [15.7436579, 47.6116632]], [[15.7448424, 47.6122466], [15.7444543, 47.6120599]], [[15.7461465, 47.6128517], [15.7448424, 47.6122466]], [[15.7467755, 47.6131344], [15.7461465, 47.6128517]], [[15.7471034, 47.613272], [15.7467755, 47.6131344]], [[15.7476499, 47.6135068], [15.7471034, 47.613272]], [[15.7478391, 47.6135805], [15.7476499, 47.6135068]], [[15.7483921, 47.6138047], [15.7478391, 47.6135805]], [[15.7483921, 47.6138047], [15.7482829, 47.6139697]], [[15.7482829, 47.6139697], [15.7482189, 47.6140487]], [[15.7482189, 47.6140487], [15.7481871, 47.6140972]], [[15.7481871, 47.6140972], [15.748141, 47.6141822]], [[15.748141, 47.6141822], [15.7481662, 47.6142751]], [[15.7481662, 47.6142751], [15.7482166, 47.6142476]], [[15.7482166, 47.6142476], [15.7482842, 47.6142485]], [[15.7482842, 47.6142485], [15.7483987, 47.6142624]], [[15.7483987, 47.6142624], [15.7485289, 47.614298]], [[15.7485289, 47.614298], [15.7486652, 47.6143148]], [[15.7486652, 47.6143148], [15.7488753, 47.6143209]], [[15.7488753, 47.6143209], [15.7492539, 47.6145198]], [[15.7492539, 47.6145198], [15.7493537, 47.6145884]], [[15.7493537, 47.6145884], [15.7494324, 47.6146492]], [[15.7494324, 47.6146492], [15.7495183, 47.6147315]], [[15.7495183, 47.6147315], [15.7496074, 47.6148447]], [[15.7496074, 47.6148447], [15.7496384, 47.6149485]], [[15.7496384, 47.6149485], [15.7496213, 47.6152561]], [[15.7496213, 47.6152561], [15.7500233, 47.6153669]], [[15.7504271, 47.6152608], [15.7500233, 47.6153669]], [[15.7509528, 47.6151879], [15.7504271, 47.6152608]], [[15.7509528, 47.6151879], [15.7513761, 47.6154551]], [[15.7513761, 47.6154551], [15.7514367, 47.61548]], [[15.7514367, 47.61548], [15.7515078, 47.6154989]], [[15.7515078, 47.6154989], [15.7519368, 47.6155934]], [[15.7519368, 47.6155934], [15.752426, 47.6157024]], [[15.752426, 47.6157024], [15.7527165, 47.6157636]], [[15.7527165, 47.6157636], [15.7530105, 47.6158285]], [[15.7530105, 47.6158285], [15.7530823, 47.6158462]], [[15.7530823, 47.6158462], [15.753433, 47.6159438]], [[15.753433, 47.6159438], [15.7534692, 47.6159524]], [[15.7534692, 47.6159524], [15.7535024, 47.6159583]], [[15.7535024, 47.6159583], [15.7535617, 47.6159678]], [[15.7535617, 47.6159678], [15.7536643, 47.6159804]], [[15.7536643, 47.6159804], [15.7537441, 47.6159922]], [[15.7537441, 47.6159922], [15.7538239, 47.6160062]], [[15.7538239, 47.6160062], [15.754046, 47.6160476]], [[15.754046, 47.6160476], [15.7542241, 47.6159876]], [[15.7541533, 47.6159587], [15.7542241, 47.6159876]], [[15.7540894, 47.6159248], [15.7541533, 47.6159587]], [[15.7540324, 47.6158914], [15.7540894, 47.6159248]], [[15.753971, 47.6158486], [15.7540324, 47.6158914]], [[15.7538967, 47.6157952], [15.753971, 47.6158486]], [[15.7538967, 47.6157952], [15.7539982, 47.6157701]], [[15.7539982, 47.6157701], [15.7541404, 47.6157543]], [[15.7541404, 47.6157543], [15.7542524, 47.6157577]], [[15.7542524, 47.6157577], [15.754406, 47.6157372]], [[15.754406, 47.6157372], [15.7545868, 47.615621]], [[15.7545868, 47.615621], [15.7550439, 47.6153804]], [[15.7550439, 47.6153804], [15.755352, 47.615096]], [[15.755352, 47.615096], [15.7557722, 47.6149484]], [[15.7559072, 47.6149725], [15.7557722, 47.6149484]], [[15.7560737, 47.6150335], [15.7559072, 47.6149725]], [[15.7561758, 47.6150693], [15.7560737, 47.6150335]], [[15.7562399, 47.6150904], [15.7561758, 47.6150693]], [[15.7565881, 47.6152052], [15.7562399, 47.6150904]], [[15.7566343, 47.6152223], [15.7565881, 47.6152052]], [[15.7566493, 47.61523], [15.7566343, 47.6152223]], [[15.756672, 47.6152416], [15.7566493, 47.61523]], [[15.7567335, 47.6152732], [15.756672, 47.6152416]], [[15.7569336, 47.6153759], [15.7567335, 47.6152732]], [[15.7573034, 47.6157312], [15.7569336, 47.6153759]], [[15.7573034, 47.6157312], [15.7579411, 47.6155956]], [[15.7579411, 47.6155956], [15.7580936, 47.6155627]], [[15.7580936, 47.6155627], [15.7591987, 47.6153244]], [[15.7591987, 47.6153244], [15.7599825, 47.6151553]], [[15.7599825, 47.6151553], [15.7600824, 47.615335]], [[15.7600824, 47.615335], [15.7602401, 47.615429]], [[15.7602401, 47.615429], [15.7604592, 47.6154502]], [[15.7604592, 47.6154502], [15.7610899, 47.6154061]], [[15.7610899, 47.6154061], [15.7615661, 47.6154211]], [[15.7615661, 47.6154211], [15.7618263, 47.6154293]], [[15.7618263, 47.6154293], [15.7673065, 47.6157986]], [[15.7673065, 47.6157986], [15.7678089, 47.6157755]], [[15.7678089, 47.6157755], [15.7682142, 47.6158255]], [[15.7682142, 47.6158255], [15.768617, 47.6158986]], [[15.768617, 47.6158986], [15.7690433, 47.6160339]], [[15.7690433, 47.6160339], [15.769761, 47.6165231]], [[15.769761, 47.6165231], [15.7700464, 47.6164893]], [[15.7700464, 47.6164893], [15.7701733, 47.6164221]], [[15.7701733, 47.6164221], [15.7703804, 47.6165813]], [[15.7703804, 47.6165813], [15.7706729, 47.6167478]], [[15.7706729, 47.6167478], [15.7709738, 47.6168837]], [[15.7709738, 47.6168837], [15.772444, 47.617406]], [[15.772444, 47.617406], [15.7725916, 47.6172525]], [[15.7725916, 47.6172525], [15.7727215, 47.6171783]], [[15.7727215, 47.6171783], [15.7728529, 47.6171679]], [[15.7728529, 47.6171679], [15.7730025, 47.6171821]], [[15.7730025, 47.6171821], [15.7731276, 47.6172313]], [[15.7731276, 47.6172313], [15.7732862, 47.6173902]], [[15.7732862, 47.6173902], [15.7734134, 47.6174872]], [[15.7734134, 47.6174872], [15.7736031, 47.6175737]], [[15.7736031, 47.6175737], [15.7739147, 47.6176792]], [[15.7739147, 47.6176792], [15.7750321, 47.6180075]], [[15.7750321, 47.6180075], [15.7756072, 47.6181502]], [[15.7756072, 47.6181502], [15.7761144, 47.6182438]], [[15.7761144, 47.6182438], [15.7765928, 47.6183101]], [[15.7765928, 47.6183101], [15.7771065, 47.6183642]], [[15.7771065, 47.6183642], [15.7775028, 47.6184158]], [[15.7775028, 47.6184158], [15.7779169, 47.6184863]], [[15.7779169, 47.6184863], [15.77827, 47.6185627]], [[15.77827, 47.6185627], [15.7785147, 47.6186571]], [[15.7785147, 47.6186571], [15.7787703, 47.6187865]], [[15.7787703, 47.6187865], [15.7790386, 47.6189046]], [[15.7790386, 47.6189046], [15.7793185, 47.6189903]], [[15.7793185, 47.6189903], [15.7795078, 47.6190271]], [[15.7795078, 47.6190271], [15.7796443, 47.6190536]], [[15.7796443, 47.6190536], [15.7801415, 47.6190995]], [[15.7801415, 47.6190995], [15.7805682, 47.6191582]], [[15.7805682, 47.6191582], [15.7809955, 47.6192658]], [[15.7809955, 47.6192658], [15.78204, 47.6196407]], [[15.78204, 47.6196407], [15.7826936, 47.6198841]], [[15.7826936, 47.6198841], [15.7836254, 47.6202463]], [[15.7836254, 47.6202463], [15.7838472, 47.6203247]], [[15.7838472, 47.6203247], [15.7840919, 47.620389]], [[15.7840919, 47.620389], [15.7846383, 47.6204832]], [[15.7846383, 47.6204832], [15.7848223, 47.6205052]], [[15.7848223, 47.6205052], [15.7850185, 47.6205065]], [[15.7850185, 47.6205065], [15.7856542, 47.6204756]], [[15.7856542, 47.6204756], [15.7861971, 47.6204492]], [[15.7861971, 47.6204492], [15.7865405, 47.6204486]], [[15.7865405, 47.6204486], [15.7871774, 47.6204833]], [[15.7871774, 47.6204833], [15.7872786, 47.6204956]], [[15.7872786, 47.6204956], [15.7873368, 47.620503]], [[15.7873368, 47.620503], [15.7876065, 47.6205393]], [[15.7876065, 47.6205393], [15.78771, 47.6205541]], [[15.78771, 47.6205541], [15.7882123, 47.6206247]], [[15.7882123, 47.6206247], [15.7888904, 47.6206786]], [[15.7888904, 47.6206786], [15.789411, 47.6207149]], [[15.789411, 47.6207149], [15.789791, 47.6207627]], [[15.789791, 47.6207627], [15.7904161, 47.6208872]], [[15.7904161, 47.6208872], [15.7905219, 47.6209093]], [[15.7905219, 47.6209093], [15.7907377, 47.6209548]], [[15.7907377, 47.6209548], [15.790827, 47.6209635]], [[15.790827, 47.6209635], [15.790912, 47.6209511]], [[15.790912, 47.6209511], [15.7910284, 47.6210154]], [[15.7910284, 47.6210154], [15.7923558, 47.6212592]], [[15.7923558, 47.6212592], [15.7933664, 47.6213917]], [[15.7933664, 47.6213917], [15.7936726, 47.6214319]], [[15.7936726, 47.6214319], [15.7937216, 47.6214381]], [[15.7937216, 47.6214381], [15.7943139, 47.6215133]], [[15.7943139, 47.6215133], [15.7951648, 47.6216063]], [[15.7951648, 47.6216063], [15.7958855, 47.6216769]], [[15.7958855, 47.6216769], [15.7967054, 47.6217574]], [[15.7967054, 47.6217574], [15.7972403, 47.6218003]], [[15.7972403, 47.6218003], [15.7977906, 47.6218638]], [[15.7977906, 47.6218638], [15.7979999, 47.6218937]], [[15.7979999, 47.6218937], [15.7985085, 47.6219881]], [[15.7985085, 47.6219881], [15.7994665, 47.6222136]], [[15.7994665, 47.6222136], [15.8002944, 47.6224335]], [[15.8002944, 47.6224335], [15.8004828, 47.6224978]], [[15.8004828, 47.6224978], [15.8022178, 47.6230903]], [[15.8022178, 47.6230903], [15.8027307, 47.6232493]], [[15.8027307, 47.6232493], [15.8039499, 47.6235648]], [[15.8039499, 47.6235648], [15.8040767, 47.6235998]], [[15.8040767, 47.6235998], [15.8042035, 47.6236348]], [[15.8042035, 47.6236348], [15.8043647, 47.6236793]], [[15.8043647, 47.6236793], [15.8046481, 47.623721]], [[15.8046481, 47.623721], [15.8049991, 47.6237558]], [[15.8049991, 47.6237558], [15.8052852, 47.6237841]], [[15.8052852, 47.6237841], [15.8056294, 47.6238542]], [[15.8056294, 47.6238542], [15.806244, 47.6240098]], [[15.806244, 47.6240098], [15.8067108, 47.6241758]], [[15.8067108, 47.6241758], [15.8079295, 47.624851]], [[15.8079295, 47.624851], [15.8081925, 47.6249586]], [[15.8081925, 47.6249586], [15.808524, 47.6250389]], [[15.808524, 47.6250389], [15.8090291, 47.6251264]], [[15.8090291, 47.6251264], [15.8097984, 47.6252025]], [[15.8097984, 47.6252025], [15.8104629, 47.6252328]], [[15.8104629, 47.6252328], [15.8114046, 47.6251997]], [[15.8114046, 47.6251997], [15.8115786, 47.6252076]], [[15.8115786, 47.6252076], [15.8117679, 47.6252474]], [[15.8117679, 47.6252474], [15.8118855, 47.6252922]], [[15.8118855, 47.6252922], [15.8123255, 47.6256117]], [[15.8123255, 47.6256117], [15.8125474, 47.6257515]], [[15.8125474, 47.6257515], [15.8127045, 47.6257984]], [[15.8127045, 47.6257984], [15.8130014, 47.625815]], [[15.8130014, 47.625815], [15.8133348, 47.6258569]], [[15.8133348, 47.6258569], [15.8144823, 47.6261467]], [[15.8144823, 47.6261467], [15.8145412, 47.6261659]], [[15.8145412, 47.6261659], [15.8151057, 47.6263496]], [[15.8151057, 47.6263496], [15.8157665, 47.6266638]], [[15.8157665, 47.6266638], [15.8165182, 47.6269985]], [[15.8165182, 47.6269985], [15.8167816, 47.6271158]], [[15.8167816, 47.6271158], [15.8174248, 47.6275093]], [[15.8174248, 47.6275093], [15.8178621, 47.6277004]], [[15.8178621, 47.6277004], [15.8180477, 47.6277985]], [[15.8180477, 47.6277985], [15.8182699, 47.628029]], [[15.8182699, 47.628029], [15.8184707, 47.6282184]], [[15.8184707, 47.6282184], [15.8197166, 47.629076]], [[15.8197166, 47.629076], [15.8203201, 47.6294369]], [[15.8203201, 47.6294369], [15.8206983, 47.6295902]], [[15.8206983, 47.6295902], [15.8215737, 47.6297927]], [[15.8215737, 47.6297927], [15.8222744, 47.6299547]], [[15.8222744, 47.6299547], [15.8228829, 47.630144]], [[15.8228829, 47.630144], [15.8251416, 47.6309211]], [[15.8251416, 47.6309211], [15.8256188, 47.631058]], [[15.8273753, 47.6313872], [15.8256188, 47.631058]], [[15.8275414, 47.6314183], [15.8273753, 47.6313872]], [[15.828417, 47.6316796], [15.8275414, 47.6314183]], [[15.828455, 47.6316921], [15.828417, 47.6316796]], [[15.8288975, 47.6318373], [15.828455, 47.6316921]], [[15.8290309, 47.6318658], [15.8288975, 47.6318373]], [[15.8292445, 47.6319329], [15.8290309, 47.6318658]], [[15.8298323, 47.6321371], [15.8292445, 47.6319329]], [[15.8300255, 47.6322002], [15.8298323, 47.6321371]], [[15.8300255, 47.6322002], [15.8304315, 47.6323927]], [[15.8304315, 47.6323927], [15.8308981, 47.6327329]], [[15.8308981, 47.6327329], [15.8311487, 47.6329058]], [[15.8311487, 47.6329058], [15.8313268, 47.632948]], [[15.8313268, 47.632948], [15.8315079, 47.6329608]], [[15.8315079, 47.6329608], [15.8317142, 47.632963]], [[15.8317142, 47.632963], [15.8320064, 47.6329117]], [[15.8320064, 47.6329117], [15.8322125, 47.6328156]], [[15.8322125, 47.6328156], [15.83233, 47.6326803]], [[15.83233, 47.6326803], [15.8324602, 47.6324633]], [[15.8324602, 47.6324633], [15.8329375, 47.6322064]], [[15.8329375, 47.6322064], [15.8332613, 47.632061]], [[15.8332613, 47.632061], [15.8333466, 47.6320897]], [[15.8335584, 47.631962], [15.8333466, 47.6320897]], [[15.8338085, 47.6318504], [15.8335584, 47.631962]], [[15.8340977, 47.6317579], [15.8338085, 47.6318504]], [[15.8344248, 47.6316815], [15.8340977, 47.6317579]], [[15.8346502, 47.6316441], [15.8344248, 47.6316815]], [[15.8348625, 47.6316292], [15.8346502, 47.6316441]], [[15.8349465, 47.6316262], [15.8348625, 47.6316292]], [[15.8350304, 47.6316924], [15.8349465, 47.6316262]], [[15.8353539, 47.6317456], [15.8350304, 47.6316924]], [[15.8364429, 47.6319121], [15.8353539, 47.6317456]], [[15.8369121, 47.6319753], [15.8364429, 47.6319121]], [[15.8372101, 47.6320224], [15.8369121, 47.6319753]], [[15.8375517, 47.6320602], [15.8372101, 47.6320224]], [[15.8379024, 47.6321167], [15.8375517, 47.6320602]], [[15.8384712, 47.6322133], [15.8379024, 47.6321167]], [[15.8391074, 47.6323314], [15.8384712, 47.6322133]], [[15.839485, 47.632395], [15.8391074, 47.6323314]], [[15.8398804, 47.6324612], [15.839485, 47.632395]], [[15.8400606, 47.6324446], [15.8398804, 47.6324612]], [[15.8401693, 47.6324412], [15.8400606, 47.6324446]], [[15.8402903, 47.6324462], [15.8401693, 47.6324412]], [[15.8403866, 47.6324279], [15.8402903, 47.6324462]], [[15.840515, 47.632378], [15.8403866, 47.6324279]], [[15.8406533, 47.6323414], [15.840515, 47.632378]], [[15.8407302, 47.6323031], [15.8406533, 47.6323414]], [[15.8409137, 47.6321707], [15.8407302, 47.6323031]], [[15.8410447, 47.6321059], [15.8409137, 47.6321707]], [[15.8411234, 47.6319793], [15.8410447, 47.6321059]], [[15.8411452, 47.6318528], [15.8411234, 47.6319793]], [[15.8411452, 47.6314613], [15.8411452, 47.6318528]], [[15.8411845, 47.6313553], [15.8411452, 47.6314613]], [[15.8412369, 47.6313052], [15.8411845, 47.6313553]], [[15.8413461, 47.631264], [15.8412369, 47.6313052]], [[15.8414335, 47.6312523], [15.8413461, 47.631264]], [[15.8415296, 47.631264], [15.8414335, 47.6312523]], [[15.8415995, 47.6313111], [15.8415296, 47.631264]], [[15.8416519, 47.6313582], [15.8415995, 47.6313111]], [[15.8417567, 47.6316467], [15.8416519, 47.6313582]], [[15.8419271, 47.6320853], [15.8417567, 47.6316467]], [[15.841962, 47.6322207], [15.8419271, 47.6320853]], [[15.8419839, 47.6323738], [15.841962, 47.6322207]], [[15.8419664, 47.6325798], [15.8419839, 47.6323738]], [[15.8418878, 47.6329272], [15.8419664, 47.6325798]], [[15.8418878, 47.6331244], [15.8418878, 47.6329272]], [[15.8419271, 47.6332922], [15.8418878, 47.6331244]], [[15.8420014, 47.6334247], [15.8419271, 47.6332922]], [[15.8421935, 47.6336719], [15.8420014, 47.6334247]], [[15.8422329, 47.6337455], [15.8421935, 47.6336719]], [[15.8422503, 47.6338132], [15.8422329, 47.6337455]], [[15.8422329, 47.6339957], [15.8422503, 47.6338132]], [[15.8422352, 47.6342426], [15.8422329, 47.6339957]], [[15.8422449, 47.6344432], [15.8422352, 47.6342426]], [[15.8422804, 47.6345631], [15.8422449, 47.6344432]], [[15.8423355, 47.6346634], [15.8422804, 47.6345631]], [[15.8424746, 47.6348444], [15.8423355, 47.6346634]], [[15.8427787, 47.6352106], [15.8424746, 47.6348444]], [[15.8428725, 47.6353807], [15.8427787, 47.6352106]], [[15.8429308, 47.6355834], [15.8428725, 47.6353807]], [[15.8429437, 47.6357818], [15.8429308, 47.6355834]], [[15.8429502, 47.6359039], [15.8429437, 47.6357818]], [[15.8429437, 47.6361961], [15.8429502, 47.6359039]], [[15.8429534, 47.6363378], [15.8429437, 47.6361961]], [[15.842989, 47.6364686], [15.8429534, 47.6363378]], [[15.8430408, 47.6365449], [15.842989, 47.6364686]], [[15.8431393, 47.63662], [15.8430408, 47.6365449]], [[15.843148, 47.6368714], [15.8431393, 47.63662]], [[15.8431778, 47.6370469], [15.843148, 47.6368714]], [[15.8432477, 47.637207], [15.8431778, 47.6370469]], [[15.8433906, 47.6373832], [15.8432477, 47.637207]], [[15.8435794, 47.6375487], [15.8433906, 47.6373832]], [[15.8443877, 47.6381266], [15.8435794, 47.6375487]], [[15.8443877, 47.6381266], [15.8442855, 47.6379285]], [[15.8442855, 47.6379285], [15.8442455, 47.637769]], [[15.8442455, 47.637769], [15.8443509, 47.6378061]], [[15.8443509, 47.6378061], [15.8449862, 47.6380295]], [[15.8449862, 47.6380295], [15.845252, 47.6381193]], [[15.845252, 47.6381193], [15.8455199, 47.6381928]], [[15.8455199, 47.6381928], [15.8457421, 47.6382314]], [[15.8457421, 47.6382314], [15.8461882, 47.6382566]], [[15.8461882, 47.6382566], [15.846396, 47.6382683]], [[15.846396, 47.6382683], [15.8464417, 47.638271]], [[15.8464417, 47.638271], [15.8466203, 47.6382816]], [[15.8466203, 47.6382816], [15.8467877, 47.6382915]], [[15.8467877, 47.6382915], [15.8469017, 47.6382788]], [[15.8469017, 47.6382788], [15.8472195, 47.6381964]], [[15.8472195, 47.6381964], [15.847375, 47.6381561]], [[15.847375, 47.6381561], [15.8478489, 47.6380149]], [[15.8478489, 47.6380149], [15.848026, 47.6379756]], [[15.848026, 47.6379756], [15.848202, 47.6379535]], [[15.848202, 47.6379535], [15.8482815, 47.637963]], [[15.8482815, 47.637963], [15.8483594, 47.637984]], [[15.8483594, 47.637984], [15.8484974, 47.6380419]], [[15.8484974, 47.6380419], [15.8490416, 47.6383681]], [[15.8490416, 47.6383681], [15.8494722, 47.6385864]], [[15.8494722, 47.6385864], [15.849941, 47.638799]], [[15.849941, 47.638799], [15.8501586, 47.6388823]], [[15.8501586, 47.6388823], [15.851025, 47.639169]], [[15.851025, 47.639169], [15.8513143, 47.639278]], [[15.8513143, 47.639278], [15.8514516, 47.6393341]], [[15.8514516, 47.6393341], [15.8516497, 47.6394291]], [[15.8516497, 47.6394291], [15.8518423, 47.6395464]], [[15.8518423, 47.6395464], [15.8520943, 47.6397278]], [[15.8520943, 47.6397278], [15.852387, 47.6398644]], [[15.852387, 47.6398644], [15.8529581, 47.6400198]], [[15.8529581, 47.6400198], [15.8530573, 47.6400659]], [[15.8530573, 47.6400659], [15.8530543, 47.6400984]], [[15.8535963, 47.6402206], [15.8530543, 47.6400984]], [[15.8535889, 47.6402481], [15.8535963, 47.6402206]], [[15.8535853, 47.6402615], [15.8535889, 47.6402481]], [[15.8536614, 47.640284], [15.8535853, 47.6402615]], [[15.8540506, 47.6404497], [15.8536614, 47.640284]], [[15.8543983, 47.6406316], [15.8540506, 47.6404497]], [[15.8547107, 47.640817], [15.8543983, 47.6406316]], [[15.8550178, 47.6410674], [15.8547107, 47.640817]], [[15.8551603, 47.6411944], [15.8550178, 47.6410674]], [[15.8553432, 47.6413531], [15.8551603, 47.6411944]], [[15.8557047, 47.6416675], [15.8553432, 47.6413531]], [[15.8561143, 47.6420005], [15.8557047, 47.6416675]], [[15.8563293, 47.64213], [15.8561143, 47.6420005]], [[15.8565845, 47.6422648], [15.8563293, 47.64213]], [[15.856764, 47.6423427], [15.8565845, 47.6422648]], [[15.8570981, 47.642463], [15.856764, 47.6423427]], [[15.8574252, 47.6425709], [15.8570981, 47.642463]], [[15.8577044, 47.6426772], [15.8574252, 47.6425709]], [[15.858342, 47.642953], [15.8577044, 47.6426772]], [[15.8586195, 47.6430765], [15.858342, 47.642953]], [[15.8587911, 47.6431597], [15.8586195, 47.6430765]], [[15.8589604, 47.6432676], [15.8587911, 47.6431597]], [[15.8593151, 47.6435299], [15.8589604, 47.6432676]], [[15.8591094, 47.6435665], [15.8593151, 47.6435299]], [[15.8587189, 47.6435076], [15.8591094, 47.6435665]], [[15.858186, 47.6433851], [15.8587189, 47.6435076]], [[15.8580132, 47.6433766], [15.858186, 47.6433851]], [[15.8578038, 47.643426], [15.8580132, 47.6433766]], [[15.8577237, 47.6434636], [15.8578038, 47.643426]], [[15.8576332, 47.643527], [15.8577237, 47.6434636]], [[15.8572771, 47.6439627], [15.8576332, 47.643527]], [[15.8572771, 47.6439627], [15.8576165, 47.6442088]], [[15.8576165, 47.6442088], [15.8580049, 47.6444644]], [[15.8580049, 47.6444644], [15.8582977, 47.6445766]], [[15.8582977, 47.6445766], [15.8584461, 47.6446244]], [[15.8584461, 47.6446244], [15.8585427, 47.6446958]], [[15.8585427, 47.6446958], [15.8585649, 47.6447769]], [[15.8585649, 47.6447769], [15.8587358, 47.6447866]], [[15.8587358, 47.6447866], [15.859046, 47.6448512]], [[15.859046, 47.6448512], [15.8594186, 47.644978]], [[15.8594186, 47.644978], [15.8597806, 47.6451164]], [[15.8597806, 47.6451164], [15.8600222, 47.6452042]], [[15.8600222, 47.6452042], [15.8602198, 47.6452693]], [[15.8602198, 47.6452693], [15.8604243, 47.6453085]], [[15.8604243, 47.6453085], [15.8605837, 47.6453348]], [[15.8605837, 47.6453348], [15.8607434, 47.6453479]], [[15.8607434, 47.6453479], [15.860965, 47.6453558]], [[15.860965, 47.6453558], [15.8611845, 47.6453506]], [[15.8611845, 47.6453506], [15.861826, 47.6452962]], [[15.861826, 47.6452962], [15.8623904, 47.645263]], [[15.8623904, 47.645263], [15.8626621, 47.6452727]], [[15.8626621, 47.6452727], [15.8629373, 47.6452957]], [[15.8629373, 47.6452957], [15.8633439, 47.6453645]], [[15.8633439, 47.6453645], [15.8635817, 47.645428]], [[15.8635817, 47.645428], [15.8638183, 47.6455043]], [[15.8638183, 47.6455043], [15.864059, 47.6455984]], [[15.864059, 47.6455984], [15.864375, 47.6457491]], [[15.864375, 47.6457491], [15.8650885, 47.6461723]], [[15.8650885, 47.6461723], [15.8658763, 47.6466213]], [[15.8658763, 47.6466213], [15.8662751, 47.6467808]], [[15.8662751, 47.6467808], [15.8666295, 47.646906]], [[15.8666295, 47.646906], [15.8671746, 47.647058]], [[15.8671746, 47.647058], [15.867722, 47.6471447]], [[15.867722, 47.6471447], [15.8682705, 47.6471902]], [[15.8682705, 47.6471902], [15.8686599, 47.6471597]], [[15.8686599, 47.6471597], [15.8690247, 47.6470976]], [[15.8690247, 47.6470976], [15.869337, 47.6469859]], [[15.869337, 47.6469859], [15.8695679, 47.6468808]], [[15.8695679, 47.6468808], [15.8697862, 47.6467476]], [[15.8697862, 47.6467476], [15.8701477, 47.6464925]], [[15.8701477, 47.6464925], [15.8704513, 47.6462719]], [[15.8704513, 47.6462719], [15.8707378, 47.6461088]], [[15.8707378, 47.6461088], [15.8709629, 47.6460077]], [[15.8709629, 47.6460077], [15.8713517, 47.6458629]], [[15.8713517, 47.6458629], [15.8720782, 47.6456469]], [[15.8720782, 47.6456469], [15.8726137, 47.6454929]], [[15.8726137, 47.6454929], [15.8729551, 47.6453758]], [[15.8729551, 47.6453758], [15.8732824, 47.6452406]], [[15.8732824, 47.6452406], [15.8737302, 47.6449538]], [[15.8737302, 47.6449538], [15.8738788, 47.64481]], [[15.8738788, 47.64481], [15.8739474, 47.644769]], [[15.8739474, 47.644769], [15.8740096, 47.6447514]], [[15.8740096, 47.6447514], [15.8740701, 47.6447504]], [[15.8740701, 47.6447504], [15.8741509, 47.6447615]], [[15.8741509, 47.6447615], [15.8742452, 47.6447961]], [[15.8742452, 47.6447961], [15.8743801, 47.6448594]], [[15.8743801, 47.6448594], [15.8744162, 47.6449068]], [[15.8744162, 47.6449068], [15.8744982, 47.6450144]], [[15.8744982, 47.6450144], [15.8745513, 47.6450842]], [[15.8745513, 47.6450842], [15.874621, 47.6451451]], [[15.874621, 47.6451451], [15.8746601, 47.6451734]], [[15.8746601, 47.6451734], [15.874711, 47.6452096]], [[15.874711, 47.6452096], [15.8747422, 47.645225]], [[15.8744766, 47.6453735], [15.8747422, 47.645225]], [[15.8743656, 47.6454456], [15.8744766, 47.6453735]], [[15.874306, 47.6454843], [15.8743656, 47.6454456]], [[15.8742945, 47.6455306], [15.874306, 47.6454843]], [[15.8742108, 47.6458393], [15.8742945, 47.6455306]], [[15.874071, 47.6460495], [15.8742108, 47.6458393]], [[15.8733955, 47.6468489], [15.874071, 47.6460495]], [[15.8729723, 47.6473903], [15.8733955, 47.6468489]], [[15.8727623, 47.6475443], [15.8729723, 47.6473903]], [[15.8721509, 47.648039], [15.8727623, 47.6475443]], [[15.8719289, 47.6482085], [15.8721509, 47.648039]], [[15.8718125, 47.6483506], [15.8719289, 47.6482085]], [[15.8717436, 47.6484583], [15.8718125, 47.6483506]], [[15.8711365, 47.6497086], [15.8717436, 47.6484583]], [[15.8710204, 47.6499409], [15.8711365, 47.6497086]], [[15.8709024, 47.6501539], [15.8710204, 47.6499409]], [[15.8706394, 47.6505648], [15.8709024, 47.6501539]], [[15.8703915, 47.6508978], [15.8706394, 47.6505648]], [[15.8702482, 47.6510605], [15.8703915, 47.6508978]], [[15.8700839, 47.6512207], [15.8702482, 47.6510605]], [[15.8698172, 47.6514513], [15.8700839, 47.6512207]], [[15.869717, 47.6515379], [15.8698172, 47.6514513]], [[15.8693802, 47.6517976], [15.869717, 47.6515379]], [[15.8693077, 47.651837], [15.8693802, 47.6517976]], [[15.8692834, 47.6518502], [15.8693077, 47.651837]], [[15.8692413, 47.6518731], [15.8692834, 47.6518502]], [[15.8692413, 47.6518731], [15.8693695, 47.652071]], [[15.8693695, 47.652071], [15.8694464, 47.6521746]], [[15.8694464, 47.6521746], [15.8695639, 47.6523041]], [[15.8695639, 47.6523041], [15.8696792, 47.6524163]], [[15.8696792, 47.6524163], [15.8701513, 47.6527674]], [[15.8701513, 47.6527674], [15.8704161, 47.6529619]], [[15.8704161, 47.6529619], [15.8707036, 47.6532279]], [[15.8707036, 47.6532279], [15.8709709, 47.6535639]], [[15.8709709, 47.6535639], [15.871056, 47.6537049]], [[15.871056, 47.6537049], [15.8710704, 47.6537287]], [[15.8710704, 47.6537287], [15.8710852, 47.6537543]], [[15.8710852, 47.6537543], [15.8713598, 47.6542286]], [[15.8713598, 47.6542286], [15.8715302, 47.6545101]], [[15.8715302, 47.6545101], [15.87168, 47.6547523]], [[15.87168, 47.6547523], [15.8718126, 47.6549643]], [[15.8718126, 47.6549643], [15.8720313, 47.655384]], [[15.8720313, 47.655384], [15.8722367, 47.6559765]], [[15.8722367, 47.6559765], [15.8723116, 47.6562023]], [[15.8723116, 47.6562023], [15.8723846, 47.6564168]], [[15.8723846, 47.6564168], [15.8724689, 47.656654]], [[15.8724689, 47.656654], [15.8725607, 47.656876]], [[15.8725607, 47.656876], [15.8726768, 47.657122]], [[15.8726768, 47.657122], [15.8727745, 47.6572843]], [[15.8727745, 47.6572843], [15.8728158, 47.6573527]], [[15.8728158, 47.6573527], [15.8729486, 47.6575658]], [[15.8729486, 47.6575658], [15.8732092, 47.6579839]], [[15.8732092, 47.6579839], [15.8732963, 47.6582524]], [[15.8732963, 47.6582524], [15.8733168, 47.6584667]], [[15.8733168, 47.6584667], [15.8733206, 47.658873]], [[15.8733206, 47.658873], [15.8733234, 47.6590757]], [[15.8733234, 47.6590757], [15.8733443, 47.6592213]], [[15.8733443, 47.6592213], [15.8733754, 47.6592975]], [[15.8733754, 47.6592975], [15.873386, 47.6593235]], [[15.873386, 47.6593235], [15.87344, 47.6593968]], [[15.87344, 47.6593968], [15.8736565, 47.6595343]], [[15.8736565, 47.6595343], [15.873826, 47.6596112]], [[15.873826, 47.6596112], [15.8739345, 47.6596422]], [[15.8739345, 47.6596422], [15.874023, 47.6596605]], [[15.874023, 47.6596605], [15.8740977, 47.6596707]], [[15.8740977, 47.6596707], [15.8742338, 47.6596812]], [[15.8742338, 47.6596812], [15.8743404, 47.6596845]], [[15.8743404, 47.6596845], [15.8748298, 47.6596877]], [[15.8748298, 47.6596877], [15.8752815, 47.6596907]], [[15.8752815, 47.6596907], [15.8756794, 47.6596958]], [[15.8756794, 47.6596958], [15.8763968, 47.6596993]], [[15.8763968, 47.6596993], [15.876883, 47.6597023]], [[15.876883, 47.6597023], [15.8769889, 47.6597001]], [[15.8769889, 47.6597001], [15.8772419, 47.6596947]], [[15.8772419, 47.6596947], [15.8775019, 47.6596782]], [[15.8775019, 47.6596782], [15.8774889, 47.6596375]], [[15.8779008, 47.6595977], [15.8774889, 47.6596375]], [[15.8780742, 47.6595763], [15.8779008, 47.6595977]], [[15.8783375, 47.6595388], [15.8780742, 47.6595763]], [[15.8786172, 47.6594875], [15.8783375, 47.6595388]], [[15.8788412, 47.659436], [15.8786172, 47.6594875]], [[15.879107, 47.6593683], [15.8788412, 47.659436]], [[15.8791867, 47.6593481], [15.879107, 47.6593683]], [[15.8793215, 47.6593122], [15.8791867, 47.6593481]], [[15.8795036, 47.6592653], [15.8793215, 47.6593122]], [[15.8797031, 47.6592139], [15.8795036, 47.6592653]], [[15.8799514, 47.6591542], [15.8797031, 47.6592139]], [[15.8802792, 47.6590788], [15.8799514, 47.6591542]], [[15.8803233, 47.659126], [15.8802792, 47.6590788]], [[15.8803233, 47.659126], [15.8806075, 47.659074]], [[15.8806075, 47.659074], [15.8806672, 47.6590631]], [[15.8806672, 47.6590631], [15.8809555, 47.6590236]], [[15.8809555, 47.6590236], [15.8811705, 47.6590069]], [[15.8811705, 47.6590069], [15.8816195, 47.6589794]], [[15.8816195, 47.6589794], [15.8818737, 47.6589701]], [[15.8818737, 47.6589701], [15.8820962, 47.6589686]], [[15.8820962, 47.6589686], [15.8824667, 47.6589661]], [[15.8824667, 47.6589661], [15.882969, 47.6589628]], [[15.882969, 47.6589628], [15.8834593, 47.6589857]], [[15.8834593, 47.6589857], [15.884173, 47.6590227]], [[15.884173, 47.6590227], [15.8848839, 47.6590872]], [[15.8848839, 47.6590872], [15.8851957, 47.6591246]], [[15.8851957, 47.6591246], [15.8854838, 47.6591592]], [[15.8855004, 47.6591016], [15.8854838, 47.6591592]], [[15.8855714, 47.6591028], [15.8855004, 47.6591016]], [[15.8861325, 47.6591877], [15.8855714, 47.6591028]], [[15.8865561, 47.6592275], [15.8861325, 47.6591877]], [[15.8867974, 47.659253], [15.8865561, 47.6592275]], [[15.8869039, 47.6592722], [15.8867974, 47.659253]], [[15.8872068, 47.6593662], [15.8869039, 47.6592722]], [[15.8875973, 47.6594714], [15.8872068, 47.6593662]], [[15.8879428, 47.6595559], [15.8875973, 47.6594714]], [[15.8886456, 47.6596706], [15.8879428, 47.6595559]], [[15.8891969, 47.659736], [15.8886456, 47.6596706]], [[15.8896797, 47.659771], [15.8891969, 47.659736]], [[15.8899778, 47.6597886], [15.8896797, 47.659771]], [[15.8905361, 47.6598066], [15.8899778, 47.6597886]], [[15.8905361, 47.6598066], [15.8907921, 47.6598066]], [[15.8907921, 47.6598066], [15.8913006, 47.6597926]], [[15.8913006, 47.6597926], [15.8922694, 47.6597638]], [[15.8922694, 47.6597638], [15.8928941, 47.6597385]], [[15.8928941, 47.6597385], [15.8931375, 47.6597245]], [[15.8931375, 47.6597245], [15.8931761, 47.659722]], [[15.8931761, 47.659722], [15.8937185, 47.6596863]], [[15.8937185, 47.6596863], [15.8946635, 47.6596242]], [[15.8946635, 47.6596242], [15.8947683, 47.6596139]], [[15.8947683, 47.6596139], [15.8953721, 47.6595543]], [[15.8953721, 47.6595543], [15.8957759, 47.6595155]], [[15.8957759, 47.6595155], [15.8959292, 47.6594868]], [[15.8959292, 47.6594868], [15.8961587, 47.6594522]], [[15.8961587, 47.6594522], [15.897016, 47.6593526]], [[15.897016, 47.6593526], [15.8971489, 47.6593365]], [[15.8971489, 47.6593365], [15.8979179, 47.6592434]], [[15.8979179, 47.6592434], [15.8985966, 47.6591564]], [[15.8985966, 47.6591564], [15.8991885, 47.65909]], [[15.8991885, 47.65909], [15.899514, 47.6590529]], [[15.899514, 47.6590529], [15.8998555, 47.659014]], [[15.8998555, 47.659014], [15.9004098, 47.658946]], [[15.9004098, 47.658946], [15.9009876, 47.6588875]], [[15.9009876, 47.6588875], [15.9017861, 47.6587989]], [[15.9017861, 47.6587989], [15.9019562, 47.6587844]], [[15.9019562, 47.6587844], [15.9021267, 47.6587736]], [[15.9021267, 47.6587736], [15.9025447, 47.6587245]], [[15.9025447, 47.6587245], [15.9030826, 47.6586739]], [[15.9030826, 47.6586739], [15.9036063, 47.6586328]], [[15.9036063, 47.6586328], [15.9040573, 47.6586185]], [[15.9040573, 47.6586185], [15.9040708, 47.6586669]], [[15.9040708, 47.6586669], [15.9041448, 47.6586644]], [[15.9041448, 47.6586644], [15.9043616, 47.6586682]], [[15.9043616, 47.6586682], [15.9043764, 47.6586687]], [[15.9043764, 47.6586687], [15.904924, 47.6586993]], [[15.904924, 47.6586993], [15.9051945, 47.6587142]], [[15.9051945, 47.6587142], [15.9056523, 47.6587712]], [[15.9056523, 47.6587712], [15.9061304, 47.6588428]], [[15.9061304, 47.6588428], [15.9067084, 47.6589401]], [[15.9067084, 47.6589401], [15.9064746, 47.6593811]], [[15.9064746, 47.6593811], [15.9064477, 47.6594373]], [[15.9064477, 47.6594373], [15.9064409, 47.6594515]], [[15.9072849, 47.6596747], [15.9064409, 47.6594515]], [[15.9079667, 47.6599226], [15.9072849, 47.6596747]], [[15.9084422, 47.6600129], [15.9079667, 47.6599226]], [[15.9089599, 47.6600071], [15.9084422, 47.6600129]], [[15.9092743, 47.659917], [15.9089599, 47.6600071]], [[15.9097468, 47.6598481], [15.9092743, 47.659917]], [[15.909965, 47.6598367], [15.9097468, 47.6598481]], [[15.9102838, 47.6598836], [15.909965, 47.6598367]], [[15.9103821, 47.6598981], [15.9102838, 47.6598836]], [[15.910985, 47.660055], [15.9103821, 47.6598981]], [[15.9112235, 47.6600933], [15.910985, 47.660055]], [[15.9114584, 47.6600899], [15.9112235, 47.6600933]], [[15.9119057, 47.6602773], [15.9114584, 47.6600899]], [[15.9129913, 47.6608269], [15.9119057, 47.6602773]], [[15.9131563, 47.6608824], [15.9129913, 47.6608269]], [[15.913559, 47.6610057], [15.9131563, 47.6608824]], [[15.9135883, 47.6610068], [15.913559, 47.6610057]], [[15.9136243, 47.6609907], [15.9135883, 47.6610068]], [[15.913665, 47.6609261], [15.9136243, 47.6609907]], [[15.9136854, 47.6608938], [15.913665, 47.6609261]], [[15.9136854, 47.6608938], [15.9140294, 47.6609976]], [[15.9140294, 47.6609976], [15.9141992, 47.6610492]], [[15.9141992, 47.6610492], [15.9142257, 47.6610573]], [[15.9142257, 47.6610573], [15.9143615, 47.6610943]], [[15.9143615, 47.6610943], [15.9144789, 47.6611262]], [[15.9144789, 47.6611262], [15.9148188, 47.6612208]], [[15.9148188, 47.6612208], [15.9152011, 47.6613349]], [[15.9152011, 47.6613349], [15.9153336, 47.6613788]], [[15.9153336, 47.6613788], [15.9155425, 47.6614479]], [[15.9155425, 47.6614479], [15.9158497, 47.6615392]], [[15.9158497, 47.6615392], [15.9163181, 47.6616784]], [[15.9163181, 47.6616784], [15.9164545, 47.6617189]], [[15.9164545, 47.6617189], [15.916556, 47.661749]], [[15.916556, 47.661749], [15.9170649, 47.6619171]], [[15.9170649, 47.6619171], [15.917319, 47.662001]], [[15.917319, 47.662001], [15.9176867, 47.6621386]], [[15.9176867, 47.6621386], [15.9180825, 47.6622556]], [[15.9180825, 47.6622556], [15.9185229, 47.6623849]], [[15.9185229, 47.6623849], [15.9187058, 47.6624323]], [[15.9187058, 47.6624323], [15.9189084, 47.6624764]], [[15.9189427, 47.662576], [15.9189084, 47.6624764]], [[15.9189915, 47.6626429], [15.9189427, 47.662576]], [[15.9191106, 47.6627254], [15.9189915, 47.6626429]], [[15.9193204, 47.6628197], [15.9191106, 47.6627254]], [[15.9197629, 47.6629362], [15.9193204, 47.6628197]], [[15.9199841, 47.6629929], [15.9197629, 47.6629362]], [[15.9201724, 47.6630296], [15.9199841, 47.6629929]], [[15.9205739, 47.6630902], [15.9201724, 47.6630296]], [[15.920867, 47.6631088], [15.9205739, 47.6630902]], [[15.9210561, 47.6631199], [15.920867, 47.6631088]], [[15.9215431, 47.6631266], [15.9210561, 47.6631199]], [[15.9216152, 47.6631003], [15.9215431, 47.6631266]], [[15.9216546, 47.6630677], [15.9216152, 47.6631003]], [[15.9216546, 47.6630677], [15.9220123, 47.6631734]], [[15.9220123, 47.6631734], [15.9222941, 47.6632757]], [[15.9222941, 47.6632757], [15.9223373, 47.6632914]], [[15.9223373, 47.6632914], [15.9225055, 47.6633583]], [[15.9225055, 47.6633583], [15.9227032, 47.6634513]], [[15.9227032, 47.6634513], [15.9229159, 47.6635521]], [[15.9229159, 47.6635521], [15.9230009, 47.6635913]], [[15.9230009, 47.6635913], [15.92319, 47.663681]], [[15.92319, 47.663681], [15.9234797, 47.6638151]], [[15.9234797, 47.6638151], [15.923731, 47.6639267]], [[15.923731, 47.6639267], [15.923833, 47.663972]], [[15.923833, 47.663972], [15.9241181, 47.6640915]], [[15.9241181, 47.6640915], [15.9248871, 47.664378]], [[15.9248871, 47.664378], [15.9250376, 47.6644369]], [[15.9250376, 47.6644369], [15.9251806, 47.6644955]], [[15.9251806, 47.6644955], [15.9252524, 47.664529]], [[15.9252524, 47.664529], [15.925378, 47.6645919]], [[15.925378, 47.6645919], [15.92551, 47.6646573]], [[15.92551, 47.6646573], [15.9256271, 47.664714]], [[15.9256271, 47.664714], [15.9257601, 47.6647831]], [[15.9257601, 47.6647831], [15.9257856, 47.6647963]], [[15.9257856, 47.6647963], [15.9258985, 47.6648592]], [[15.9258985, 47.6648592], [15.9260254, 47.6649299]], [[15.9260254, 47.6649299], [15.9263799, 47.6651274]], [[15.9263799, 47.6651274], [15.9265064, 47.6652005]], [[15.9265064, 47.6652005], [15.926636, 47.6652754]], [[15.926636, 47.6652754], [15.9267568, 47.6653426]], [[15.9267568, 47.6653426], [15.9267762, 47.6653534]], [[15.9267762, 47.6653534], [15.9268775, 47.6654118]], [[15.9268775, 47.6654118], [15.9271083, 47.6655601]], [[15.9271083, 47.6655601], [15.9272358, 47.6656417]], [[15.9272358, 47.6656417], [15.9273758, 47.6657315]], [[15.9273758, 47.6657315], [15.9274892, 47.6658227]], [[15.9274892, 47.6658227], [15.9275281, 47.6658573]], [[15.9275281, 47.6658573], [15.927607, 47.6659363]], [[15.927607, 47.6659363], [15.9276625, 47.6660055]], [[15.9276625, 47.6660055], [15.9276764, 47.6660233]], [[15.9276764, 47.6660233], [15.9276996, 47.6660528]], [[15.9276996, 47.6660528], [15.9278102, 47.6662066]], [[15.9278102, 47.6662066], [15.9278915, 47.6662685]], [[15.9278915, 47.6662685], [15.9278882, 47.6663202]], [[15.9278882, 47.6663202], [15.9279092, 47.6663976]], [[15.9279092, 47.6663976], [15.9279342, 47.6664299]], [[15.9279342, 47.6664299], [15.9280687, 47.6665964]], [[15.9280687, 47.6665964], [15.9281631, 47.6667141]], [[15.9281631, 47.6667141], [15.9282738, 47.6666948]], [[15.9282738, 47.6666948], [15.9283604, 47.6667595]], [[15.9283604, 47.6667595], [15.9284618, 47.6669083]], [[15.9284618, 47.6669083], [15.9287153, 47.6672515]], [[15.9287153, 47.6672515], [15.9288318, 47.667422]], [[15.9288318, 47.667422], [15.9289058, 47.6675629]], [[15.9289058, 47.6675629], [15.9289502, 47.6676216]], [[15.9289502, 47.6676216], [15.9290129, 47.6677045]], [[15.9290129, 47.6677045], [15.9290736, 47.6677684]], [[15.9290736, 47.6677684], [15.9291157, 47.6678076]], [[15.9291157, 47.6678076], [15.9294382, 47.6682359]], [[15.9294382, 47.6682359], [15.9298872, 47.6688345]], [[15.9298872, 47.6688345], [15.9302321, 47.6693061]], [[15.9302321, 47.6693061], [15.9304981, 47.6696568]], [[15.9304981, 47.6696568], [15.9305419, 47.6697451]], [[15.9305419, 47.6697451], [15.9306625, 47.6699062]], [[15.9306625, 47.6699062], [15.9311066, 47.6704994]], [[15.9311066, 47.6704994], [15.9311727, 47.6705741]], [[15.9311727, 47.6705741], [15.9313205, 47.6707862]], [[15.9313205, 47.6707862], [15.9314197, 47.6709274]], [[15.9314197, 47.6709274], [15.9314385, 47.6709911]], [[15.9314385, 47.6709911], [15.9314731, 47.6710007]], [[15.9314731, 47.6710007], [15.9315013, 47.671021]], [[15.9315013, 47.671021], [15.931536, 47.6710904]], [[15.931536, 47.6710904], [15.9316267, 47.6712491]], [[15.9316267, 47.6712491], [15.9318121, 47.6713158]], [[15.9318121, 47.6713158], [15.931859, 47.6713756]], [[15.931859, 47.6713756], [15.9318708, 47.6714333]], [[15.9318708, 47.6714333], [15.9318776, 47.6714773]], [[15.9318776, 47.6714773], [15.9319623, 47.6714843]], [[15.9319623, 47.6714843], [15.9320909, 47.6714957]], [[15.9320909, 47.6714957], [15.9322428, 47.6715173]], [[15.9322428, 47.6715173], [15.932398, 47.6715562]], [[15.932398, 47.6715562], [15.932504, 47.6716431]], [[15.932504, 47.6716431], [15.9328466, 47.672052]], [[15.9328466, 47.672052], [15.932895, 47.6721097]], [[15.932895, 47.6721097], [15.9330128, 47.6722065]], [[15.9330128, 47.6722065], [15.9335626, 47.6728809]], [[15.9335626, 47.6728809], [15.9335851, 47.6729098]], [[15.9335851, 47.6729098], [15.9336505, 47.6729508]], [[15.9336505, 47.6729508], [15.934308, 47.6737516]], [[15.934308, 47.6737516], [15.9343096, 47.6737845]], [[15.9343096, 47.6737845], [15.9349016, 47.6745009]], [[15.9349016, 47.6745009], [15.934985, 47.6746241]], [[15.934985, 47.6746241], [15.9350353, 47.6747085]], [[15.9350353, 47.6747085], [15.9354644, 47.6750867]], [[15.9354644, 47.6750867], [15.93551, 47.6751143]], [[15.93551, 47.6751143], [15.9355652, 47.6751247]], [[15.9355652, 47.6751247], [15.9356623, 47.6751228]], [[15.9356623, 47.6751228], [15.9357699, 47.6751203]], [[15.9357699, 47.6751203], [15.9360589, 47.6751137]], [[15.9360589, 47.6751137], [15.9360701, 47.675188]], [[15.9360701, 47.675188], [15.9360618, 47.6752483]], [[15.9360618, 47.6752483], [15.9361049, 47.675374]], [[15.9361049, 47.675374], [15.9363677, 47.6755743]], [[15.9363677, 47.6755743], [15.9364174, 47.6756298]], [[15.9364174, 47.6756298], [15.9364587, 47.6757183]], [[15.9364587, 47.6757183], [15.9364798, 47.6757781]], [[15.9364798, 47.6757781], [15.9365235, 47.675842]], [[15.9365235, 47.675842], [15.9365764, 47.6759412]], [[15.9365764, 47.6759412], [15.9365976, 47.6760264]], [[15.9365976, 47.6760264], [15.9366703, 47.6761361]], [[15.9366703, 47.6761361], [15.9367634, 47.67616]], [[15.9367634, 47.67616], [15.9368489, 47.6761716]], [[15.9368489, 47.6761716], [15.936928, 47.6761728]], [[15.936928, 47.6761728], [15.9370402, 47.6761749]], [[15.9370402, 47.6761749], [15.9371494, 47.6761676]], [[15.9371494, 47.6761676], [15.9372081, 47.6761617]], [[15.9372081, 47.6761617], [15.9374018, 47.6761347]], [[15.9374018, 47.6761347], [15.9375321, 47.6761116]], [[15.9375321, 47.6761116], [15.9377013, 47.6760818]], [[15.9377167, 47.6761205], [15.9377013, 47.6760818]], [[15.9377331, 47.6761617], [15.9377167, 47.6761205]], [[15.9377607, 47.676261], [15.9377331, 47.6761617]], [[15.937758, 47.6763928], [15.9377607, 47.676261]], [[15.9377519, 47.6764945], [15.937758, 47.6763928]], [[15.9377382, 47.6765831], [15.9377519, 47.6764945]], [[15.9377382, 47.6765831], [15.9377211, 47.6768508]], [[15.9377095, 47.6769244], [15.9377211, 47.6768508]], [[15.9377095, 47.6769244], [15.9378491, 47.6769412]], [[15.9378491, 47.6769412], [15.9391372, 47.676979]], [[15.9391372, 47.676979], [15.9411084, 47.6769204]], [[15.9411084, 47.6769204], [15.9413982, 47.676946]], [[15.9413982, 47.676946], [15.9421019, 47.6770025]], [[15.9421019, 47.6770025], [15.942364, 47.6770069]], [[15.942364, 47.6770069], [15.94254, 47.6769776]], [[15.9427431, 47.6770415], [15.94254, 47.6769776]], [[15.943034, 47.6770683], [15.9427431, 47.6770415]], [[15.9432051, 47.677084], [15.943034, 47.6770683]], [[15.9435392, 47.6771043], [15.9432051, 47.677084]], [[15.9439529, 47.6771292], [15.9435392, 47.6771043]], [[15.9451276, 47.6772201], [15.9439529, 47.6771292]], [[15.9454979, 47.6772501], [15.9451276, 47.6772201]], [[15.9458396, 47.677274], [15.9454979, 47.6772501]], [[15.9459881, 47.6772844], [15.9458396, 47.677274]], [[15.9460858, 47.6772912], [15.9459881, 47.6772844]], [[15.9465479, 47.6773235], [15.9460858, 47.6772912]], [[15.9467559, 47.6773381], [15.9465479, 47.6773235]], [[15.9468114, 47.677342], [15.9467559, 47.6773381]], [[15.9468856, 47.6773461], [15.9468114, 47.677342]], [[15.9470003, 47.6773486], [15.9468856, 47.6773461]], [[15.9476161, 47.6773618], [15.9470003, 47.6773486]], [[15.9478379, 47.6773659], [15.9476161, 47.6773618]], [[15.9478379, 47.6773659], [15.9480473, 47.677367]], [[15.9480473, 47.677367], [15.9480507, 47.67732]], [[15.9480507, 47.67732], [15.9484194, 47.6773248]], [[15.9484194, 47.6773248], [15.9484277, 47.6773194]], [[15.9484277, 47.6773194], [15.9484275, 47.6772987]], [[15.9484275, 47.6772987], [15.9484268, 47.6772055]], [[15.9484268, 47.6772055], [15.9484286, 47.6771855]], [[15.9484286, 47.6771855], [15.9484359, 47.6771783]], [[15.9484359, 47.6771783], [15.9493474, 47.6770703]], [[15.9493474, 47.6770703], [15.9498648, 47.6769386]], [[15.9498648, 47.6769386], [15.9504403, 47.6767183]], [[15.9504403, 47.6767183], [15.951206, 47.6763665]], [[15.951206, 47.6763665], [15.9516104, 47.6760784]], [[15.9516104, 47.6760784], [15.9519681, 47.6757812]], [[15.9519681, 47.6757812], [15.9524061, 47.6753885]], [[15.9524061, 47.6753885], [15.9531752, 47.6746859]], [[15.9531752, 47.6746859], [15.9536551, 47.6744073]], [[15.9536551, 47.6744073], [15.9540707, 47.6742653]], [[15.9540707, 47.6742653], [15.9547308, 47.6741243]], [[15.9547308, 47.6741243], [15.9549826, 47.6740678]], [[15.9549826, 47.6740678], [15.9558315, 47.6740034]], [[15.9558315, 47.6740034], [15.9562905, 47.6739964]], [[15.9562905, 47.6739964], [15.9574367, 47.6740523]], [[15.9574367, 47.6740523], [15.9580674, 47.6741714]], [[15.9580674, 47.6741714], [15.959255, 47.6745136]], [[15.959255, 47.6745136], [15.9595499, 47.6745986]], [[15.9595499, 47.6745986], [15.9599525, 47.6746842]], [[15.9599525, 47.6746842], [15.9637177, 47.675352]], [[15.9634911, 47.6758466], [15.9637177, 47.675352]], [[15.9634837, 47.6759286], [15.9634911, 47.6758466]], [[15.9635242, 47.6759913], [15.9634837, 47.6759286]], [[15.9635569, 47.6760398], [15.9635242, 47.6759913]], [[15.9636269, 47.6760366], [15.9635569, 47.6760398]], [[15.9637898, 47.6760646], [15.9636269, 47.6760366]], [[15.9639801, 47.6760993], [15.9637898, 47.6760646]], [[15.965162, 47.676353], [15.9639801, 47.6760993]], [[15.9655818, 47.6763698], [15.965162, 47.676353]], [[15.9655818, 47.6763698], [15.9655842, 47.6764445]], [[15.9655842, 47.6764445], [15.965652, 47.6764988]], [[15.965652, 47.6764988], [15.9660508, 47.6767015]], [[15.9660508, 47.6767015], [15.9665301, 47.6768608]], [[15.9665301, 47.6768608], [15.9670051, 47.6769164]], [[15.9670051, 47.6769164], [15.9671617, 47.6770117]], [[15.9671617, 47.6770117], [15.9677569, 47.6773738]], [[15.9677569, 47.6773738], [15.9680363, 47.6774995]], [[15.9680363, 47.6774995], [15.9681833, 47.6775387]], [[15.9681833, 47.6775387], [15.9682931, 47.6775545]], [[15.9682931, 47.6775545], [15.9683846, 47.6774906]], [[15.9683846, 47.6774906], [15.9688531, 47.6773443]], [[15.9688531, 47.6773443], [15.9693429, 47.6771325]], [[15.9693429, 47.6771325], [15.9694387, 47.6771118]], [[15.9694387, 47.6771118], [15.9701645, 47.6771973]], [[15.9701645, 47.6771973], [15.9714656, 47.6773562]], [[15.9714656, 47.6773562], [15.9719076, 47.6775069]], [[15.9719076, 47.6775069], [15.9726566, 47.6778626]], [[15.9726566, 47.6778626], [15.9750209, 47.6788599]], [[15.9750209, 47.6788599], [15.9754423, 47.6790331]], [[15.9754423, 47.6790331], [15.9756798, 47.6791308]], [[15.9756798, 47.6791308], [15.9758772, 47.679212]], [[15.9758772, 47.679212], [15.9765746, 47.6795123]], [[15.9765746, 47.6795123], [15.9771331, 47.6797845]], [[15.9771331, 47.6797845], [15.977703, 47.6800383]], [[15.977703, 47.6800383], [15.9785459, 47.6804204]], [[15.9785459, 47.6804204], [15.9795417, 47.6808933]], [[15.9795417, 47.6808933], [15.9797177, 47.6809818]], [[15.9797177, 47.6809818], [15.9799632, 47.6810859]], [[15.9799632, 47.6810859], [15.9811653, 47.681646]], [[15.9811653, 47.681646], [15.9813129, 47.6817036]], [[15.9813129, 47.6817036], [15.9815182, 47.6818465]], [[15.9815182, 47.6818465], [15.9815536, 47.6818836]], [[15.9815536, 47.6818836], [15.981562, 47.6818931]], [[15.981562, 47.6818931], [15.9820502, 47.6823972]], [[15.9820502, 47.6823972], [15.9822482, 47.6825639]], [[15.9822482, 47.6825639], [15.9835504, 47.6839299]], [[15.9835504, 47.6839299], [15.9840278, 47.6843877]], [[15.9840278, 47.6843877], [15.9844868, 47.6847856]], [[15.9844868, 47.6847856], [15.985026, 47.685219]], [[15.985026, 47.685219], [15.985406, 47.685469]], [[15.985406, 47.685469], [15.9854196, 47.6855557]], [[15.9854196, 47.6855557], [15.9853308, 47.6856985]], [[15.9853308, 47.6856985], [15.9853107, 47.6857448]], [[15.9853107, 47.6857448], [15.9853313, 47.6857655]], [[15.9853313, 47.6857655], [15.985537, 47.6856324]], [[15.985537, 47.6856324], [15.9856543, 47.6856216]], [[15.9856543, 47.6856216], [15.9863258, 47.6860953]], [[15.9863258, 47.6860953], [15.9873217, 47.686783]], [[15.9873217, 47.686783], [15.9890695, 47.6879008]], [[15.9890695, 47.6879008], [15.9895773, 47.6881743]], [[15.9895773, 47.6881743], [15.9897142, 47.688242]], [[15.9897142, 47.688242], [15.9900887, 47.6884274]], [[15.9900887, 47.6884274], [15.9906578, 47.6886849]], [[15.9906578, 47.6886849], [15.9916129, 47.6890583]], [[15.9916129, 47.6890583], [15.992018, 47.6891847]], [[15.992018, 47.6891847], [15.9923737, 47.6893256]], [[15.9923737, 47.6893256], [15.9944285, 47.689789]], [[15.9944285, 47.689789], [15.9962245, 47.6900741]], [[15.9962245, 47.6900741], [15.9981521, 47.6904232]], [[15.9981521, 47.6904232], [15.9981839, 47.690429]], [[15.9981839, 47.690429], [15.9982518, 47.6904501]], [[15.9982518, 47.6904501], [15.9983295, 47.6904742]], [[15.9983295, 47.6904742], [15.9983636, 47.6904776]], [[15.9983636, 47.6904776], [15.9984288, 47.690484]], [[15.9984288, 47.690484], [15.9994555, 47.6906266]], [[15.9994555, 47.6906266], [16.0050582, 47.6915624]], [[16.0050582, 47.6915624], [16.0057331, 47.6916937]], [[16.0057331, 47.6916937], [16.0059617, 47.691749]], [[16.0059617, 47.691749], [16.006011, 47.6917609]], [[16.006011, 47.6917609], [16.0060557, 47.6917679]], [[16.0060557, 47.6917679], [16.006188, 47.6917697]], [[16.006188, 47.6917697], [16.0070604, 47.6919022]], [[16.0070604, 47.6919022], [16.0086159, 47.6922024]], [[16.0086159, 47.6922024], [16.0099436, 47.6925681]], [[16.0099436, 47.6925681], [16.0107309, 47.6928228]], [[16.0107309, 47.6928228], [16.0112345, 47.6930258]], [[16.0112345, 47.6930258], [16.0116456, 47.6932126]], [[16.0116456, 47.6932126], [16.0118157, 47.6933217]], [[16.0118157, 47.6933217], [16.0120368, 47.6933936]], [[16.0120368, 47.6933936], [16.0123054, 47.6935104]], [[16.0123054, 47.6935104], [16.0129935, 47.6938932]], [[16.0129935, 47.6938932], [16.0135765, 47.6942623]], [[16.0135765, 47.6942623], [16.0139756, 47.6945463]], [[16.0139756, 47.6945463], [16.0142122, 47.6947146]], [[16.0142122, 47.6947146], [16.0145679, 47.6950562]], [[16.0145679, 47.6950562], [16.0147643, 47.6953656]], [[16.0147643, 47.6953656], [16.0149446, 47.6957355]], [[16.0149446, 47.6957355], [16.0149702, 47.6958359]], [[16.0149702, 47.6958359], [16.0149823, 47.6958864]], [[16.0149823, 47.6958864], [16.0149932, 47.6959318]], [[16.0149932, 47.6959318], [16.0150307, 47.6959558]], [[16.0150307, 47.6959558], [16.0151001, 47.6960551]], [[16.0151001, 47.6960551], [16.0152111, 47.6962254]], [[16.0152111, 47.6962254], [16.0156725, 47.6969999]], [[16.0156725, 47.6969999], [16.0156551, 47.6970345]], [[16.0157195, 47.69716], [16.0156551, 47.6970345]], [[16.0157195, 47.69716], [16.0157986, 47.6971732]], [[16.0157986, 47.6971732], [16.0158556, 47.6972067]], [[16.0158556, 47.6972067], [16.0161228, 47.6974833]], [[16.0161228, 47.6974833], [16.0173865, 47.6985077]], [[16.0173865, 47.6985077], [16.0174061, 47.6985229]], [[16.0174061, 47.6985229], [16.0174982, 47.6985954]], [[16.0174982, 47.6985954], [16.0175195, 47.698615]], [[16.0175195, 47.698615], [16.0185826, 47.6994585]], [[16.0185826, 47.6994585], [16.0187979, 47.6996882]], [[16.0187979, 47.6996882], [16.018816, 47.6997023]], [[16.018816, 47.6997023], [16.0188546, 47.6997323]], [[16.0188546, 47.6997323], [16.0188859, 47.6997135]], [[16.0188859, 47.6997135], [16.019154, 47.6995633]], [[16.019154, 47.6995633], [16.0194522, 47.6993933]], [[16.0194522, 47.6993933], [16.0194725, 47.6993806]], [[16.0195198, 47.6994092], [16.0194725, 47.6993806]], [[16.0198533, 47.6997305], [16.0195198, 47.6994092]], [[16.0204671, 47.7002494], [16.0198533, 47.6997305]], [[16.0212779, 47.7008776], [16.0204671, 47.7002494]], [[16.0223206, 47.701721], [16.0212779, 47.7008776]], [[16.02311, 47.702355], [16.0223206, 47.701721]], [[16.0239987, 47.7030574], [16.02311, 47.702355]], [[16.0242636, 47.7031844], [16.0239987, 47.7030574]], [[16.0244674, 47.7032585], [16.0242636, 47.7031844]], [[16.0247066, 47.7034417], [16.0244674, 47.7032585]], [[16.0248047, 47.7037148], [16.0247066, 47.7034417]], [[16.0261034, 47.7047399], [16.0248047, 47.7037148]], [[16.026273, 47.7048408], [16.0261034, 47.7047399]], [[16.0269859, 47.7054711], [16.026273, 47.7048408]], [[16.027539, 47.7058786], [16.0269859, 47.7054711]], [[16.0277891, 47.7060628], [16.027539, 47.7058786]], [[16.0277891, 47.7060628], [16.0280529, 47.706217]], [[16.0280529, 47.706217], [16.0282439, 47.7062646]], [[16.0282439, 47.7062646], [16.0283825, 47.7062841]], [[16.0283825, 47.7062841], [16.0297559, 47.7065043]], [[16.0297559, 47.7065043], [16.0325186, 47.7069639]], [[16.0325186, 47.7069639], [16.0325643, 47.7069717]], [[16.0325643, 47.7069717], [16.0334831, 47.7071277]], [[16.0334831, 47.7071277], [16.0340455, 47.707225]], [[16.0340455, 47.707225], [16.034223, 47.7072692]], [[16.034223, 47.7072692], [16.0344398, 47.7073297]], [[16.0344398, 47.7073297], [16.0347288, 47.7074206]], [[16.0347288, 47.7074206], [16.034847, 47.7074642]], [[16.034847, 47.7074642], [16.0352101, 47.7076234]], [[16.0352101, 47.7076234], [16.0353415, 47.7076968]], [[16.0353415, 47.7076968], [16.0365743, 47.7084944]], [[16.0365743, 47.7084944], [16.0378232, 47.70916]], [[16.0378232, 47.70916], [16.0380364, 47.7092974]], [[16.0380364, 47.7092974], [16.0383407, 47.7095164]], [[16.0383407, 47.7095164], [16.0386457, 47.7097688]], [[16.0386457, 47.7097688], [16.0388079, 47.709912]], [[16.0388079, 47.709912], [16.0390346, 47.7101514]], [[16.0390346, 47.7101514], [16.0392331, 47.7103826]], [[16.0392331, 47.7103826], [16.0393319, 47.7105151]], [[16.0393319, 47.7105151], [16.039468, 47.7107133]], [[16.039468, 47.7107133], [16.0399744, 47.7114898]], [[16.0399744, 47.7114898], [16.0400927, 47.7116535]], [[16.0400927, 47.7116535], [16.0402068, 47.7117935]], [[16.0402068, 47.7117935], [16.040306, 47.711893]], [[16.040306, 47.711893], [16.0404875, 47.7120295]], [[16.0404875, 47.7120295], [16.0405894, 47.7121406]], [[16.0405894, 47.7121406], [16.0406193, 47.7121493]], [[16.0406193, 47.7121493], [16.0407044, 47.7121715]], [[16.0407044, 47.7121715], [16.0407891, 47.7121931]], [[16.0407891, 47.7121931], [16.0408276, 47.7122024]], [[16.0408276, 47.7122024], [16.0409599, 47.7122392]], [[16.0409599, 47.7122392], [16.0410806, 47.7122727]], [[16.0410806, 47.7122727], [16.0414155, 47.7123373]], [[16.0414155, 47.7123373], [16.0417919, 47.7123746]], [[16.0417919, 47.7123746], [16.0422607, 47.712425]], [[16.0422607, 47.712425], [16.0424695, 47.712596]], [[16.0424695, 47.712596], [16.0425685, 47.7126771]], [[16.0425685, 47.7126771], [16.0428115, 47.7128051]], [[16.0428115, 47.7128051], [16.0430099, 47.7129335]], [[16.0430099, 47.7129335], [16.0431503, 47.7130582]], [[16.0431503, 47.7130582], [16.0432175, 47.7131377]], [[16.0432175, 47.7131377], [16.0432731, 47.7132226]], [[16.0432731, 47.7132226], [16.0434, 47.7134322]], [[16.0434, 47.7134322], [16.0434303, 47.7135932]], [[16.0434303, 47.7135932], [16.0434441, 47.7137586]], [[16.0434441, 47.7137586], [16.0433737, 47.7143779]], [[16.0433737, 47.7143779], [16.0433187, 47.7148179]], [[16.0433187, 47.7148179], [16.0432494, 47.7153873]], [[16.0432494, 47.7153873], [16.043244, 47.7154912]], [[16.043244, 47.7154912], [16.0432731, 47.7156163]], [[16.0432731, 47.7156163], [16.0433111, 47.715699]], [[16.0433111, 47.715699], [16.0434268, 47.7159015]], [[16.0434268, 47.7159015], [16.0440708, 47.7169451]], [[16.0440708, 47.7169451], [16.0441889, 47.7170536]], [[16.0441889, 47.7170536], [16.0443168, 47.7171476]], [[16.0443168, 47.7171476], [16.0445338, 47.7172554]], [[16.0445338, 47.7172554], [16.0447213, 47.7173241]], [[16.0447213, 47.7173241], [16.0449317, 47.7173639]], [[16.0449317, 47.7173639], [16.0460051, 47.7174691]], [[16.0460051, 47.7174691], [16.0462283, 47.7174689]], [[16.0462283, 47.7174689], [16.0464067, 47.7174507]], [[16.0464067, 47.7174507], [16.0464925, 47.7174554]], [[16.0464925, 47.7174554], [16.0467109, 47.7175144]], [[16.0467109, 47.7175144], [16.0468705, 47.7175273]], [[16.0468705, 47.7175273], [16.046956, 47.717529]], [[16.046956, 47.717529], [16.04715, 47.7175323]], [[16.04715, 47.7175323], [16.0474648, 47.7175158]], [[16.0474648, 47.7175158], [16.0478921, 47.7174019]], [[16.0478921, 47.7174019], [16.0485357, 47.7171901]], [[16.0485357, 47.7171901], [16.0490498, 47.7170853]], [[16.0490498, 47.7170853], [16.0492787, 47.7171085]], [[16.0492787, 47.7171085], [16.049698, 47.7171838]], [[16.049698, 47.7171838], [16.0497632, 47.7172218]], [[16.0497632, 47.7172218], [16.0499876, 47.7172887]], [[16.0499876, 47.7172887], [16.0504241, 47.7174028]], [[16.0504241, 47.7174028], [16.0506957, 47.7174572]], [[16.0506957, 47.7174572], [16.0511628, 47.7175026]], [[16.0511628, 47.7175026], [16.0515595, 47.7174881]], [[16.0515595, 47.7174881], [16.0516158, 47.717462]], [[16.0516158, 47.717462], [16.0517679, 47.7174386]], [[16.0517679, 47.7174386], [16.0518904, 47.7174307]], [[16.0518904, 47.7174307], [16.0525265, 47.7174445]], [[16.0525265, 47.7174445], [16.0527424, 47.7174307]], [[16.0527424, 47.7174307], [16.0531858, 47.7173738]], [[16.0531858, 47.7173738], [16.0533842, 47.7173797]], [[16.0533842, 47.7173797], [16.0536264, 47.717419]], [[16.0536264, 47.717419], [16.0540961, 47.7175093]], [[16.0540961, 47.7175093], [16.0548051, 47.7176584]], [[16.0548051, 47.7176584], [16.055259, 47.7177752]], [[16.055259, 47.7177752], [16.0561005, 47.7180667]], [[16.0561005, 47.7180667], [16.0567599, 47.7182493]], [[16.0567599, 47.7182493], [16.0569904, 47.7183141]], [[16.0569904, 47.7183141], [16.0571392, 47.7183396]], [[16.0571392, 47.7183396], [16.0577133, 47.7184243]], [[16.0577133, 47.7184243], [16.0586243, 47.7185143]], [[16.0586243, 47.7185143], [16.0595696, 47.7185791]], [[16.0595696, 47.7185791], [16.0605076, 47.7186151]], [[16.0605076, 47.7186151], [16.0608188, 47.7185988]], [[16.0608188, 47.7185988], [16.0609683, 47.7185772]], [[16.0609683, 47.7185772], [16.0611626, 47.7185261]], [[16.0611626, 47.7185261], [16.061617, 47.7183571]], [[16.061617, 47.7183571], [16.0617462, 47.7183325]], [[16.0617462, 47.7183325], [16.0620033, 47.7183101]], [[16.0620033, 47.7183101], [16.0621896, 47.7183121]], [[16.0621896, 47.7183121], [16.0624085, 47.7183376]], [[16.0624085, 47.7183376], [16.0628398, 47.7184416]], [[16.0628398, 47.7184416], [16.063341, 47.7186158]], [[16.063341, 47.7186158], [16.0639103, 47.7188312]], [[16.0639103, 47.7188312], [16.0640357, 47.718898]], [[16.0640357, 47.718898], [16.0644495, 47.7191185]], [[16.0644495, 47.7191185], [16.0650503, 47.7192744]], [[16.0650503, 47.7192744], [16.0655223, 47.7194072]], [[16.0655223, 47.7194072], [16.0660002, 47.7195967]], [[16.0660002, 47.7195967], [16.0665498, 47.7199856]], [[16.0665498, 47.7199856], [16.0671141, 47.720497]], [[16.0672335, 47.7206097], [16.0671141, 47.720497]], [[16.0675364, 47.7209342], [16.0672335, 47.7206097]], [[16.0682011, 47.7216621], [16.0675364, 47.7209342]], [[16.0683117, 47.7217686], [16.0682011, 47.7216621]], [[16.0683884, 47.7218529], [16.0683117, 47.7217686]], [[16.0686374, 47.7221354], [16.0683884, 47.7218529]], [[16.070041, 47.7235843], [16.0686374, 47.7221354]], [[16.0705291, 47.7240929], [16.070041, 47.7235843]], [[16.0710254, 47.7246369], [16.0705291, 47.7240929]], [[16.0712605, 47.7248934], [16.0710254, 47.7246369]], [[16.0713716, 47.7249996], [16.0712605, 47.7248934]], [[16.0714979, 47.7251203], [16.0713716, 47.7249996]], [[16.0716984, 47.7252809], [16.0714979, 47.7251203]], [[16.0719251, 47.7254131], [16.0716984, 47.7252809]], [[16.0721771, 47.7255659], [16.0719251, 47.7254131]], [[16.0724024, 47.7256774], [16.0721771, 47.7255659]], [[16.0726827, 47.7257946], [16.0724024, 47.7256774]], [[16.0728446, 47.7258515], [16.0726827, 47.7257946]], [[16.0729995, 47.7258978], [16.0728446, 47.7258515]], [[16.0734531, 47.7260162], [16.0729995, 47.7258978]], [[16.0736457, 47.7260555], [16.0734531, 47.7260162]], [[16.0738112, 47.726077], [16.0736457, 47.7260555]], [[16.073813, 47.7261132], [16.0738112, 47.726077]], [[16.0738692, 47.7262433], [16.073813, 47.7261132]], [[16.0738692, 47.7262433], [16.0739019, 47.7263299]], [[16.0739019, 47.7263299], [16.0740227, 47.7266203]], [[16.0740227, 47.7266203], [16.0742371, 47.7272086]], [[16.0742371, 47.7272086], [16.074436, 47.7278002]], [[16.074436, 47.7278002], [16.0744506, 47.7278526]], [[16.0744506, 47.7278526], [16.0744636, 47.7278992]], [[16.0744636, 47.7278992], [16.0746369, 47.7284291]], [[16.0746369, 47.7284291], [16.0752082, 47.7286257]], [[16.0752082, 47.7286257], [16.0753289, 47.7286393]], [[16.0753289, 47.7286393], [16.0757018, 47.7285811]], [[16.0757018, 47.7285811], [16.0759423, 47.7293721]], [[16.0759423, 47.7293721], [16.0759693, 47.7294509]], [[16.0759693, 47.7294509], [16.0763343, 47.7295891]], [[16.0763343, 47.7295891], [16.0764323, 47.7296062]], [[16.0764323, 47.7296062], [16.076563, 47.7295894]], [[16.076563, 47.7295894], [16.076619, 47.7295843]], [[16.076619, 47.7295843], [16.0766546, 47.7295662]], [[16.0766546, 47.7295662], [16.0766819, 47.7295481]], [[16.0766819, 47.7295481], [16.0767637, 47.7294467]], [[16.0767637, 47.7294467], [16.0768425, 47.7294622]], [[16.0768425, 47.7294622], [16.0768942, 47.72947]], [[16.0768942, 47.72947], [16.0769489, 47.7294737]], [[16.0769489, 47.7294737], [16.0769937, 47.7294705]], [[16.0769937, 47.7294705], [16.0770328, 47.7294621]], [[16.0770328, 47.7294621], [16.0788153, 47.7289981]], [[16.0788153, 47.7289981], [16.0798469, 47.7287622]], [[16.0798469, 47.7287622], [16.0798698, 47.7288017]], [[16.0798698, 47.7288017], [16.0803556, 47.7296138]], [[16.0803556, 47.7296138], [16.0804474, 47.7297201]], [[16.0804474, 47.7297201], [16.0805455, 47.7296988]], [[16.0805455, 47.7296988], [16.080942, 47.7296386]], [[16.080942, 47.7296386], [16.0816083, 47.7295169]], [[16.0816083, 47.7295169], [16.0820079, 47.7293959]], [[16.0820079, 47.7293959], [16.0824314, 47.7292959]], [[16.0824314, 47.7292959], [16.0828232, 47.7300811]], [[16.0828979, 47.7300657], [16.0828232, 47.7300811]], [[16.0828979, 47.7300657], [16.0829836, 47.7300495]], [[16.0829836, 47.7300495], [16.0830488, 47.7300603]], [[16.0830488, 47.7300603], [16.0831112, 47.7302299]], [[16.0831112, 47.7302299], [16.083146, 47.7303133]], [[16.083146, 47.7303133], [16.0831927, 47.7304006]], [[16.0831927, 47.7304006], [16.0832912, 47.730576]], [[16.0832912, 47.730576], [16.083381, 47.730736]], [[16.083381, 47.730736], [16.0834434, 47.7308297]], [[16.0834434, 47.7308297], [16.0836487, 47.7311195]], [[16.0836487, 47.7311195], [16.0837196, 47.7312155]], [[16.0837196, 47.7312155], [16.0839623, 47.7315979]], [[16.0839623, 47.7315979], [16.0841228, 47.7318822]], [[16.0841228, 47.7318822], [16.0841894, 47.7320018]], [[16.0841894, 47.7320018], [16.084291, 47.7321864]], [[16.084291, 47.7321864], [16.0843313, 47.7322116]], [[16.0843313, 47.7322116], [16.0843888, 47.7323249]], [[16.0843888, 47.7323249], [16.084741, 47.7322703]], [[16.084741, 47.7322703], [16.0848208, 47.7322096]], [[16.0848208, 47.7322096], [16.0848103, 47.7321088]], [[16.0848103, 47.7321088], [16.084789, 47.7319851]], [[16.084789, 47.7319851], [16.0850725, 47.731914]], [[16.0850725, 47.731914], [16.0852915, 47.7319173]], [[16.0852915, 47.7319173], [16.0859876, 47.7320969]], [[16.0859876, 47.7320969], [16.0868498, 47.7324295]], [[16.0868498, 47.7324295], [16.0870401, 47.7323678]], [[16.0870401, 47.7323678], [16.0872968, 47.7323734]], [[16.0872968, 47.7323734], [16.0874788, 47.7324011]], [[16.0874788, 47.7324011], [16.0883587, 47.7326445]], [[16.0883587, 47.7326445], [16.0892505, 47.7329162]], [[16.0892505, 47.7329162], [16.0899912, 47.7331739]], [[16.0899912, 47.7331739], [16.0902783, 47.7332812]], [[16.0902783, 47.7332812], [16.0904278, 47.7333785]], [[16.0904278, 47.7333785], [16.0905122, 47.7334218]], [[16.0905122, 47.7334218], [16.0908008, 47.7335302]], [[16.0908008, 47.7335302], [16.0916207, 47.7338495]], [[16.0916207, 47.7338495], [16.0917369, 47.7338476]], [[16.0917369, 47.7338476], [16.092708, 47.7342612]], [[16.092708, 47.7342612], [16.0936796, 47.7347082]], [[16.0936796, 47.7347082], [16.0943565, 47.7350357]], [[16.0943565, 47.7350357], [16.0953778, 47.7355197]], [[16.0953778, 47.7355197], [16.0956395, 47.7356437]], [[16.0956395, 47.7356437], [16.0958147, 47.7357192]], [[16.0958147, 47.7357192], [16.0959423, 47.7357758]], [[16.0959423, 47.7357758], [16.0982686, 47.7369342]], [[16.0982686, 47.7369342], [16.0983329, 47.7369892]], [[16.0983329, 47.7369892], [16.0983406, 47.737049]], [[16.0983406, 47.737049], [16.0984388, 47.7370614]], [[16.0984388, 47.7370614], [16.0985407, 47.7370902]], [[16.0985407, 47.7370902], [16.0995095, 47.7375603]], [[16.0995095, 47.7375603], [16.1002533, 47.7379326]], [[16.1002533, 47.7379326], [16.1021617, 47.7388832]], [[16.1021617, 47.7388832], [16.1035477, 47.7395681]], [[16.1035477, 47.7395681], [16.1039132, 47.7397491]], [[16.1039132, 47.7397491], [16.1041251, 47.7398861]], [[16.1041251, 47.7398861], [16.1050411, 47.7403181]], [[16.1050411, 47.7403181], [16.1085159, 47.7420524]], [[16.1085159, 47.7420524], [16.1110206, 47.7433247]], [[16.1110206, 47.7433247], [16.1120447, 47.7438221]], [[16.1120447, 47.7438221], [16.1131281, 47.7443548]], [[16.1131281, 47.7443548], [16.1135423, 47.7445625]], [[16.1135423, 47.7445625], [16.1138806, 47.7447384]], [[16.1138806, 47.7447384], [16.1148233, 47.745199]], [[16.1148233, 47.745199], [16.1178295, 47.7467148]], [[16.1178295, 47.7467148], [16.1287452, 47.7521611]], [[16.1287452, 47.7521611], [16.1316936, 47.7536364]], [[16.1316936, 47.7536364], [16.1323343, 47.7539376]], [[16.1323343, 47.7539376], [16.1332962, 47.7544223]], [[16.1332962, 47.7544223], [16.1350601, 47.7553136]], [[16.1350601, 47.7553136], [16.1354017, 47.7554852]], [[16.1354017, 47.7554852], [16.1357181, 47.7556427]], [[16.1357181, 47.7556427], [16.1360233, 47.7557868]], [[16.1360233, 47.7557868], [16.1383784, 47.7569452]], [[16.1383784, 47.7569452], [16.1397367, 47.7576244]], [[16.1397367, 47.7576244], [16.1403286, 47.7579254]], [[16.1412648, 47.7583964], [16.1403286, 47.7579254]], [[16.1405319, 47.7589416], [16.1412648, 47.7583964]], [[16.1416817, 47.7599015], [16.1405319, 47.7589416]], [[16.1422418, 47.7603063], [16.1416817, 47.7599015]], [[16.1431919, 47.7609324], [16.1422418, 47.7603063]], [[16.1439525, 47.7616121], [16.1431919, 47.7609324]], [[16.1439525, 47.7616121], [16.1440049, 47.7615587]], [[16.1440049, 47.7615587], [16.144129, 47.7614759]], [[16.144129, 47.7614759], [16.1444866, 47.7612801]], [[16.1444866, 47.7612801], [16.1445483, 47.7613275]], [[16.1453592, 47.760863], [16.1445483, 47.7613275]], [[16.1456487, 47.7606993], [16.1453592, 47.760863]], [[16.1457981, 47.7606217], [16.1456487, 47.7606993]], [[16.1459793, 47.7605373], [16.1457981, 47.7606217]], [[16.1462023, 47.7604378], [16.1459793, 47.7605373]], [[16.1470442, 47.7600869], [16.1462023, 47.7604378]], [[16.14768, 47.7598166], [16.1470442, 47.7600869]], [[16.14768, 47.7598166], [16.1475677, 47.7597078]], [[16.1475677, 47.7597078], [16.1474517, 47.759672]], [[16.1474517, 47.759672], [16.1473287, 47.7597006]], [[16.1473287, 47.7597006], [16.1471793, 47.7598389]], [[16.1471793, 47.7598389], [16.1470465, 47.7599236]], [[16.1470465, 47.7599236], [16.1461128, 47.7604049]], [[16.1461128, 47.7604049], [16.1460702, 47.7604608]], [[16.1461643, 47.7605529], [16.1460702, 47.7604608]], [[16.1463542, 47.7606386], [16.1461643, 47.7605529]], [[16.1463542, 47.7606386], [16.1464415, 47.7606736]], [[16.1464415, 47.7606736], [16.1465546, 47.7607108]], [[16.1465996, 47.7607624], [16.1465546, 47.7607108]], [[16.1466832, 47.7608295], [16.1465996, 47.7607624]], [[16.146791, 47.7608851], [16.1466832, 47.7608295]], [[16.1469869, 47.7609771], [16.146791, 47.7608851]], [[16.1522691, 47.7636163], [16.1469869, 47.7609771]], [[16.1540343, 47.7645265], [16.1522691, 47.7636163]], [[16.1578175, 47.7663964], [16.1540343, 47.7645265]], [[16.1581888, 47.766582], [16.1578175, 47.7663964]], [[16.158708, 47.7668493], [16.1581888, 47.766582]], [[16.1587991, 47.7669182], [16.158708, 47.7668493]], [[16.1620054, 47.7685166], [16.1587991, 47.7669182]], [[16.1643333, 47.7696841], [16.1620054, 47.7685166]], [[16.1648684, 47.7699523], [16.1643333, 47.7696841]], [[16.1671627, 47.7710768], [16.1648684, 47.7699523]], [[16.1699358, 47.7724648], [16.1671627, 47.7710768]], [[16.1710839, 47.7730454], [16.1699358, 47.7724648]], [[16.1761741, 47.7755646], [16.1710839, 47.7730454]], [[16.1768832, 47.7759156], [16.1761741, 47.7755646]], [[16.1774264, 47.7761819], [16.1768832, 47.7759156]], [[16.1779576, 47.776422], [16.1774264, 47.7761819]], [[16.1808596, 47.7779109], [16.1779576, 47.776422]], [[16.1825758, 47.7787362], [16.1808596, 47.7779109]], [[16.1837813, 47.7793018], [16.1825758, 47.7787362]], [[16.1841042, 47.7794295], [16.1837813, 47.7793018]], [[16.1850943, 47.779654], [16.1841042, 47.7794295]], [[16.1857261, 47.7799047], [16.1850943, 47.779654]], [[16.1865064, 47.780276], [16.1857261, 47.7799047]], [[16.1872944, 47.7806801], [16.1865064, 47.780276]], [[16.1879179, 47.7808606], [16.1872944, 47.7806801]], [[16.1883572, 47.7810321], [16.1879179, 47.7808606]], [[16.1896234, 47.7815749], [16.1883572, 47.7810321]], [[16.1890024, 47.782144], [16.1896234, 47.7815749]], [[16.1890024, 47.782144], [16.1889081, 47.7822267]], [[16.1889081, 47.7822267], [16.1902163, 47.7828309]], [[16.1902163, 47.7828309], [16.1914722, 47.7834518]], [[16.1914722, 47.7834518], [16.1930537, 47.7842114]], [[16.1930537, 47.7842114], [16.1946547, 47.7850194]], [[16.1946547, 47.7850194], [16.1958298, 47.7856027]], [[16.1958298, 47.7856027], [16.1987694, 47.7870924]], [[16.1987694, 47.7870924], [16.2027491, 47.7890759]], [[16.2027491, 47.7890759], [16.2054495, 47.7904925]], [[16.2054495, 47.7904925], [16.2142089, 47.7951002]], [[16.2143113, 47.7952337], [16.2142089, 47.7951002]], [[16.21464, 47.7955512], [16.2143113, 47.7952337]], [[16.215092, 47.7960805], [16.21464, 47.7955512]], [[16.2163541, 47.7974407], [16.215092, 47.7960805]], [[16.2165484, 47.7976779], [16.2163541, 47.7974407]], [[16.2167049, 47.7978828], [16.2165484, 47.7976779]], [[16.2170758, 47.7983938], [16.2167049, 47.7978828]], [[16.2173085, 47.7986091], [16.2170758, 47.7983938]], [[16.2188564, 47.7996774], [16.2173085, 47.7986091]], [[16.2190487, 47.7997987], [16.2188564, 47.7996774]], [[16.2191045, 47.7998339], [16.2190487, 47.7997987]], [[16.2195577, 47.800144], [16.2191045, 47.7998339]], [[16.2195952, 47.8001929], [16.2195577, 47.800144]], [[16.2203547, 47.8007197], [16.2195952, 47.8001929]], [[16.2209528, 47.801122], [16.2203547, 47.8007197]], [[16.2211828, 47.8012811], [16.2209528, 47.801122]], [[16.2213358, 47.8013535], [16.2211828, 47.8012811]], [[16.2216064, 47.8015103], [16.2213358, 47.8013535]], [[16.2219604, 47.8017325], [16.2216064, 47.8015103]], [[16.2231068, 47.8024185], [16.2219604, 47.8017325]], [[16.223326, 47.8025574], [16.2231068, 47.8024185]], [[16.2237568, 47.8028304], [16.223326, 47.8025574]], [[16.224711, 47.8036791], [16.2237568, 47.8028304]], [[16.2261622, 47.8049117], [16.224711, 47.8036791]], [[16.2261865, 47.8049339], [16.2261622, 47.8049117]], [[16.2268662, 47.805528], [16.2261865, 47.8049339]], [[16.2269826, 47.8056302], [16.2268662, 47.805528]], [[16.2273315, 47.8058571], [16.2269826, 47.8056302]], [[16.2275076, 47.8059716], [16.2273315, 47.8058571]], [[16.228034, 47.8063129], [16.2275076, 47.8059716]], [[16.2281144, 47.8063805], [16.228034, 47.8063129]], [[16.2281584, 47.8064258], [16.2281144, 47.8063805]], [[16.228171, 47.8064389], [16.2281584, 47.8064258]], [[16.2282425, 47.8064983], [16.228171, 47.8064389]], [[16.2283294, 47.8065515], [16.2282425, 47.8064983]], [[16.2284315, 47.806594], [16.2283294, 47.8065515]], [[16.2285268, 47.8066226], [16.2284315, 47.806594]], [[16.2286895, 47.8066732], [16.2285268, 47.8066226]], [[16.2288391, 47.8067482], [16.2286895, 47.8066732]], [[16.2289485, 47.806826], [16.2288391, 47.8067482]], [[16.2295463, 47.8071433], [16.2289485, 47.806826]], [[16.2297442, 47.8072517], [16.2295463, 47.8071433]], [[16.2298854, 47.8073357], [16.2297442, 47.8072517]], [[16.2300011, 47.807442], [16.2298854, 47.8073357]], [[16.2300955, 47.8075944], [16.2300011, 47.807442]], [[16.2301225, 47.8076435], [16.2300955, 47.8075944]], [[16.2302419, 47.8078609], [16.2301225, 47.8076435]], [[16.2304034, 47.808218], [16.2302419, 47.8078609]], [[16.2304064, 47.8082246], [16.2304034, 47.808218]], [[16.2305577, 47.8085831], [16.2304064, 47.8082246]], [[16.2306299, 47.8087153], [16.2305577, 47.8085831]], [[16.2306573, 47.8087579], [16.2306299, 47.8087153]], [[16.2307424, 47.8090302], [16.2306573, 47.8087579]], [[16.2307652, 47.809124], [16.2307424, 47.8090302]], [[16.2308334, 47.8093753], [16.2307652, 47.809124]], [[16.2308776, 47.8095128], [16.2308334, 47.8093753]], [[16.2309555, 47.8097378], [16.2308776, 47.8095128]], [[16.2310162, 47.8099511], [16.2309555, 47.8097378]], [[16.2310162, 47.8099511], [16.2311151, 47.8099888]], [[16.2311151, 47.8099888], [16.2311962, 47.8102539]], [[16.2311962, 47.8102539], [16.2312101, 47.8102995]], [[16.2312101, 47.8102995], [16.2312189, 47.8103297]], [[16.2312189, 47.8103297], [16.2314, 47.8109547]], [[16.2314, 47.8109547], [16.2314282, 47.8110385]], [[16.2314282, 47.8110385], [16.2315484, 47.8116617]], [[16.2315484, 47.8116617], [16.2314989, 47.8117377]], [[16.231583, 47.8119728], [16.2314989, 47.8117377]], [[16.2316219, 47.8120815], [16.231583, 47.8119728]], [[16.2317252, 47.8122368], [16.2316219, 47.8120815]], [[16.2319196, 47.812529], [16.2317252, 47.8122368]], [[16.2319196, 47.812529], [16.231982, 47.8125826]], [[16.231982, 47.8125826], [16.2320774, 47.8126647]], [[16.2320418, 47.812671], [16.2320774, 47.8126647]], [[16.2320147, 47.8126854], [16.2320418, 47.812671]], [[16.2319931, 47.8127098], [16.2320147, 47.8126854]], [[16.2319846, 47.8127267], [16.2319931, 47.8127098]], [[16.2319824, 47.8127447], [16.2319846, 47.8127267]], [[16.2319865, 47.8127736], [16.2319824, 47.8127447]], [[16.2319986, 47.8127945], [16.2319865, 47.8127736]], [[16.2320287, 47.8128143], [16.2319986, 47.8127945]], [[16.232072, 47.8128277], [16.2320287, 47.8128143]], [[16.2320747, 47.8129195], [16.232072, 47.8128277]], [[16.2323017, 47.8136843], [16.2320747, 47.8129195]], [[16.2323609, 47.8138107], [16.2323017, 47.8136843]], [[16.2324701, 47.8139651], [16.2323609, 47.8138107]], [[16.2325214, 47.8140375], [16.2324701, 47.8139651]], [[16.2325658, 47.8140868], [16.2325214, 47.8140375]], [[16.2331366, 47.8146984], [16.2325658, 47.8140868]], [[16.2337124, 47.815191], [16.2331366, 47.8146984]], [[16.2337778, 47.8152454], [16.2337124, 47.815191]], [[16.2338748, 47.8153295], [16.2337778, 47.8152454]], [[16.23402, 47.8154664], [16.2338748, 47.8153295]], [[16.234198, 47.8156721], [16.23402, 47.8154664]], [[16.2342777, 47.815798], [16.234198, 47.8156721]], [[16.2343589, 47.815964], [16.2342777, 47.815798]], [[16.2344204, 47.8161335], [16.2343589, 47.815964]], [[16.234505, 47.8165788], [16.2344204, 47.8161335]], [[16.234515, 47.8166374], [16.234505, 47.8165788]], [[16.2345296, 47.8167097], [16.234515, 47.8166374]], [[16.2346106, 47.8167031], [16.2345296, 47.8167097]], [[16.2346405, 47.8168387], [16.2346106, 47.8167031]], [[16.2351344, 47.8190228], [16.2346405, 47.8168387]], [[16.2351575, 47.8191249], [16.2351344, 47.8190228]], [[16.2351918, 47.8192673], [16.2351575, 47.8191249]], [[16.2352051, 47.8193063], [16.2351918, 47.8192673]], [[16.2352051, 47.8193063], [16.2351261, 47.8193135]], [[16.2352341, 47.8197091], [16.2351261, 47.8193135]], [[16.2352597, 47.819976], [16.2352341, 47.8197091]], [[16.2352503, 47.8202446], [16.2352597, 47.819976]], [[16.2352161, 47.8204917], [16.2352503, 47.8202446]], [[16.2351571, 47.8207521], [16.2352161, 47.8204917]], [[16.2351404, 47.8208242], [16.2351571, 47.8207521]], [[16.2351221, 47.8208881], [16.2351404, 47.8208242]], [[16.2350442, 47.8210894], [16.2351221, 47.8208881]], [[16.2348292, 47.8214975], [16.2350442, 47.8210894]], [[16.2347986, 47.821555], [16.2348292, 47.8214975]], [[16.234755, 47.821554], [16.2347986, 47.821555]], [[16.2347141, 47.8215619], [16.234755, 47.821554]], [[16.2346798, 47.821577], [16.2347141, 47.8215619]], [[16.2346544, 47.8215974], [16.2346798, 47.821577]], [[16.2346375, 47.8216249], [16.2346544, 47.8215974]], [[16.2346339, 47.8216487], [16.2346375, 47.8216249]], [[16.2346399, 47.8216734], [16.2346339, 47.8216487]], [[16.2346609, 47.8217014], [16.2346399, 47.8216734]], [[16.2346923, 47.8217221], [16.2346609, 47.8217014]], [[16.2347379, 47.8217362], [16.2346923, 47.8217221]], [[16.2347379, 47.8217362], [16.2347096, 47.8217907]], [[16.2347096, 47.8217907], [16.2345892, 47.8220228]], [[16.2345892, 47.8220228], [16.2338754, 47.8233986]], [[16.2338754, 47.8233986], [16.2338083, 47.8235138]], [[16.2338083, 47.8235138], [16.233779, 47.8235771]], [[16.233779, 47.8235771], [16.233702, 47.8237243]], [[16.233702, 47.8237243], [16.2330852, 47.8249036]], [[16.2330852, 47.8249036], [16.2329698, 47.825108]], [[16.2329698, 47.825108], [16.2328419, 47.8253308]], [[16.2328419, 47.8253308], [16.2327192, 47.8254539]], [[16.2328209, 47.8255194], [16.2327192, 47.8254539]], [[16.2328802, 47.8256157], [16.2328209, 47.8255194]], [[16.233091, 47.8266855], [16.2328802, 47.8256157]], [[16.233091, 47.8266855], [16.2336614, 47.8266366]], [[16.2336614, 47.8266366], [16.2345499, 47.8269675]], [[16.2345499, 47.8269675], [16.2357189, 47.8273686]], [[16.2357189, 47.8273686], [16.236761, 47.8276866]], [[16.236761, 47.8276866], [16.2367759, 47.8277564]], [[16.2367759, 47.8277564], [16.2369249, 47.8284551]], [[16.2369249, 47.8284551], [16.2370353, 47.8289212]], [[16.2370353, 47.8289212], [16.2371416, 47.8293698]], [[16.2371416, 47.8293698], [16.2372475, 47.829808]], [[16.2372475, 47.829808], [16.2372822, 47.8299227]], [[16.2372822, 47.8299227], [16.2373155, 47.8300311]], [[16.2373155, 47.8300311], [16.2377256, 47.8318852]], [[16.2377256, 47.8318852], [16.2377838, 47.832125]], [[16.2377838, 47.832125], [16.2379088, 47.8326402]], [[16.2379088, 47.8326402], [16.2379555, 47.8328487]], [[16.2379555, 47.8328487], [16.238012, 47.8329431]], [[16.238012, 47.8329431], [16.2380991, 47.8330427]], [[16.2380991, 47.8330427], [16.23814, 47.8331305]], [[16.23814, 47.8331305], [16.2381517, 47.8332289]], [[16.2381517, 47.8332289], [16.238187, 47.8336717]], [[16.238187, 47.8336717], [16.2382084, 47.8337888]], [[16.2382084, 47.8337888], [16.2381842, 47.8339004]], [[16.2381842, 47.8339004], [16.2381874, 47.8339427]], [[16.2381874, 47.8339427], [16.2381906, 47.8339838]], [[16.2381906, 47.8339838], [16.2382254, 47.8340015]], [[16.2382254, 47.8340015], [16.2382502, 47.8340206]], [[16.2382502, 47.8340206], [16.2383748, 47.8340319]], [[16.2383748, 47.8340319], [16.2385442, 47.8340247]], [[16.2385442, 47.8340247], [16.2388353, 47.8339879]], [[16.2388353, 47.8339879], [16.2390315, 47.8339785]], [[16.2390315, 47.8339785], [16.2406549, 47.8339538]], [[16.2406549, 47.8339538], [16.2410434, 47.8339393]], [[16.2410434, 47.8339393], [16.2411879, 47.8339226]], [[16.2411879, 47.8339226], [16.2413348, 47.8338916]], [[16.2413348, 47.8338916], [16.2414565, 47.8338569]], [[16.2414565, 47.8338569], [16.2416351, 47.8337687]], [[16.2416351, 47.8337687], [16.2417375, 47.8336885]], [[16.2417375, 47.8336885], [16.2419481, 47.8335174]], [[16.2419481, 47.8335174], [16.2420842, 47.8334406]], [[16.2420842, 47.8334406], [16.2422491, 47.8333743]], [[16.2422491, 47.8333743], [16.2424783, 47.8333204]], [[16.2424783, 47.8333204], [16.2426434, 47.8332999]], [[16.2426434, 47.8332999], [16.2428677, 47.8332903]], [[16.2428677, 47.8332903], [16.243191, 47.8332765]], [[16.243191, 47.8332765], [16.2435706, 47.8332589]], [[16.2435706, 47.8332589], [16.2436465, 47.8332553]], [[16.2436465, 47.8332553], [16.2443228, 47.8332133]], [[16.2443228, 47.8332133], [16.2444219, 47.8332071]], [[16.244548, 47.8343726], [16.2444219, 47.8332071]], [[16.2446155, 47.8350129], [16.244548, 47.8343726]], [[16.2446629, 47.8354274], [16.2446155, 47.8350129]], [[16.2447345, 47.8360539], [16.2446629, 47.8354274]], [[16.2448336, 47.8369135], [16.2447345, 47.8360539]], [[16.244986, 47.8382365], [16.2448336, 47.8369135]], [[16.2449923, 47.8382896], [16.244986, 47.8382365]], [[16.2451016, 47.8392361], [16.2449923, 47.8382896]], [[16.2451537, 47.8396868], [16.2451016, 47.8392361]], [[16.245194, 47.840036], [16.2451537, 47.8396868]], [[16.2452307, 47.8403538], [16.245194, 47.840036]], [[16.2453557, 47.8414358], [16.2452307, 47.8403538]], [[16.2454236, 47.8420231], [16.2453557, 47.8414358]], [[16.2455912, 47.843474], [16.2454236, 47.8420231]], [[16.2456042, 47.8436051], [16.2455912, 47.843474]], [[16.2456167, 47.8437311], [16.2456042, 47.8436051]], [[16.245628, 47.8438383], [16.2456167, 47.8437311]], [[16.2456949, 47.8444713], [16.245628, 47.8438383]], [[16.2457684, 47.8444689], [16.2456949, 47.8444713]], [[16.2457906, 47.8444803], [16.2457684, 47.8444689]], [[16.2458067, 47.8445107], [16.2457906, 47.8444803]], [[16.2458174, 47.8445636], [16.2458067, 47.8445107]], [[16.2458138, 47.8446043], [16.2458174, 47.8445636]], [[16.2457943, 47.8446547], [16.2458138, 47.8446043]], [[16.2457922, 47.8446762], [16.2457943, 47.8446547]], [[16.2458492, 47.845107], [16.2457922, 47.8446762]], [[16.2458492, 47.845107], [16.245856, 47.8451489]], [[16.245856, 47.8451489], [16.2458654, 47.8452062]], [[16.2458654, 47.8452062], [16.2458669, 47.8452644]], [[16.2458669, 47.8452644], [16.2458682, 47.8453158]], [[16.2458682, 47.8453158], [16.2459194, 47.8455725]], [[16.2459194, 47.8455725], [16.2459214, 47.8457285]], [[16.2459214, 47.8457285], [16.2458943, 47.8457802]], [[16.2458943, 47.8457802], [16.2457778, 47.8458779]], [[16.2457778, 47.8458779], [16.2457199, 47.8459001]], [[16.2457199, 47.8459001], [16.2456629, 47.8459074]], [[16.2456629, 47.8459074], [16.2456699, 47.8459495]], [[16.2456699, 47.8459495], [16.2456861, 47.8460474]], [[16.2456861, 47.8460474], [16.2456914, 47.8460793]], [[16.2457513, 47.8460811], [16.2456914, 47.8460793]], [[16.2458158, 47.8460999], [16.2457513, 47.8460811]], [[16.2459559, 47.8461844], [16.2458158, 47.8460999]], [[16.2459841, 47.8462177], [16.2459559, 47.8461844]], [[16.2460517, 47.8464395], [16.2459841, 47.8462177]], [[16.246067, 47.8465151], [16.2460517, 47.8464395]], [[16.2460649, 47.8466253], [16.246067, 47.8465151]], [[16.246081, 47.8467583], [16.2460649, 47.8466253]], [[16.2461179, 47.8470644], [16.246081, 47.8467583]], [[16.2461179, 47.8470644], [16.2462141, 47.8470503]], [[16.2462483, 47.8473028], [16.2462141, 47.8470503]], [[16.2462986, 47.8477271], [16.2462483, 47.8473028]], [[16.2463765, 47.8484139], [16.2462986, 47.8477271]], [[16.2463893, 47.8485266], [16.2463765, 47.8484139]], [[16.2464169, 47.8487693], [16.2463893, 47.8485266]], [[16.2464525, 47.8490832], [16.2464169, 47.8487693]], [[16.2465173, 47.8496543], [16.2464525, 47.8490832]], [[16.2465329, 47.8497919], [16.2465173, 47.8496543]], [[16.246543, 47.8498814], [16.2465329, 47.8497919]], [[16.2465504, 47.8499466], [16.246543, 47.8498814]], [[16.2465553, 47.8499894], [16.2465504, 47.8499466]], [[16.2465936, 47.8503283], [16.2465553, 47.8499894]], [[16.2466133, 47.8505005], [16.2465936, 47.8503283]], [[16.2466409, 47.850744], [16.2466133, 47.8505005]], [[16.2466852, 47.8511033], [16.2466409, 47.850744]], [[16.2467208, 47.8513669], [16.2466852, 47.8511033]], [[16.2467515, 47.8516793], [16.2467208, 47.8513669]], [[16.2467739, 47.8518685], [16.2467515, 47.8516793]], [[16.2467817, 47.8519429], [16.2467739, 47.8518685]], [[16.2467877, 47.8519954], [16.2467817, 47.8519429]], [[16.2468137, 47.8522221], [16.2467877, 47.8519954]], [[16.2469107, 47.8530691], [16.2468137, 47.8522221]], [[16.2469892, 47.8537551], [16.2469107, 47.8530691]], [[16.2470104, 47.8539251], [16.2469892, 47.8537551]], [[16.2470475, 47.8542233], [16.2470104, 47.8539251]], [[16.2470773, 47.8544623], [16.2470475, 47.8542233]], [[16.2470856, 47.8545393], [16.2470773, 47.8544623]], [[16.2471133, 47.8547845], [16.2470856, 47.8545393]], [[16.2471293, 47.8549261], [16.2471133, 47.8547845]], [[16.2471293, 47.8549261], [16.2469955, 47.8549376]], [[16.2471327, 47.8560877], [16.2469955, 47.8549376]], [[16.2471404, 47.8561518], [16.2471327, 47.8560877]], [[16.2471648, 47.8563123], [16.2471404, 47.8561518]], [[16.2472555, 47.8570207], [16.2471648, 47.8563123]], [[16.2472666, 47.8570663], [16.2472555, 47.8570207]], [[16.2472781, 47.8571069], [16.2472666, 47.8570663]], [[16.2473545, 47.8578714], [16.2472781, 47.8571069]], [[16.2473608, 47.8579344], [16.2473545, 47.8578714]], [[16.2474298, 47.8585433], [16.2473608, 47.8579344]], [[16.2474588, 47.8587312], [16.2474298, 47.8585433]], [[16.2475383, 47.8593557], [16.2474588, 47.8587312]], [[16.2475498, 47.8594458], [16.2475383, 47.8593557]], [[16.2475624, 47.8595448], [16.2475498, 47.8594458]], [[16.2475835, 47.8597398], [16.2475624, 47.8595448]], [[16.2476081, 47.859967], [16.2475835, 47.8597398]], [[16.2476103, 47.8600595], [16.2476081, 47.859967]], [[16.2476284, 47.8602179], [16.2476103, 47.8600595]], [[16.2476683, 47.8605497], [16.2476284, 47.8602179]], [[16.2476843, 47.8606575], [16.2476683, 47.8605497]], [[16.2477298, 47.8609933], [16.2476843, 47.8606575]], [[16.247739, 47.8610636], [16.2477298, 47.8609933]], [[16.2477942, 47.8614847], [16.247739, 47.8610636]], [[16.2478265, 47.8617302], [16.2477942, 47.8614847]], [[16.2478718, 47.8620857], [16.2478265, 47.8617302]], [[16.2478748, 47.8621204], [16.2478718, 47.8620857]], [[16.2478805, 47.8621872], [16.2478748, 47.8621204]], [[16.247888, 47.8622681], [16.2478805, 47.8621872]], [[16.2478917, 47.8623098], [16.247888, 47.8622681]], [[16.2478975, 47.8623748], [16.2478917, 47.8623098]], [[16.2478798, 47.8624043], [16.2478975, 47.8623748]], [[16.2479066, 47.8626204], [16.2478798, 47.8624043]], [[16.2479292, 47.8628106], [16.2479066, 47.8626204]], [[16.2479769, 47.8632106], [16.2479292, 47.8628106]], [[16.2480215, 47.8635567], [16.2479769, 47.8632106]], [[16.2480842, 47.8640443], [16.2480215, 47.8635567]], [[16.2480817, 47.8640676], [16.2480842, 47.8640443]], [[16.2480767, 47.8641148], [16.2480817, 47.8640676]], [[16.2481477, 47.8646703], [16.2480767, 47.8641148]], [[16.2481746, 47.8649104], [16.2481477, 47.8646703]], [[16.2482852, 47.8657412], [16.2481746, 47.8649104]], [[16.2483985, 47.8666376], [16.2482852, 47.8657412]], [[16.2483818, 47.8666916], [16.2483985, 47.8666376]], [[16.2484038, 47.8668863], [16.2483818, 47.8666916]], [[16.2484099, 47.8669397], [16.2484038, 47.8668863]], [[16.2484099, 47.8669397], [16.2485418, 47.8669405]], [[16.2486613, 47.8669407], [16.2485418, 47.8669405]], [[16.2487966, 47.868077], [16.2486613, 47.8669407]], [[16.2488634, 47.8686536], [16.2487966, 47.868077]], [[16.2488897, 47.8688784], [16.2488634, 47.8686536]], [[16.2489224, 47.8691579], [16.2488897, 47.8688784]], [[16.2489272, 47.869199], [16.2489224, 47.8691579]], [[16.2489634, 47.8695084], [16.2489272, 47.869199]], [[16.249105, 47.8707194], [16.2489634, 47.8695084]], [[16.2491115, 47.8708608], [16.249105, 47.8707194]], [[16.2491144, 47.8709138], [16.2491115, 47.8708608]], [[16.2499515, 47.8709055], [16.2491144, 47.8709138]], [[16.2500556, 47.8709287], [16.2499515, 47.8709055]], [[16.2502267, 47.870905], [16.2500556, 47.8709287]], [[16.250277, 47.8709049], [16.2502267, 47.870905]], [[16.2503621, 47.8709556], [16.250277, 47.8709049]], [[16.2503893, 47.8711422], [16.2503621, 47.8709556]], [[16.2504725, 47.8712411], [16.2503893, 47.8711422]], [[16.2505377, 47.871272], [16.2504725, 47.8712411]], [[16.2508177, 47.8712632], [16.2505377, 47.871272]], [[16.2513495, 47.8712321], [16.2508177, 47.8712632]], [[16.2513495, 47.8712321], [16.2513733, 47.8713772]], [[16.2513733, 47.8713772], [16.2514558, 47.8720363]], [[16.2514558, 47.8720363], [16.2515849, 47.8731143]], [[16.2515849, 47.8731143], [16.2515933, 47.8731837]], [[16.2516068, 47.8732551], [16.2515933, 47.8731837]], [[16.2516526, 47.8735967], [16.2516068, 47.8732551]], [[16.2517369, 47.8742134], [16.2516526, 47.8735967]], [[16.2517718, 47.8744877], [16.2517369, 47.8742134]], [[16.2518033, 47.8747696], [16.2517718, 47.8744877]], [[16.2518093, 47.874823], [16.2518033, 47.8747696]], [[16.2518159, 47.8748714], [16.2518093, 47.874823]], [[16.2518923, 47.8754355], [16.2518159, 47.8748714]], [[16.25197, 47.8760465], [16.2518923, 47.8754355]], [[16.2520435, 47.8766242], [16.25197, 47.8760465]], [[16.2520484, 47.8766628], [16.2520435, 47.8766242]], [[16.2520553, 47.8767168], [16.2520484, 47.8766628]], [[16.2521264, 47.877276], [16.2520553, 47.8767168]], [[16.252205, 47.8778944], [16.2521264, 47.877276]], [[16.2522823, 47.8785022], [16.252205, 47.8778944]], [[16.2523328, 47.8789013], [16.2522823, 47.8785022]], [[16.2515081, 47.8789554], [16.2523328, 47.8789013]], [[16.2514139, 47.8789731], [16.2515081, 47.8789554]], [[16.251388, 47.8790233], [16.2514139, 47.8789731]], [[16.2514069, 47.879177], [16.251388, 47.8790233]], [[16.2514238, 47.8792949], [16.2514069, 47.879177]], [[16.2514369, 47.8794202], [16.2514238, 47.8792949]], [[16.2514675, 47.8796679], [16.2514369, 47.8794202]], [[16.2514885, 47.8798379], [16.2514675, 47.8796679]], [[16.2515583, 47.8804038], [16.2514885, 47.8798379]], [[16.2515715, 47.8805107], [16.2515583, 47.8804038]], [[16.2516244, 47.8809391], [16.2515715, 47.8805107]], [[16.2516323, 47.8810119], [16.2516244, 47.8809391]], [[16.2517803, 47.882371], [16.2516323, 47.8810119]], [[16.2517874, 47.882452], [16.2517803, 47.882371]], [[16.2518279, 47.8828503], [16.2517874, 47.882452]], [[16.251835, 47.8829177], [16.2518279, 47.8828503]], [[16.2518981, 47.8834575], [16.251835, 47.8829177]], [[16.2519791, 47.8838386], [16.2518981, 47.8834575]], [[16.2519835, 47.8838841], [16.2519791, 47.8838386]], [[16.2520315, 47.8843848], [16.2519835, 47.8838841]], [[16.2521372, 47.8854424], [16.2520315, 47.8843848]], [[16.2521442, 47.8855108], [16.2521372, 47.8854424]], [[16.2521577, 47.8856437], [16.2521442, 47.8855108]], [[16.2521763, 47.8857258], [16.2521577, 47.8856437]], [[16.2522137, 47.8860681], [16.2521763, 47.8857258]], [[16.2522629, 47.8865459], [16.2522137, 47.8860681]], [[16.2522993, 47.8869614], [16.2522629, 47.8865459]], [[16.2523136, 47.887084], [16.2522993, 47.8869614]], [[16.2523441, 47.8873459], [16.2523136, 47.887084]], [[16.2523603, 47.8875148], [16.2523441, 47.8873459]], [[16.2523911, 47.8878699], [16.2523603, 47.8875148]], [[16.2523861, 47.8879232], [16.2523911, 47.8878699]], [[16.2523861, 47.8879312], [16.2523861, 47.8879232]], [[16.252386, 47.8879541], [16.2523861, 47.8879312]], [[16.2523859, 47.8879741], [16.252386, 47.8879541]], [[16.2523934, 47.8880325], [16.2523859, 47.8879741]], [[16.2524026, 47.8881044], [16.2523934, 47.8880325]], [[16.2524078, 47.8881454], [16.2524026, 47.8881044]], [[16.2524262, 47.888289], [16.2524078, 47.8881454]], [[16.2524904, 47.8887909], [16.2524262, 47.888289]], [[16.2525221, 47.8890365], [16.2524904, 47.8887909]], [[16.252549, 47.8892982], [16.2525221, 47.8890365]], [[16.2525978, 47.8897729], [16.252549, 47.8892982]], [[16.2526052, 47.8898415], [16.2525978, 47.8897729]], [[16.2526355, 47.8901167], [16.2526052, 47.8898415]], [[16.2526532, 47.8901983], [16.2526355, 47.8901167]], [[16.2527801, 47.8911547], [16.2526532, 47.8901983]], [[16.2528503, 47.8917201], [16.2527801, 47.8911547]], [[16.2528571, 47.8917749], [16.2528503, 47.8917201]], [[16.252883, 47.8919761], [16.2528571, 47.8917749]], [[16.2528979, 47.8920916], [16.252883, 47.8919761]], [[16.2529137, 47.8921934], [16.2528979, 47.8920916]], [[16.2530755, 47.8924175], [16.2529137, 47.8921934]], [[16.2533231, 47.8927558], [16.2530755, 47.8924175]], [[16.2535556, 47.8930659], [16.2533231, 47.8927558]], [[16.2535556, 47.8930659], [16.2536998, 47.893019]], [[16.2536998, 47.893019], [16.2537817, 47.8931271]], [[16.2537817, 47.8931271], [16.253812, 47.893167]], [[16.253812, 47.893167], [16.2540576, 47.8934908]], [[16.2540576, 47.8934908], [16.2540963, 47.8935418]], [[16.2540963, 47.8935418], [16.2541289, 47.8935849]], [[16.2541289, 47.8935849], [16.2541567, 47.8936501]], [[16.2541567, 47.8936501], [16.2541784, 47.893701]], [[16.2541784, 47.893701], [16.2542042, 47.8937615]], [[16.2542042, 47.8937615], [16.2542154, 47.893822]], [[16.2542154, 47.893822], [16.2546067, 47.894293]], [[16.2546067, 47.894293], [16.2547157, 47.8944366]], [[16.2547157, 47.8944366], [16.2550267, 47.8948463]], [[16.2550267, 47.8948463], [16.2550972, 47.894943]], [[16.2550972, 47.894943], [16.25527, 47.895085]], [[16.2552443, 47.895257], [16.25527, 47.895085]], [[16.2554766, 47.8956326], [16.2552443, 47.895257]], [[16.2555359, 47.8957319], [16.2554766, 47.8956326]], [[16.2555971, 47.8958308], [16.2555359, 47.8957319]], [[16.2556729, 47.8959534], [16.2555971, 47.8958308]], [[16.2557182, 47.8960267], [16.2556729, 47.8959534]], [[16.2557761, 47.8961201], [16.2557182, 47.8960267]], [[16.2558341, 47.8962139], [16.2557761, 47.8961201]], [[16.2558863, 47.8963009], [16.2558341, 47.8962139]], [[16.2559155, 47.8963486], [16.2558863, 47.8963009]], [[16.2559283, 47.8964133], [16.2559155, 47.8963486]], [[16.2559435, 47.8964911], [16.2559283, 47.8964133]], [[16.255959, 47.8965685], [16.2559435, 47.8964911]], [[16.2560083, 47.8968136], [16.255959, 47.8965685]], [[16.2560348, 47.8969453], [16.2560083, 47.8968136]], [[16.2560661, 47.8971007], [16.2560348, 47.8969453]], [[16.2560868, 47.8972034], [16.2560661, 47.8971007]], [[16.2561103, 47.8973401], [16.2560868, 47.8972034]], [[16.2561348, 47.897367], [16.2561103, 47.8973401]], [[16.2562246, 47.8974124], [16.2561348, 47.897367]], [[16.2562246, 47.8974124], [16.2561486, 47.8975937]], [[16.2561486, 47.8975937], [16.2560722, 47.8978045]], [[16.2560722, 47.8978045], [16.256019, 47.8979585]], [[16.256019, 47.8979585], [16.2559553, 47.8982423]], [[16.2559553, 47.8982423], [16.2559383, 47.8983117]], [[16.2559383, 47.8983117], [16.2558905, 47.898515]], [[16.2558905, 47.898515], [16.2558777, 47.8985643]], [[16.2558777, 47.8985643], [16.2556575, 47.8990422]], [[16.2556575, 47.8990422], [16.2553085, 47.8995772]], [[16.2553085, 47.8995772], [16.2550258, 47.8999314]], [[16.2550258, 47.8999314], [16.2533995, 47.9017755]], [[16.2533995, 47.9017755], [16.2531711, 47.9021017]], [[16.2531711, 47.9021017], [16.2529972, 47.9023876]], [[16.2529972, 47.9023876], [16.2528422, 47.9026969]], [[16.2528422, 47.9026969], [16.2527518, 47.9029245]], [[16.2527518, 47.9029245], [16.2526925, 47.903113]], [[16.2526925, 47.903113], [16.2526245, 47.9033747]], [[16.2526245, 47.9033747], [16.2525999, 47.9035412]], [[16.2525999, 47.9035412], [16.252576, 47.9039195]], [[16.252576, 47.9039195], [16.2525632, 47.9041245]], [[16.2525632, 47.9041245], [16.2525585, 47.9042579]], [[16.2525585, 47.9042579], [16.2525559, 47.904387]], [[16.2525559, 47.904387], [16.2525869, 47.9044374]], [[16.2525869, 47.9044374], [16.2526648, 47.9045642]], [[16.2526648, 47.9045642], [16.2527755, 47.9047444]], [[16.2527755, 47.9047444], [16.2528448, 47.9049134]], [[16.2528448, 47.9049134], [16.2529341, 47.9051309]], [[16.2529341, 47.9051309], [16.2530609, 47.9052982]], [[16.2530609, 47.9052982], [16.2531561, 47.9053844]], [[16.2531561, 47.9053844], [16.253306, 47.905489]], [[16.253306, 47.905489], [16.2535478, 47.9056578]], [[16.2533538, 47.9057531], [16.2535478, 47.9056578]], [[16.253028, 47.9058318], [16.2533538, 47.9057531]], [[16.2525379, 47.9059503], [16.253028, 47.9058318]], [[16.2524138, 47.9059833], [16.2525379, 47.9059503]], [[16.2525075, 47.906163], [16.2524138, 47.9059833]], [[16.252726, 47.9065823], [16.2525075, 47.906163]], [[16.2532032, 47.9074608], [16.252726, 47.9065823]], [[16.2532831, 47.9076249], [16.2532032, 47.9074608]], [[16.2533417, 47.9077403], [16.2532831, 47.9076249]], [[16.2534033, 47.9078554], [16.2533417, 47.9077403]], [[16.2544243, 47.9097192], [16.2534033, 47.9078554]], [[16.2549973, 47.9107828], [16.2544243, 47.9097192]], [[16.2553742, 47.9114714], [16.2549973, 47.9107828]], [[16.2553742, 47.9114714], [16.2558412, 47.912342]], [[16.256497, 47.9135624], [16.2558412, 47.912342]], [[16.2568602, 47.9142365], [16.256497, 47.9135624]], [[16.2569226, 47.914354], [16.2568602, 47.9142365]], [[16.2569333, 47.9143733], [16.2569226, 47.914354]], [[16.2569799, 47.914462], [16.2569333, 47.9143733]], [[16.2568557, 47.9145034], [16.2569799, 47.914462]], [[16.2567485, 47.9145557], [16.2568557, 47.9145034]], [[16.2566395, 47.9146248], [16.2567485, 47.9145557]], [[16.2565541, 47.9146935], [16.2566395, 47.9146248]], [[16.2562413, 47.9149237], [16.2565541, 47.9146935]], [[16.2546743, 47.9162249], [16.2562413, 47.9149237]], [[16.250803, 47.9193856], [16.2546743, 47.9162249]], [[16.2507319, 47.9194582], [16.250803, 47.9193856]], [[16.2506945, 47.9194963], [16.2507319, 47.9194582]], [[16.2506647, 47.9195308], [16.2506945, 47.9194963]], [[16.2506315, 47.919558], [16.2506647, 47.9195308]], [[16.2505231, 47.9196038], [16.2506315, 47.919558]], [[16.2504432, 47.9196582], [16.2505231, 47.9196038]], [[16.2485444, 47.9212173], [16.2504432, 47.9196582]], [[16.2484817, 47.9212687], [16.2485444, 47.9212173]], [[16.2435812, 47.925296], [16.2484817, 47.9212687]], [[16.2407727, 47.9275959], [16.2435812, 47.925296]], [[16.2405124, 47.9278133], [16.2407727, 47.9275959]], [[16.2400509, 47.9281806], [16.2405124, 47.9278133]], [[16.239998, 47.9282227], [16.2400509, 47.9281806]], [[16.2397933, 47.9283938], [16.239998, 47.9282227]], [[16.2397638, 47.9284188], [16.2397933, 47.9283938]], [[16.2395664, 47.92857], [16.2397638, 47.9284188]], [[16.2394217, 47.9286108], [16.2395664, 47.92857]], [[16.2392818, 47.9286312], [16.2394217, 47.9286108]], [[16.2391123, 47.9286285], [16.2392818, 47.9286312]], [[16.2379699, 47.9285603], [16.2391123, 47.9286285]], [[16.2370824, 47.9285309], [16.2379699, 47.9285603]], [[16.2369001, 47.9285551], [16.2370824, 47.9285309]], [[16.2367215, 47.9286079], [16.2369001, 47.9285551]], [[16.2366187, 47.9286619], [16.2367215, 47.9286079]], [[16.2364463, 47.928801], [16.2366187, 47.9286619]], [[16.234571, 47.9307213], [16.2364463, 47.928801]], [[16.23451, 47.9308756], [16.234571, 47.9307213]], [[16.2344681, 47.9311636], [16.23451, 47.9308756]], [[16.2343869, 47.9317902], [16.2344681, 47.9311636]], [[16.2339922, 47.9346289], [16.2343869, 47.9317902]], [[16.2338592, 47.9354823], [16.2339922, 47.9346289]], [[16.2338431, 47.9355117], [16.2338592, 47.9354823]], [[16.2338362, 47.9355331], [16.2338431, 47.9355117]], [[16.233835, 47.9355935], [16.2338362, 47.9355331]], [[16.233784, 47.935919], [16.233835, 47.9355935]], [[16.2337725, 47.9360029], [16.233784, 47.935919]], [[16.2335853, 47.9374387], [16.2337725, 47.9360029]], [[16.2335724, 47.9375192], [16.2335853, 47.9374387]], [[16.2335881, 47.937629], [16.2335724, 47.9375192]], [[16.2335704, 47.9378125], [16.2335881, 47.937629]], [[16.2335066, 47.9379334], [16.2335704, 47.9378125]], [[16.2333971, 47.9388153], [16.2335066, 47.9379334]], [[16.2332926, 47.9398754], [16.2333971, 47.9388153]], [[16.2331258, 47.9411878], [16.2332926, 47.9398754]], [[16.2330409, 47.9414535], [16.2331258, 47.9411878]], [[16.2327448, 47.9434607], [16.2330409, 47.9414535]], [[16.2327479, 47.9435442], [16.2327448, 47.9434607]], [[16.2327422, 47.9435849], [16.2327479, 47.9435442]], [[16.2327363, 47.9436259], [16.2327422, 47.9435849]], [[16.2326749, 47.9440557], [16.2327363, 47.9436259]], [[16.2327263, 47.9442784], [16.2326749, 47.9440557]], [[16.2328822, 47.9446269], [16.2327263, 47.9442784]], [[16.2329428, 47.9447682], [16.2328822, 47.9446269]], [[16.2331623, 47.9449945], [16.2329428, 47.9447682]], [[16.2337754, 47.9460688], [16.2331623, 47.9449945]], [[16.2340273, 47.9465256], [16.2337754, 47.9460688]], [[16.2352982, 47.9486089], [16.2340273, 47.9465256]], [[16.2353149, 47.9486368], [16.2352982, 47.9486089]], [[16.2353411, 47.9486818], [16.2353149, 47.9486368]], [[16.2356834, 47.9492695], [16.2353411, 47.9486818]], [[16.2360849, 47.9499327], [16.2356834, 47.9492695]], [[16.2364044, 47.9504841], [16.2360849, 47.9499327]], [[16.2362109, 47.9505312], [16.2364044, 47.9504841]], [[16.2357898, 47.9506305], [16.2362109, 47.9505312]], [[16.2357898, 47.9506305], [16.2361966, 47.9510245]], [[16.2361966, 47.9510245], [16.2365073, 47.9513645]], [[16.2365073, 47.9513645], [16.2371029, 47.9527133]], [[16.2371029, 47.9527133], [16.2378142, 47.9542093]], [[16.2378142, 47.9542093], [16.2380693, 47.9547762]], [[16.2380693, 47.9547762], [16.2384992, 47.9556168]], [[16.2384992, 47.9556168], [16.2386793, 47.9560829]], [[16.2386793, 47.9560829], [16.2389355, 47.956764]], [[16.2389355, 47.956764], [16.2390437, 47.956979]], [[16.2390437, 47.956979], [16.2391661, 47.9571784]], [[16.2391661, 47.9571784], [16.2392232, 47.9572758]], [[16.2392649, 47.9573605], [16.2392232, 47.9572758]], [[16.2393272, 47.9574739], [16.2392649, 47.9573605]], [[16.2394479, 47.9574533], [16.2393272, 47.9574739]], [[16.2395023, 47.9574426], [16.2394479, 47.9574533]], [[16.2395435, 47.9574341], [16.2395023, 47.9574426]], [[16.2395435, 47.9574341], [16.2396817, 47.9577064]], [[16.2396817, 47.9577064], [16.239754, 47.957826]], [[16.239754, 47.957826], [16.239801, 47.9579183]], [[16.239801, 47.9579183], [16.2399958, 47.9583552]], [[16.2399958, 47.9583552], [16.2402363, 47.9588427]], [[16.2402363, 47.9588427], [16.2402623, 47.9589772]], [[16.2402623, 47.9589772], [16.2404025, 47.9592731]], [[16.2404025, 47.9592731], [16.2404592, 47.9593315]], [[16.2404592, 47.9593315], [16.2417571, 47.9621121]], [[16.2417571, 47.9621121], [16.2420154, 47.9626247]], [[16.2420154, 47.9626247], [16.2428504, 47.9644542]], [[16.2428504, 47.9644542], [16.243166, 47.9651296]], [[16.243166, 47.9651296], [16.2432113, 47.965206]], [[16.2432113, 47.965206], [16.2432517, 47.9652309]], [[16.2432517, 47.9652309], [16.2433168, 47.9652559]], [[16.2433168, 47.9652559], [16.2434106, 47.9652693]], [[16.2434106, 47.9652693], [16.2440634, 47.9651387]], [[16.2440634, 47.9651387], [16.244087, 47.9651397]], [[16.244087, 47.9651397], [16.2441002, 47.9651476]], [[16.2441002, 47.9651476], [16.2441361, 47.9652289]], [[16.2441361, 47.9652289], [16.2441481, 47.9652529]], [[16.2441481, 47.9652529], [16.2435346, 47.9653761]], [[16.2435346, 47.9653761], [16.2434089, 47.9654042]], [[16.2434089, 47.9654042], [16.243387, 47.9654477]], [[16.243387, 47.9654477], [16.2440226, 47.9669215]], [[16.2440226, 47.9669215], [16.2441569, 47.9672427]], [[16.2441569, 47.9672427], [16.2446236, 47.9682765]], [[16.2446236, 47.9682765], [16.2448299, 47.9686701]], [[16.2448299, 47.9686701], [16.2456358, 47.9703957]], [[16.2456358, 47.9703957], [16.2459132, 47.9709845]], [[16.2459132, 47.9709845], [16.2461171, 47.9713499]], [[16.2461171, 47.9713499], [16.2461487, 47.9714568]], [[16.2461487, 47.9714568], [16.2462081, 47.9716254]], [[16.2462081, 47.9716254], [16.2473772, 47.9741964]], [[16.2473772, 47.9741964], [16.2473702, 47.9743644]], [[16.2473702, 47.9743644], [16.2474072, 47.9744451]], [[16.2474072, 47.9744451], [16.2477012, 47.975024]], [[16.2477012, 47.975024], [16.2477356, 47.9751045]], [[16.2477356, 47.9751045], [16.2479225, 47.9752277]], [[16.2479225, 47.9752277], [16.2479189, 47.9752567]], [[16.2479189, 47.9752567], [16.2483855, 47.9767703]], [[16.2483855, 47.9767703], [16.2487668, 47.9782717]], [[16.2487668, 47.9782717], [16.2488202, 47.9784252]], [[16.2488202, 47.9784252], [16.2494797, 47.9808315]], [[16.2494797, 47.9808315], [16.2495655, 47.9811]], [[16.2495655, 47.9811], [16.2496673, 47.9813166]], [[16.2496673, 47.9813166], [16.2497949, 47.9815153]], [[16.2497949, 47.9815153], [16.2499517, 47.9816628]], [[16.2499517, 47.9816628], [16.2500612, 47.981894]], [[16.2500612, 47.981894], [16.2501914, 47.9820974]], [[16.2501914, 47.9820974], [16.2504665, 47.9824107]], [[16.2504665, 47.9824107], [16.2514943, 47.9832863]], [[16.2514943, 47.9832863], [16.253904, 47.9853675]], [[16.253904, 47.9853675], [16.2543592, 47.9857946]], [[16.2543592, 47.9857946], [16.2546743, 47.9862749]], [[16.2546743, 47.9862749], [16.2553441, 47.987296]], [[16.2553441, 47.987296], [16.2562568, 47.9881617]], [[16.2562568, 47.9881617], [16.2566539, 47.9884932]], [[16.2566539, 47.9884932], [16.25666, 47.9885006]], [[16.25666, 47.9885006], [16.2568016, 47.9886724]], [[16.2568016, 47.9886724], [16.2568542, 47.9887943]], [[16.2568542, 47.9887943], [16.2573237, 47.9908231]], [[16.2573237, 47.9908231], [16.2573826, 47.9908962]], [[16.2573826, 47.9908962], [16.2574078, 47.9909319]], [[16.2574078, 47.9909319], [16.2574213, 47.9909899]], [[16.2574213, 47.9909899], [16.2581017, 47.9939075]], [[16.2581017, 47.9939075], [16.2582145, 47.994336]], [[16.2582145, 47.994336], [16.2583567, 47.9944622]], [[16.2583567, 47.9944622], [16.258374, 47.9945164]], [[16.258374, 47.9945164], [16.2584022, 47.9946663]], [[16.2584228, 47.9949833], [16.2584022, 47.9946663]], [[16.2584421, 47.9950814], [16.2584228, 47.9949833]], [[16.2584532, 47.9951392], [16.2584421, 47.9950814]], [[16.2584698, 47.9952652], [16.2584532, 47.9951392]], [[16.2589821, 47.9973459], [16.2584698, 47.9952652]], [[16.2589961, 47.9975146], [16.2589821, 47.9973459]], [[16.2589174, 47.9975935], [16.2589961, 47.9975146]], [[16.2589316, 47.9980851], [16.2589174, 47.9975935]], [[16.2589613, 47.9981446], [16.2589316, 47.9980851]], [[16.2590123, 47.9981973], [16.2589613, 47.9981446]], [[16.2590265, 47.9985669], [16.2590123, 47.9981973]], [[16.2590727, 47.998723], [16.2590265, 47.9985669]], [[16.259203, 47.9989941], [16.2590727, 47.998723]], [[16.2592685, 47.9991064], [16.259203, 47.9989941]], [[16.259275, 47.9991437], [16.2592685, 47.9991064]], [[16.2592673, 47.9991884], [16.259275, 47.9991437]], [[16.2592749, 47.9992235], [16.2592673, 47.9991884]], [[16.2594616, 47.999489], [16.2592749, 47.9992235]], [[16.2595226, 47.9995438], [16.2594616, 47.999489]], [[16.2595834, 47.9995547], [16.2595226, 47.9995438]], [[16.2596601, 47.9995491], [16.2595834, 47.9995547]], [[16.2602963, 47.9999799], [16.2596601, 47.9995491]], [[16.2603518, 48.0000471], [16.2602963, 47.9999799]], [[16.2603503, 48.0001126], [16.2603518, 48.0000471]], [[16.2603503, 48.0001126], [16.2603226, 48.0002926]], [[16.2603226, 48.0002926], [16.2601892, 48.0006426]], [[16.2601892, 48.0006426], [16.2601608, 48.0007171]], [[16.2601608, 48.0007171], [16.2601614, 48.0007537]], [[16.2601614, 48.0007537], [16.2615259, 48.0033012]], [[16.2615259, 48.0033012], [16.2616471, 48.0035276]], [[16.2616471, 48.0035276], [16.2627841, 48.0056502]], [[16.2627841, 48.0056502], [16.2630393, 48.0061239]], [[16.2630393, 48.0061239], [16.2630238, 48.0062279]], [[16.2630238, 48.0062279], [16.2630528, 48.0062824]], [[16.2631273, 48.006445], [16.2630528, 48.0062824]], [[16.2631864, 48.0065119], [16.2631273, 48.006445]], [[16.2641256, 48.0081308], [16.2631864, 48.0065119]], [[16.2641549, 48.0081848], [16.2641256, 48.0081308]], [[16.2641549, 48.0081848], [16.2642175, 48.0082205]], [[16.2642175, 48.0082205], [16.2642475, 48.0082376]], [[16.2642475, 48.0082376], [16.2643838, 48.0082574]], [[16.2643838, 48.0082574], [16.266365, 48.0080805]], [[16.266365, 48.0080805], [16.2667531, 48.0080459]], [[16.2667531, 48.0080459], [16.2668884, 48.0080127]], [[16.2668884, 48.0080127], [16.2669424, 48.0079922]], [[16.2669424, 48.0079922], [16.2669548, 48.0080356]], [[16.2669548, 48.0080356], [16.266958, 48.0080517]], [[16.266958, 48.0080517], [16.2669608, 48.0080659]], [[16.2669608, 48.0080659], [16.266968, 48.0081022]], [[16.266968, 48.0081022], [16.2669705, 48.0081151]], [[16.2669705, 48.0081151], [16.2669729, 48.0081272]], [[16.2669729, 48.0081272], [16.2669779, 48.0081525]], [[16.2669779, 48.0081525], [16.2670324, 48.008928]], [[16.2670324, 48.008928], [16.2670256, 48.0092577]], [[16.2670256, 48.0092577], [16.2669913, 48.0098881]], [[16.2669913, 48.0098881], [16.2669428, 48.0107812]], [[16.2669428, 48.0107812], [16.266932, 48.0109803]], [[16.266932, 48.0109803], [16.2670277, 48.0111008]], [[16.2670277, 48.0111008], [16.2672046, 48.0112596]], [[16.2672046, 48.0112596], [16.2673472, 48.0113263]], [[16.2673472, 48.0113263], [16.2697416, 48.0133573]], [[16.2705674, 48.0140577], [16.2697416, 48.0133573]], [[16.2706911, 48.0141627], [16.2705674, 48.0140577]], [[16.2706911, 48.0141627], [16.2707443, 48.0142148]], [[16.2707443, 48.0142148], [16.2707643, 48.0142539]], [[16.2707643, 48.0142539], [16.2707731, 48.0142882]], [[16.2707731, 48.0142882], [16.270788, 48.0143149]], [[16.270788, 48.0143149], [16.270828, 48.0143477]], [[16.270828, 48.0143477], [16.2710231, 48.0144935]], [[16.2710231, 48.0144935], [16.271069, 48.0145126]], [[16.271069, 48.0145126], [16.2711172, 48.0145163]], [[16.2711172, 48.0145163], [16.2711446, 48.0145263]], [[16.2711446, 48.0145263], [16.2714138, 48.0147816]], [[16.2714138, 48.0147816], [16.2716915, 48.0150236]], [[16.2716915, 48.0150236], [16.2718133, 48.0151653]], [[16.2718133, 48.0151653], [16.271881, 48.0152541]], [[16.271881, 48.0152541], [16.2719204, 48.0153058]], [[16.2719204, 48.0153058], [16.2720724, 48.0155675]], [[16.2720724, 48.0155675], [16.2721851, 48.0156548]], [[16.2721851, 48.0156548], [16.2722877, 48.0158638]], [[16.2722877, 48.0158638], [16.2723363, 48.0159961]], [[16.2723363, 48.0159961], [16.2723898, 48.0161496]], [[16.2723898, 48.0161496], [16.2724384, 48.016201]], [[16.2724384, 48.016201], [16.272554, 48.0164268]], [[16.272554, 48.0164268], [16.2728142, 48.0167473]], [[16.2728142, 48.0167473], [16.2734869, 48.0174684]], [[16.2734869, 48.0174684], [16.273639, 48.0176237]], [[16.273639, 48.0176237], [16.2737364, 48.0177428]], [[16.2737364, 48.0177428], [16.2739392, 48.0179148]], [[16.2739392, 48.0179148], [16.2755429, 48.0195887]], [[16.2755429, 48.0195887], [16.2756733, 48.0197601]], [[16.2756733, 48.0197601], [16.2759242, 48.0200161]], [[16.2759242, 48.0200161], [16.276034, 48.0200838]], [[16.276034, 48.0200838], [16.2768098, 48.0209098]], [[16.2768098, 48.0209098], [16.2768427, 48.021003]], [[16.2768427, 48.021003], [16.277532, 48.0216324]], [[16.277532, 48.0216324], [16.2775618, 48.0216596]], [[16.2775618, 48.0216596], [16.2775855, 48.0216868]], [[16.2775855, 48.0216868], [16.2777124, 48.0218328]], [[16.2777124, 48.0218328], [16.2801057, 48.0243258]], [[16.2801057, 48.0243258], [16.2803665, 48.0245975]], [[16.2803665, 48.0245975], [16.2807359, 48.0249931]], [[16.2807359, 48.0249931], [16.2817636, 48.0260737]], [[16.2817636, 48.0260737], [16.2821579, 48.0264809]], [[16.2821579, 48.0264809], [16.2822562, 48.0265768]], [[16.2822562, 48.0265768], [16.283953, 48.0283531]], [[16.283953, 48.0283531], [16.2848972, 48.0293627]], [[16.2848972, 48.0293627], [16.2849469, 48.0293738]], [[16.2849469, 48.0293738], [16.2850531, 48.029365]], [[16.2850531, 48.029365], [16.2851067, 48.0293763]], [[16.2851067, 48.0293763], [16.2852236, 48.0294459]], [[16.2852236, 48.0294459], [16.2851228, 48.0295122]], [[16.2851228, 48.0295122], [16.2850659, 48.0295427]], [[16.2850659, 48.0295427], [16.2849662, 48.0295962]], [[16.2849662, 48.0295962], [16.2849326, 48.0296142]], [[16.2849326, 48.0296142], [16.2848617, 48.0296445]], [[16.2848617, 48.0296445], [16.2862095, 48.0309899]], [[16.2862095, 48.0309899], [16.2877405, 48.0325826]], [[16.2877405, 48.0325826], [16.2886853, 48.0335529]], [[16.2886853, 48.0335529], [16.2893611, 48.0342756]], [[16.2893611, 48.0342756], [16.2901459, 48.0350558]], [[16.2901459, 48.0350558], [16.2908039, 48.0357524]], [[16.2908039, 48.0357524], [16.2908288, 48.0358322]], [[16.2908288, 48.0358322], [16.2912893, 48.0363104]], [[16.2912893, 48.0363104], [16.2927939, 48.0378283]], [[16.2927939, 48.0378283], [16.2928427, 48.0379117]], [[16.2928427, 48.0379117], [16.2929099, 48.0379702]], [[16.2929099, 48.0379702], [16.2929493, 48.0380003]], [[16.2929493, 48.0380003], [16.2931162, 48.0381281]], [[16.2931162, 48.0381281], [16.2936089, 48.0386107]], [[16.2936089, 48.0386107], [16.2941252, 48.0390372]], [[16.2941252, 48.0390372], [16.2945721, 48.0394064]], [[16.2945721, 48.0394064], [16.2948137, 48.0396451]], [[16.2948137, 48.0396451], [16.2963774, 48.0409673]], [[16.2963774, 48.0409673], [16.2971574, 48.0415884]], [[16.2971574, 48.0415884], [16.2975839, 48.0419101]], [[16.2975839, 48.0419101], [16.2992184, 48.043261]], [[16.2992184, 48.043261], [16.30113, 48.0448213]], [[16.30113, 48.0448213], [16.3013315, 48.0449717]], [[16.3013315, 48.0449717], [16.301444, 48.0450031]], [[16.301444, 48.0450031], [16.3017616, 48.0450447]], [[16.3017616, 48.0450447], [16.3019571, 48.0450513]], [[16.3019571, 48.0450513], [16.3032984, 48.0450088]], [[16.3032984, 48.0450088], [16.3041529, 48.0450279]], [[16.3041529, 48.0450279], [16.3048712, 48.0449706]], [[16.3048712, 48.0449706], [16.3050708, 48.044956]], [[16.3050708, 48.044956], [16.3056324, 48.0448837]], [[16.3056675, 48.0448977], [16.3056324, 48.0448837]], [[16.3057093, 48.0450021], [16.3056675, 48.0448977]], [[16.3058173, 48.0450179], [16.3057093, 48.0450021]], [[16.3058173, 48.0450179], [16.3059619, 48.0450047]], [[16.3059619, 48.0450047], [16.3063111, 48.0449659]], [[16.3063111, 48.0449659], [16.3063872, 48.0449976]], [[16.3063872, 48.0449976], [16.3070519, 48.0459533]], [[16.3070519, 48.0459533], [16.3076528, 48.0468009]], [[16.3076528, 48.0468009], [16.3080894, 48.0468607]], [[16.3080894, 48.0468607], [16.3082899, 48.0469355]], [[16.3082899, 48.0469355], [16.308568, 48.0474091]], [[16.308568, 48.0474091], [16.3088169, 48.0478797]], [[16.3089043, 48.0478547], [16.3088169, 48.0478797]], [[16.3092278, 48.0477803], [16.3089043, 48.0478547]], [[16.309405, 48.0477586], [16.3092278, 48.0477803]], [[16.3097565, 48.0477277], [16.309405, 48.0477586]], [[16.3099342, 48.0477128], [16.3097565, 48.0477277]], [[16.310056, 48.0477026], [16.3099342, 48.0477128]], [[16.3104059, 48.04841], [16.310056, 48.0477026]], [[16.3108089, 48.0491711], [16.3104059, 48.04841]], [[16.3110525, 48.0497083], [16.3108089, 48.0491711]], [[16.3110525, 48.0497083], [16.3112701, 48.0501069]], [[16.3112701, 48.0501069], [16.3110716, 48.0502254]], [[16.3110716, 48.0502254], [16.3109239, 48.0503357]], [[16.3109239, 48.0503357], [16.3108292, 48.0504221]], [[16.3108292, 48.0504221], [16.3108229, 48.0506627]], [[16.3108229, 48.0506627], [16.3108461, 48.0508627]], [[16.3108461, 48.0508627], [16.3110199, 48.051308]], [[16.3110199, 48.051308], [16.3110776, 48.0513367]], [[16.3110776, 48.0513367], [16.3110304, 48.0514074]], [[16.3110304, 48.0514074], [16.3109701, 48.0514755]], [[16.3109701, 48.0514755], [16.310845, 48.0516106]], [[16.310845, 48.0516106], [16.3105222, 48.0519211]], [[16.3105222, 48.0519211], [16.3103314, 48.0520968]], [[16.3103314, 48.0520968], [16.3101976, 48.0522517]], [[16.3101976, 48.0522517], [16.309986, 48.0525012]], [[16.309986, 48.0525012], [16.3096169, 48.0529804]], [[16.3096169, 48.0529804], [16.3092587, 48.0534583]], [[16.3092587, 48.0534583], [16.3090199, 48.0537798]], [[16.3090199, 48.0537798], [16.3088806, 48.0539301]], [[16.3088806, 48.0539301], [16.3087453, 48.0540567]], [[16.3086427, 48.0541263], [16.3087453, 48.0540567]], [[16.3084616, 48.0542152], [16.3086427, 48.0541263]], [[16.3084616, 48.0542152], [16.3082265, 48.0542948]], [[16.3083376, 48.0544322], [16.3082265, 48.0542948]], [[16.3084024, 48.0546468], [16.3083376, 48.0544322]], [[16.3086331, 48.0550609], [16.3084024, 48.0546468]], [[16.3087475, 48.055247], [16.3086331, 48.0550609]], [[16.3088822, 48.0553639], [16.3087475, 48.055247]], [[16.3089147, 48.0554713], [16.3088822, 48.0553639]], [[16.3094443, 48.0564226], [16.3089147, 48.0554713]], [[16.3095449, 48.0564198], [16.3094443, 48.0564226]], [[16.3095817, 48.056438], [16.3095449, 48.0564198]], [[16.3102414, 48.0576405], [16.3095817, 48.056438]], [[16.3117717, 48.0603645], [16.3102414, 48.0576405]], [[16.3123798, 48.0614767], [16.3117717, 48.0603645]], [[16.3124934, 48.061735], [16.3123798, 48.0614767]], [[16.3125356, 48.0619801], [16.3124934, 48.061735]], [[16.3129628, 48.0627175], [16.3125356, 48.0619801]], [[16.3131432, 48.0631517], [16.3129628, 48.0627175]], [[16.3132685, 48.0635338], [16.3131432, 48.0631517]], [[16.313358, 48.0636223], [16.3132685, 48.0635338]], [[16.3133785, 48.0636622], [16.313358, 48.0636223]], [[16.3133565, 48.0639128], [16.3133785, 48.0636622]], [[16.3133347, 48.0639515], [16.3133565, 48.0639128]], [[16.3133, 48.0639794], [16.3133347, 48.0639515]], [[16.3133, 48.0639794], [16.3132769, 48.0640901]], [[16.3132769, 48.0640901], [16.3132654, 48.0641526]], [[16.3132654, 48.0641526], [16.3132613, 48.0641861]], [[16.3132613, 48.0641861], [16.3133622, 48.064238]], [[16.3133622, 48.064238], [16.3134693, 48.0642433]], [[16.3134693, 48.0642433], [16.313579, 48.0642494]], [[16.313579, 48.0642494], [16.3135144, 48.0645751]], [[16.3135144, 48.0645751], [16.3132019, 48.0659827]], [[16.3132019, 48.0659827], [16.3130784, 48.0664864]], [[16.3130784, 48.0664864], [16.313045, 48.0666105]], [[16.313045, 48.0666105], [16.3130582, 48.0666145]], [[16.3130582, 48.0666145], [16.3130894, 48.066624]], [[16.3130894, 48.066624], [16.3131376, 48.0666387]], [[16.3131376, 48.0666387], [16.3130403, 48.0667861]], [[16.3130403, 48.0667861], [16.3127993, 48.0681385]], [[16.3127513, 48.0682454], [16.3127993, 48.0681385]], [[16.3127513, 48.0682454], [16.3127327, 48.0683234]], [[16.3127327, 48.0683234], [16.3125166, 48.0693161]], [[16.3125166, 48.0693161], [16.3122933, 48.0702884]], [[16.3122933, 48.0702884], [16.312237, 48.0705626]], [[16.312237, 48.0705626], [16.3122198, 48.0706307]], [[16.3122198, 48.0706307], [16.3122149, 48.0706545]], [[16.3122149, 48.0706545], [16.3122048, 48.0707024]], [[16.3122048, 48.0707024], [16.3121993, 48.0707284]], [[16.3121993, 48.0707284], [16.3118994, 48.0720936]], [[16.3118994, 48.0720936], [16.3117924, 48.0726183]], [[16.3117924, 48.0726183], [16.3117683, 48.0727832]], [[16.3117683, 48.0727832], [16.3117629, 48.0730431]], [[16.3117629, 48.0730431], [16.3117911, 48.0733003]], [[16.3117911, 48.0733003], [16.3118756, 48.0736453]], [[16.3121586, 48.0747268], [16.3118756, 48.0736453]], [[16.3122259, 48.0747884], [16.3121586, 48.0747268]], [[16.3122725, 48.0748586], [16.3122259, 48.0747884]], [[16.3123229, 48.0750248], [16.3122725, 48.0748586]], [[16.312796, 48.0765849], [16.3123229, 48.0750248]], [[16.312796, 48.0765849], [16.312898, 48.07661]], [[16.312898, 48.07661], [16.3130099, 48.076924]], [[16.3128725, 48.076944], [16.3130099, 48.076924]], [[16.3128566, 48.0769634], [16.3128725, 48.076944]], [[16.3128624, 48.0769879], [16.3128566, 48.0769634]], [[16.3128646, 48.0770181], [16.3128624, 48.0769879]], [[16.3128714, 48.0770633], [16.3128646, 48.0770181]], [[16.3128812, 48.0770969], [16.3128714, 48.0770633]], [[16.3128714, 48.0771323], [16.3128812, 48.0770969]], [[16.3128686, 48.0771735], [16.3128714, 48.0771323]], [[16.3129411, 48.0773863], [16.3128686, 48.0771735]], [[16.3129672, 48.0774522], [16.3129411, 48.0773863]], [[16.3129934, 48.0775166], [16.3129672, 48.0774522]], [[16.3130467, 48.0775809], [16.3129934, 48.0775166]], [[16.3130482, 48.0776309], [16.3130467, 48.0775809]], [[16.313045, 48.0776948], [16.3130482, 48.0776309]], [[16.3130897, 48.0777978], [16.313045, 48.0776948]], [[16.3131182, 48.0778844], [16.3130897, 48.0777978]], [[16.3131398, 48.077988], [16.3131182, 48.0778844]], [[16.3131362, 48.0780212], [16.3131398, 48.077988]], [[16.3131346, 48.0780516], [16.3131362, 48.0780212]], [[16.3131089, 48.078104], [16.3131346, 48.0780516]], [[16.3131012, 48.0781498], [16.3131089, 48.078104]], [[16.3132271, 48.0785418], [16.3131012, 48.0781498]], [[16.3135703, 48.0797355], [16.3132271, 48.0785418]], [[16.3135748, 48.0797793], [16.3135703, 48.0797355]], [[16.3135961, 48.0798781], [16.3135748, 48.0797793]], [[16.3140272, 48.079827], [16.3135961, 48.0798781]], [[16.314272, 48.0797998], [16.3140272, 48.079827]], [[16.3145624, 48.0797818], [16.314272, 48.0797998]], [[16.3147776, 48.0797819], [16.3145624, 48.0797818]], [[16.3151807, 48.0798123], [16.3147776, 48.0797819]], [[16.3153508, 48.0798261], [16.3151807, 48.0798123]], [[16.3158279, 48.0798628], [16.3153508, 48.0798261]], [[16.3162192, 48.0798973], [16.3158279, 48.0798628]], [[16.3162941, 48.0799031], [16.3162192, 48.0798973]], [[16.3164838, 48.0799261], [16.3162941, 48.0799031]], [[16.3165764, 48.079937], [16.3164838, 48.0799261]], [[16.3167407, 48.0799563], [16.3165764, 48.079937]], [[16.3169532, 48.0799829], [16.3167407, 48.0799563]], [[16.3173496, 48.0800324], [16.3169532, 48.0799829]], [[16.3175816, 48.080061], [16.3173496, 48.0800324]], [[16.3177777, 48.0800851], [16.3175816, 48.080061]], [[16.3179253, 48.0800954], [16.3177777, 48.0800851]], [[16.318158, 48.0801116], [16.3179253, 48.0800954]], [[16.3182247, 48.080116], [16.318158, 48.0801116]], [[16.3186282, 48.0801291], [16.3182247, 48.080116]], [[16.3190352, 48.0801185], [16.3186282, 48.0801291]], [[16.3192896, 48.0801104], [16.3190352, 48.0801185]], [[16.3197762, 48.0800977], [16.3192896, 48.0801104]], [[16.3198437, 48.0800958], [16.3197762, 48.0800977]], [[16.3198437, 48.0800958], [16.319858, 48.0802217]], [[16.319858, 48.0802217], [16.3199282, 48.0804646]], [[16.3199282, 48.0804646], [16.3199445, 48.0805209]], [[16.3199445, 48.0805209], [16.320018, 48.0807748]], [[16.320018, 48.0807748], [16.3200394, 48.080849]], [[16.3200394, 48.080849], [16.3200901, 48.0810241]], [[16.3200901, 48.0810241], [16.3201665, 48.0813202]], [[16.3201665, 48.0813202], [16.3201885, 48.0814055]], [[16.3207241, 48.0814137], [16.3201885, 48.0814055]], [[16.3207643, 48.0814143], [16.3207241, 48.0814137]], [[16.3210368, 48.0814251], [16.3207643, 48.0814143]], [[16.3219978, 48.0815671], [16.3210368, 48.0814251]], [[16.3225375, 48.0816468], [16.3219978, 48.0815671]], [[16.3226087, 48.0816585], [16.3225375, 48.0816468]], [[16.3228399, 48.0816966], [16.3226087, 48.0816585]], [[16.3233892, 48.0817979], [16.3228399, 48.0816966]], [[16.3236275, 48.0832458], [16.3233892, 48.0817979]], [[16.3236275, 48.0832458], [16.3236392, 48.0832575]], [[16.3236392, 48.0832575], [16.3238708, 48.0834975]], [[16.3238708, 48.0834975], [16.3238889, 48.0835174]], [[16.3238889, 48.0835174], [16.3239642, 48.0835027]], [[16.3239642, 48.0835027], [16.323975, 48.0836777]], [[16.323975, 48.0836777], [16.3239728, 48.0836962]], [[16.3239728, 48.0836962], [16.3239692, 48.0837232]], [[16.3239587, 48.0837735], [16.3239692, 48.0837232]], [[16.3245319, 48.0838611], [16.3239587, 48.0837735]], [[16.3246687, 48.0839332], [16.3245319, 48.0838611]], [[16.3248038, 48.0841125], [16.3246687, 48.0839332]], [[16.3249569, 48.0844584], [16.3248038, 48.0841125]], [[16.3249569, 48.0844584], [16.3249551, 48.0845313]], [[16.3250359, 48.0844964], [16.3249551, 48.0845313]], [[16.3261567, 48.0842484], [16.3250359, 48.0844964]], [[16.3268736, 48.0841533], [16.3261567, 48.0842484]], [[16.32749, 48.0841034], [16.3268736, 48.0841533]], [[16.3281882, 48.0840912], [16.32749, 48.0841034]], [[16.3289023, 48.0841338], [16.3281882, 48.0840912]], [[16.3290858, 48.0841483], [16.3289023, 48.0841338]], [[16.3295567, 48.0841966], [16.3290858, 48.0841483]], [[16.3298048, 48.0842109], [16.3295567, 48.0841966]], [[16.3317247, 48.0844814], [16.3298048, 48.0842109]], [[16.3328746, 48.0846492], [16.3317247, 48.0844814]], [[16.3338912, 48.0847834], [16.3328746, 48.0846492]], [[16.3345818, 48.084864], [16.3338912, 48.0847834]], [[16.3352081, 48.0849088], [16.3345818, 48.084864]], [[16.335648, 48.0849231], [16.3352081, 48.0849088]], [[16.3363588, 48.0849043], [16.335648, 48.0849231]], [[16.3365803, 48.0849002], [16.3363588, 48.0849043]], [[16.3365803, 48.0849002], [16.3366373, 48.0849092]], [[16.3366373, 48.0849092], [16.3367643, 48.0849028]], [[16.3367643, 48.0849028], [16.3368384, 48.0848977]], [[16.3368495, 48.0849745], [16.3368384, 48.0848977]], [[16.3368771, 48.0852178], [16.3368495, 48.0849745]], [[16.3368938, 48.0854548], [16.3368771, 48.0852178]], [[16.3369304, 48.0859851], [16.3368938, 48.0854548]], [[16.3369545, 48.0864397], [16.3369304, 48.0859851]], [[16.3369545, 48.0864397], [16.3369555, 48.0864519]], [[16.3369555, 48.0864519], [16.3369625, 48.0865402]], [[16.3369625, 48.0865402], [16.3371145, 48.0884466]], [[16.3371145, 48.0884466], [16.3371578, 48.0887467]], [[16.3371578, 48.0887467], [16.3372001, 48.0889664]], [[16.3372001, 48.0889664], [16.3375323, 48.0903261]], [[16.3375323, 48.0903261], [16.3378721, 48.0917013]], [[16.3378721, 48.0917013], [16.3391722, 48.0953228]], [[16.3391722, 48.0953228], [16.3393663, 48.0958532]], [[16.3393663, 48.0958532], [16.3393817, 48.09591]], [[16.3393817, 48.09591], [16.3393986, 48.0959549]], [[16.3393986, 48.0959549], [16.3394244, 48.0960216]], [[16.3394244, 48.0960216], [16.3400816, 48.0976169]], [[16.3400816, 48.0976169], [16.3402227, 48.0979643]], [[16.3402227, 48.0979643], [16.340629, 48.0990014]], [[16.340629, 48.0990014], [16.3409464, 48.0998117]], [[16.3409464, 48.0998117], [16.3411941, 48.1004437]], [[16.3411941, 48.1004437], [16.3414755, 48.101162]], [[16.3414755, 48.101162], [16.3415823, 48.1014409]], [[16.3415823, 48.1014409], [16.3416681, 48.1015149]], [[16.3416681, 48.1015149], [16.3413591, 48.1020574]], [[16.3413591, 48.1020574], [16.3395787, 48.1051548]], [[16.3395787, 48.1051548], [16.3388333, 48.1064723]], [[16.3388333, 48.1064723], [16.3387429, 48.1065994]], [[16.3387429, 48.1065994], [16.338691, 48.1067059]], [[16.338691, 48.1067059], [16.3386785, 48.1068016]], [[16.3386785, 48.1068016], [16.3387251, 48.1068297]], [[16.3387251, 48.1068297], [16.3388317, 48.1068794]], [[16.3388317, 48.1068794], [16.3389518, 48.1069573]], [[16.339085, 48.107043], [16.3389518, 48.1069573]], [[16.3390111, 48.1070863], [16.339085, 48.107043]], [[16.3388221, 48.1071595], [16.3390111, 48.1070863]], [[16.3387453, 48.10721], [16.3388221, 48.1071595]], [[16.3385118, 48.1074305], [16.3387453, 48.10721]], [[16.3383672, 48.1075727], [16.3385118, 48.1074305]], [[16.3381671, 48.1078327], [16.3383672, 48.1075727]], [[16.3379814, 48.1081421], [16.3381671, 48.1078327]], [[16.3370034, 48.1098692], [16.3379814, 48.1081421]], [[16.3362433, 48.1111866], [16.3370034, 48.1098692]], [[16.3358336, 48.1119157], [16.3362433, 48.1111866]], [[16.3353385, 48.1127991], [16.3358336, 48.1119157]], [[16.3352955, 48.112863], [16.3353385, 48.1127991]], [[16.3352955, 48.112863], [16.3352228, 48.1128883]], [[16.3352228, 48.1128883], [16.335149, 48.1128834]], [[16.335149, 48.1128834], [16.3352053, 48.1131373]], [[16.3352053, 48.1131373], [16.3352472, 48.1132623]], [[16.3352472, 48.1132623], [16.3352697, 48.1132984]], [[16.3352697, 48.1132984], [16.3359042, 48.1143141]], [[16.3359042, 48.1143141], [16.3364828, 48.1153224]], [[16.3364828, 48.1153224], [16.336536, 48.1154152]], [[16.336536, 48.1154152], [16.3371396, 48.1164163]], [[16.3371396, 48.1164163], [16.3375833, 48.1172291]], [[16.3375833, 48.1172291], [16.3380484, 48.1180379]], [[16.3380484, 48.1180379], [16.3381884, 48.1182812]], [[16.3381884, 48.1182812], [16.3384508, 48.11875]], [[16.3384508, 48.11875], [16.338499, 48.1188325]], [[16.338499, 48.1188325], [16.3388253, 48.1194371]], [[16.3388253, 48.1194371], [16.3388927, 48.1195584]], [[16.3388927, 48.1195584], [16.3393732, 48.1205436]], [[16.3393732, 48.1205436], [16.339489, 48.1205682]], [[16.339489, 48.1205682], [16.3397577, 48.1205668]], [[16.3397577, 48.1205668], [16.3405548, 48.1205627]], [[16.3405548, 48.1205627], [16.3405611, 48.1206077]], [[16.3405611, 48.1206077], [16.3405927, 48.1206619]], [[16.3405927, 48.1206619], [16.3407657, 48.120956]], [[16.3407657, 48.120956], [16.3408799, 48.1211532]], [[16.3408799, 48.1211532], [16.3408924, 48.1211773]], [[16.3408924, 48.1211773], [16.3409215, 48.1212474]], [[16.3409215, 48.1212474], [16.340839, 48.1212766]], [[16.340887, 48.1212855], [16.340839, 48.1212766]], [[16.3409261, 48.1213077], [16.340887, 48.1212855]], [[16.3409385, 48.121345], [16.3409261, 48.1213077]], [[16.3410384, 48.12159], [16.3409385, 48.121345]], [[16.3410098, 48.1217699], [16.3410384, 48.12159]], [[16.340954, 48.1219458], [16.3410098, 48.1217699]], [[16.3409728, 48.1220791], [16.340954, 48.1219458]], [[16.3410333, 48.1222254], [16.3409728, 48.1220791]], [[16.3413071, 48.1227924], [16.3410333, 48.1222254]], [[16.3414411, 48.1230897], [16.3413071, 48.1227924]], [[16.3414616, 48.1231353], [16.3414411, 48.1230897]], [[16.3414616, 48.1231353], [16.3414926, 48.1231289]], [[16.3414926, 48.1231289], [16.3416372, 48.1230883]], [[16.3416544, 48.1231158], [16.3416372, 48.1230883]], [[16.3417166, 48.1232199], [16.3416544, 48.1231158]], [[16.3424152, 48.1241995], [16.3417166, 48.1232199]], [[16.34306, 48.1254679], [16.3424152, 48.1241995]], [[16.3430948, 48.1257609], [16.34306, 48.1254679]], [[16.3440807, 48.1278068], [16.3430948, 48.1257609]], [[16.3440983, 48.1278434], [16.3440807, 48.1278068]], [[16.3441093, 48.1278769], [16.3440983, 48.1278434]], [[16.3443625, 48.1284243], [16.3441093, 48.1278769]], [[16.3446376, 48.1288467], [16.3443625, 48.1284243]], [[16.3448049, 48.1291534], [16.3446376, 48.1288467]], [[16.3454474, 48.1306077], [16.3448049, 48.1291534]], [[16.3455867, 48.1309403], [16.3454474, 48.1306077]], [[16.3456183, 48.1310215], [16.3455867, 48.1309403]], [[16.3465154, 48.1311419], [16.3456183, 48.1310215]], [[16.3466637, 48.1311538], [16.3465154, 48.1311419]], [[16.3466525, 48.1312219], [16.3466637, 48.1311538]], [[16.3466456, 48.1314311], [16.3466525, 48.1312219]], [[16.346664, 48.1315144], [16.3466456, 48.1314311]], [[16.3468815, 48.131883], [16.346664, 48.1315144]], [[16.3469414, 48.1320141], [16.3468815, 48.131883]], [[16.3469628, 48.1321014], [16.3469414, 48.1320141]], [[16.3469644, 48.1321821], [16.3469628, 48.1321014]], [[16.3469499, 48.1322356], [16.3469644, 48.1321821]], [[16.3469236, 48.1322865], [16.3469499, 48.1322356]], [[16.3468165, 48.1324049], [16.3469236, 48.1322865]], [[16.3466623, 48.132524], [16.3468165, 48.1324049]], [[16.3464878, 48.1326383], [16.3466623, 48.132524]], [[16.346267, 48.132834], [16.3464878, 48.1326383]], [[16.3461802, 48.1329464], [16.346267, 48.132834]], [[16.3461489, 48.1330166], [16.3461802, 48.1329464]], [[16.3461833, 48.133224], [16.3461489, 48.1330166]], [[16.3461834, 48.1332695], [16.3461833, 48.133224]], [[16.3461699, 48.1333232], [16.3461834, 48.1332695]], [[16.3461563, 48.1333636], [16.3461699, 48.1333232]], [[16.3461143, 48.1334832], [16.3461563, 48.1333636]], [[16.3459292, 48.1339288], [16.3461143, 48.1334832]], [[16.3456861, 48.1344809], [16.3459292, 48.1339288]], [[16.3456797, 48.1344983], [16.3456861, 48.1344809]], [[16.3455249, 48.1345454], [16.3456797, 48.1344983]], [[16.3453846, 48.1346046], [16.3455249, 48.1345454]], [[16.3453608, 48.1346254], [16.3453846, 48.1346046]], [[16.3453548, 48.1346505], [16.3453608, 48.1346254]], [[16.3453764, 48.1346828], [16.3453548, 48.1346505]], [[16.3454007, 48.1347111], [16.3453764, 48.1346828]], [[16.3454315, 48.1347468], [16.3454007, 48.1347111]], [[16.3453868, 48.1347679], [16.3454315, 48.1347468]], [[16.3454063, 48.1347926], [16.3453868, 48.1347679]], [[16.3454258, 48.1348196], [16.3454063, 48.1347926]], [[16.3455038, 48.1348739], [16.3454258, 48.1348196]], [[16.3455298, 48.1349042], [16.3455038, 48.1348739]], [[16.3456236, 48.1351769], [16.3455298, 48.1349042]], [[16.3457573, 48.1354507], [16.3456236, 48.1351769]], [[16.345855, 48.1355825], [16.3457573, 48.1354507]], [[16.3459799, 48.1357316], [16.345855, 48.1355825]], [[16.3460658, 48.135847], [16.3459799, 48.1357316]], [[16.3461402, 48.1359747], [16.3460658, 48.135847]], [[16.3462827, 48.1362571], [16.3461402, 48.1359747]], [[16.346412, 48.1365684], [16.3462827, 48.1362571]], [[16.3464047, 48.1367315], [16.346412, 48.1365684]], [[16.3464022, 48.1367881], [16.3464047, 48.1367315]], [[16.3464375, 48.1368586], [16.3464022, 48.1367881]], [[16.3466297, 48.1368336], [16.3464375, 48.1368586]], [[16.346635, 48.1368633], [16.3466297, 48.1368336]], [[16.3469383, 48.1373523], [16.346635, 48.1368633]], [[16.3472433, 48.1378445], [16.3469383, 48.1373523]], [[16.3476586, 48.1385191], [16.3472433, 48.1378445]], [[16.3480502, 48.1391586], [16.3476586, 48.1385191]], [[16.3484332, 48.1397835], [16.3480502, 48.1391586]], [[16.3488263, 48.1404416], [16.3484332, 48.1397835]], [[16.3492288, 48.1411262], [16.3488263, 48.1404416]], [[16.3496444, 48.1418364], [16.3492288, 48.1411262]], [[16.35006, 48.1425503], [16.3496444, 48.1418364]], [[16.3504882, 48.1432853], [16.35006, 48.1425503]], [[16.3508761, 48.1439655], [16.3504882, 48.1432853]], [[16.3517477, 48.1453473], [16.3508761, 48.1439655]], [[16.3521656, 48.1460188], [16.3517477, 48.1453473]], [[16.3522173, 48.1461019], [16.3521656, 48.1460188]], [[16.3525972, 48.1467124], [16.3522173, 48.1461019]], [[16.3526388, 48.1467717], [16.3525972, 48.1467124]], [[16.3526613, 48.1467911], [16.3526388, 48.1467717]], [[16.3526932, 48.1468102], [16.3526613, 48.1467911]], [[16.3527387, 48.1468253], [16.3526932, 48.1468102]], [[16.3527387, 48.1468253], [16.352781, 48.1468577]], [[16.352781, 48.1468577], [16.3528121, 48.1468983]], [[16.3527804, 48.1469048], [16.3528121, 48.1468983]], [[16.3527804, 48.1469048], [16.3527558, 48.1469208]], [[16.3527558, 48.1469208], [16.3527881, 48.1469542]], [[16.3527881, 48.1469542], [16.3528239, 48.1470114]], [[16.3528239, 48.1470114], [16.3529068, 48.1471549]], [[16.3529068, 48.1471549], [16.353042, 48.1474371]], [[16.353042, 48.1474371], [16.3531469, 48.1476835]], [[16.3531469, 48.1476835], [16.3531591, 48.1477094]], [[16.3531591, 48.1477094], [16.353162, 48.1477488]], [[16.353162, 48.1477488], [16.3531585, 48.147792]], [[16.3531585, 48.147792], [16.3531472, 48.1478258]], [[16.3531472, 48.1478258], [16.3532024, 48.147831]], [[16.3532024, 48.147831], [16.353235, 48.1478297]], [[16.353235, 48.1478297], [16.3535194, 48.1477831]], [[16.3535194, 48.1477831], [16.3535824, 48.1477751]], [[16.3535824, 48.1477751], [16.3536209, 48.1477991]], [[16.3536209, 48.1477991], [16.3536385, 48.147827]], [[16.3536385, 48.147827], [16.3537809, 48.1480535]], [[16.3537809, 48.1480535], [16.3539419, 48.1483095]], [[16.3539419, 48.1483095], [16.3540848, 48.1485245]], [[16.3540848, 48.1485245], [16.3541115, 48.148569]], [[16.3541115, 48.148569], [16.3541667, 48.1486558]], [[16.3541667, 48.1486558], [16.3541977, 48.1487021]], [[16.3541977, 48.1487021], [16.354296, 48.1488489]], [[16.354296, 48.1488489], [16.3543465, 48.1489063]], [[16.3543465, 48.1489063], [16.3544186, 48.1489875]], [[16.3544186, 48.1489875], [16.3546333, 48.1492926]], [[16.3546333, 48.1492926], [16.3546833, 48.149364]], [[16.3546833, 48.149364], [16.3548539, 48.1496077]], [[16.3548539, 48.1496077], [16.3549846, 48.1497944]], [[16.3549846, 48.1497944], [16.3559543, 48.1512438]], [[16.3559543, 48.1512438], [16.355973, 48.1513281]], [[16.3559921, 48.1513778], [16.355973, 48.1513281]], [[16.3560685, 48.1515768], [16.3559921, 48.1513778]], [[16.3562796, 48.1519773], [16.3560685, 48.1515768]], [[16.3563053, 48.1520374], [16.3562796, 48.1519773]], [[16.3562938, 48.152104], [16.3563053, 48.1520374]], [[16.3562021, 48.1521312], [16.3562938, 48.152104]], [[16.3561404, 48.152156], [16.3562021, 48.1521312]], [[16.3561327, 48.1521696], [16.3561404, 48.152156]], [[16.3561489, 48.1521914], [16.3561327, 48.1521696]], [[16.3561993, 48.1522048], [16.3561489, 48.1521914]], [[16.3563208, 48.1522169], [16.3561993, 48.1522048]], [[16.3563922, 48.1522218], [16.3563208, 48.1522169]], [[16.3564484, 48.1522418], [16.3563922, 48.1522218]], [[16.3564556, 48.1522501], [16.3564484, 48.1522418]], [[16.3564871, 48.1522934], [16.3564556, 48.1522501]], [[16.3564871, 48.1522934], [16.3564572, 48.15233]], [[16.3564572, 48.15233], [16.3564536, 48.1523784]], [[16.3564536, 48.1523784], [16.3566826, 48.1527463]], [[16.3566826, 48.1527463], [16.3567126, 48.1527908]], [[16.3567126, 48.1527908], [16.3567315, 48.152819]], [[16.3567315, 48.152819], [16.3568052, 48.1528941]], [[16.3568052, 48.1528941], [16.3572789, 48.1536658]], [[16.3572789, 48.1536658], [16.3573196, 48.1537396]], [[16.3573196, 48.1537396], [16.3576904, 48.1543315]], [[16.3576904, 48.1543315], [16.3580975, 48.1548607]], [[16.3580975, 48.1548607], [16.3581397, 48.1549224]], [[16.3581397, 48.1549224], [16.358191, 48.1550182]], [[16.358191, 48.1550182], [16.3582156, 48.1550643]], [[16.3582156, 48.1550643], [16.3582844, 48.1551779]], [[16.3582844, 48.1551779], [16.3583661, 48.1552526]], [[16.3583661, 48.1552526], [16.3583844, 48.1552693]], [[16.3583844, 48.1552693], [16.3584201, 48.1552935]], [[16.3584201, 48.1552935], [16.358467, 48.1553652]], [[16.358467, 48.1553652], [16.3586303, 48.1556317]], [[16.3586303, 48.1556317], [16.358704, 48.1557558]], [[16.358704, 48.1557558], [16.3588322, 48.155955]], [[16.3588322, 48.155955], [16.3589774, 48.1561864]], [[16.3589774, 48.1561864], [16.360068, 48.1580738]], [[16.360068, 48.1580738], [16.3601229, 48.1581697]], [[16.3601229, 48.1581697], [16.3601638, 48.1582939]], [[16.3601638, 48.1582939], [16.3602225, 48.1584262]], [[16.3602225, 48.1584262], [16.3602871, 48.1585576]], [[16.3602871, 48.1585576], [16.3607418, 48.1594691]], [[16.3607418, 48.1594691], [16.3607564, 48.1595022]], [[16.3607564, 48.1595022], [16.3607745, 48.1595432]], [[16.3607745, 48.1595432], [16.3608141, 48.1596361]], [[16.3608141, 48.1596361], [16.3608946, 48.1596194]], [[16.3608946, 48.1596194], [16.3609365, 48.1596108]], [[16.3609365, 48.1596108], [16.3609944, 48.1595989]], [[16.3609944, 48.1595989], [16.3610559, 48.1595825]], [[16.3610559, 48.1595825], [16.361113, 48.1595673]], [[16.361113, 48.1595673], [16.3616396, 48.1594267]], [[16.3616396, 48.1594267], [16.3622754, 48.159257]], [[16.3622754, 48.159257], [16.3623619, 48.1592339]], [[16.3623619, 48.1592339], [16.3624523, 48.1592098]], [[16.3624523, 48.1592098], [16.362524, 48.1591921]], [[16.362524, 48.1591921], [16.3630056, 48.1590734]], [[16.3630056, 48.1590734], [16.3630591, 48.1590612]], [[16.3630591, 48.1590612], [16.3631146, 48.1590486]], [[16.3631146, 48.1590486], [16.3632451, 48.1590189]], [[16.3632451, 48.1590189], [16.3633196, 48.1590019]], [[16.3633196, 48.1590019], [16.3633812, 48.1589879]], [[16.3633812, 48.1589879], [16.363497, 48.15897]], [[16.363497, 48.15897], [16.3636326, 48.1589491]], [[16.3636326, 48.1589491], [16.3641077, 48.1588756]], [[16.3641077, 48.1588756], [16.3648265, 48.1588195]], [[16.3648265, 48.1588195], [16.3654311, 48.1588553]], [[16.3654311, 48.1588553], [16.3657742, 48.1589049]], [[16.3657742, 48.1589049], [16.3663576, 48.159063]], [[16.3663576, 48.159063], [16.3664169, 48.1590791]], [[16.3664169, 48.1590791], [16.3665876, 48.1591266]], [[16.3665876, 48.1591266], [16.3667588, 48.1591195]], [[16.3667588, 48.1591195], [16.3669146, 48.1591089]], [[16.3669146, 48.1591089], [16.366977, 48.1591072]], [[16.3669831, 48.159161], [16.366977, 48.1591072]], [[16.3669889, 48.1592127], [16.3669831, 48.159161]], [[16.3670057, 48.1594229], [16.3669889, 48.1592127]], [[16.3669599, 48.1594625], [16.3670057, 48.1594229]], [[16.3669599, 48.1594625], [16.3670565, 48.1599818]], [[16.3670565, 48.1599818], [16.3672092, 48.1610459]], [[16.3672092, 48.1610459], [16.3672542, 48.1613959]], [[16.3672542, 48.1613959], [16.3672755, 48.1615611]], [[16.3672755, 48.1615611], [16.367362, 48.1620117]], [[16.367362, 48.1620117], [16.367406, 48.1623898]], [[16.367406, 48.1623898], [16.3674565, 48.1625888]], [[16.3674565, 48.1625888], [16.367559, 48.1625896]], [[16.367559, 48.1625896], [16.3682734, 48.1625952]], [[16.3682734, 48.1625952], [16.3691022, 48.1625944]], [[16.3691022, 48.1625944], [16.3693902, 48.1625581]], [[16.3693902, 48.1625581], [16.3696531, 48.1625032]], [[16.3696531, 48.1625032], [16.3706371, 48.1622232]], [[16.3706371, 48.1622232], [16.3708953, 48.16215]], [[16.3709464, 48.1622493], [16.3708953, 48.16215]], [[16.3709808, 48.1623472], [16.3709464, 48.1622493]], [[16.371188, 48.1628704], [16.3709808, 48.1623472]], [[16.3713751, 48.1633447], [16.371188, 48.1628704]], [[16.3714109, 48.1633943], [16.3713751, 48.1633447]], [[16.3714462, 48.1634332], [16.3714109, 48.1633943]], [[16.3718604, 48.163889], [16.3714462, 48.1634332]], [[16.3719753, 48.1639672], [16.3718604, 48.163889]], [[16.3720103, 48.1640094], [16.3719753, 48.1639672]], [[16.3721344, 48.1641589], [16.3720103, 48.1640094]], [[16.3721677, 48.1642137], [16.3721344, 48.1641589]], [[16.3722345, 48.1643715], [16.3721677, 48.1642137]], [[16.3723069, 48.1646048], [16.3722345, 48.1643715]], [[16.3723434, 48.1646803], [16.3723069, 48.1646048]], [[16.3723732, 48.1647418], [16.3723434, 48.1646803]], [[16.3724568, 48.164904], [16.3723732, 48.1647418]], [[16.3726025, 48.1651851], [16.3724568, 48.164904]], [[16.3726733, 48.1652814], [16.3726025, 48.1651851]], [[16.3727659, 48.1654073], [16.3726733, 48.1652814]], [[16.3728584, 48.1655331], [16.3727659, 48.1654073]], [[16.3729213, 48.1656457], [16.3728584, 48.1655331]], [[16.3730644, 48.1658975], [16.3729213, 48.1656457]], [[16.3731128, 48.1659826], [16.3730644, 48.1658975]], [[16.3732743, 48.1662787], [16.3731128, 48.1659826]], [[16.3736159, 48.1669532], [16.3732743, 48.1662787]], [[16.3736159, 48.1669532], [16.3737054, 48.1671138]], [[16.3737054, 48.1671138], [16.3738565, 48.1673848]], [[16.3738565, 48.1673848], [16.3739028, 48.1674677]], [[16.3739028, 48.1674677], [16.3739637, 48.1675769]], [[16.3739637, 48.1675769], [16.3740557, 48.1677418]], [[16.3740557, 48.1677418], [16.3742075, 48.1680141]], [[16.3742075, 48.1680141], [16.3743741, 48.168313]], [[16.3743741, 48.168313], [16.3744173, 48.1683904]], [[16.3744173, 48.1683904], [16.3744331, 48.1684188]], [[16.3744331, 48.1684188], [16.3744838, 48.1685097]], [[16.3744838, 48.1685097], [16.3745432, 48.1685851]], [[16.3745432, 48.1685851], [16.3745681, 48.1686191]], [[16.3745681, 48.1686191], [16.3749719, 48.1692943]], [[16.3749719, 48.1692943], [16.3750253, 48.1693664]], [[16.3750253, 48.1693664], [16.3750626, 48.1694156]], [[16.3750626, 48.1694156], [16.3754196, 48.1699964]], [[16.3754196, 48.1699964], [16.3757901, 48.1705862]], [[16.3757211, 48.1706042], [16.3757901, 48.1705862]], [[16.3757123, 48.1706143], [16.3757211, 48.1706042]], [[16.3757138, 48.17063], [16.3757123, 48.1706143]], [[16.3757567, 48.1707095], [16.3757138, 48.17063]], [[16.3757875, 48.1707679], [16.3757567, 48.1707095]], [[16.376085, 48.1713312], [16.3757875, 48.1707679]], [[16.3761529, 48.1714658], [16.376085, 48.1713312]], [[16.3761637, 48.1714904], [16.3761529, 48.1714658]], [[16.376483, 48.1721091], [16.3761637, 48.1714904]], [[16.3765446, 48.1721827], [16.376483, 48.1721091]], [[16.3770002, 48.1731137], [16.3765446, 48.1721827]], [[16.3770002, 48.1731137], [16.3770906, 48.1731088]], [[16.3770906, 48.1731088], [16.3772165, 48.1730997]], [[16.3772165, 48.1730997], [16.3776489, 48.1730645]], [[16.3776489, 48.1730645], [16.3778232, 48.1730545]], [[16.3778232, 48.1730545], [16.3779963, 48.1730699]], [[16.3779963, 48.1730699], [16.3782417, 48.1730927]], [[16.3782417, 48.1730927], [16.3783625, 48.1731128]], [[16.3783625, 48.1731128], [16.3784548, 48.1731356]], [[16.3784548, 48.1731356], [16.3784798, 48.1731418]], [[16.3784798, 48.1731418], [16.3785523, 48.1731516]], [[16.3785523, 48.1731516], [16.3786483, 48.1731586]], [[16.3786483, 48.1731586], [16.3787272, 48.173175]], [[16.3787272, 48.173175], [16.3788109, 48.1731976]], [[16.3788109, 48.1731976], [16.3788946, 48.1732261]], [[16.3788946, 48.1732261], [16.3791642, 48.1733179]], [[16.3791642, 48.1733179], [16.3792796, 48.1733684]], [[16.3792796, 48.1733684], [16.3793775, 48.1734218]], [[16.3793775, 48.1734218], [16.3796205, 48.1736325]], [[16.3796205, 48.1736325], [16.3796298, 48.1736429]], [[16.3796298, 48.1736429], [16.3796641, 48.1736811]], [[16.3796641, 48.1736811], [16.3797191, 48.1737714]], [[16.3797191, 48.1737714], [16.3797406, 48.1738135]], [[16.3797406, 48.1738135], [16.3798616, 48.1740505]], [[16.3798616, 48.1740505], [16.3800412, 48.1745268]], [[16.3800412, 48.1745268], [16.3800637, 48.1746618]], [[16.3800637, 48.1746618], [16.3801155, 48.1750612]], [[16.3801155, 48.1750612], [16.3801181, 48.1750811]], [[16.3801181, 48.1750811], [16.3801284, 48.1751646]], [[16.3801284, 48.1751646], [16.3801301, 48.1751788]], [[16.3801301, 48.1751788], [16.3801316, 48.1751908]], [[16.3801316, 48.1751908], [16.3801415, 48.1752709]], [[16.3801415, 48.1752709], [16.3801465, 48.1753018]], [[16.3801465, 48.1753018], [16.3802861, 48.1761689]], [[16.3802861, 48.1761689], [16.3803792, 48.1767779]], [[16.3803792, 48.1767779], [16.3805118, 48.1776516]], [[16.3805118, 48.1776516], [16.3805214, 48.1777148]], [[16.3805214, 48.1777148], [16.3806586, 48.1777102]], [[16.3806586, 48.1777102], [16.3806578, 48.1777423]], [[16.3806578, 48.1777423], [16.3806564, 48.1778039]], [[16.3806564, 48.1778039], [16.3806443, 48.1779275]], [[16.3806443, 48.1779275], [16.3806414, 48.1779572]], [[16.3806414, 48.1779572], [16.3803477, 48.1782871]], [[16.3803477, 48.1782871], [16.3802841, 48.1783592]], [[16.3802841, 48.1783592], [16.3801115, 48.1785583]], [[16.3801115, 48.1785583], [16.380054, 48.1786263]], [[16.380054, 48.1786263], [16.3800145, 48.1786976]], [[16.3800145, 48.1786976], [16.3799224, 48.1791683]], [[16.3799224, 48.1791683], [16.3798192, 48.1797747]], [[16.3798192, 48.1797747], [16.3798131, 48.1797975]], [[16.3798131, 48.1797975], [16.379803, 48.1798357]], [[16.379803, 48.1798357], [16.3797844, 48.1799191]], [[16.3797844, 48.1799191], [16.3797497, 48.180075]], [[16.3797497, 48.180075], [16.3796646, 48.1804061]], [[16.3796646, 48.1804061], [16.3796121, 48.1806599]], [[16.3796121, 48.1806599], [16.3795533, 48.1807826]], [[16.3795533, 48.1807826], [16.3795427, 48.1808894]], [[16.3795427, 48.1808894], [16.3795066, 48.1811223]], [[16.3795066, 48.1811223], [16.379455, 48.1812802]], [[16.379455, 48.1812802], [16.3793685, 48.1813607]], [[16.3793685, 48.1813607], [16.3793383, 48.1813887]], [[16.3793383, 48.1813887], [16.3791815, 48.1814702]], [[16.3791815, 48.1814702], [16.379056, 48.1815415]], [[16.379056, 48.1815415], [16.3790269, 48.181558]], [[16.3790269, 48.181558], [16.3790213, 48.1815625]], [[16.3790213, 48.1815625], [16.3785653, 48.1819252]], [[16.3791625, 48.1822554], [16.3785653, 48.1819252]], [[16.3792478, 48.182322], [16.3791625, 48.1822554]], [[16.3792844, 48.1823506], [16.3792478, 48.182322]], [[16.3793202, 48.182427], [16.3792844, 48.1823506]], [[16.3793345, 48.1824576], [16.3793202, 48.182427]], [[16.3794641, 48.1828761], [16.3793345, 48.1824576]], [[16.3794641, 48.1828761], [16.3795264, 48.1830991]], [[16.3795264, 48.1830991], [16.3796444, 48.1835138]], [[16.3796444, 48.1835138], [16.3796837, 48.1836517]], [[16.3797447, 48.1836497], [16.3796837, 48.1836517]], [[16.3798123, 48.1836496], [16.3797447, 48.1836497]], [[16.3799574, 48.1836524], [16.3798123, 48.1836496]], [[16.3800906, 48.1836602], [16.3799574, 48.1836524]], [[16.3801582, 48.1836652], [16.3800906, 48.1836602]], [[16.3802474, 48.1836712], [16.3801582, 48.1836652]], [[16.3803251, 48.1836756], [16.3802474, 48.1836712]], [[16.3803688, 48.1836787], [16.3803251, 48.1836756]], [[16.3804413, 48.1836829], [16.3803688, 48.1836787]], [[16.3805159, 48.1836873], [16.3804413, 48.1836829]], [[16.3806228, 48.1836948], [16.3805159, 48.1836873]], [[16.3806228, 48.1836948], [16.3806882, 48.1836992]], [[16.3806882, 48.1836992], [16.3806929, 48.1836995]], [[16.3806929, 48.1836995], [16.3806953, 48.1838501]], [[16.3806953, 48.1838501], [16.3806949, 48.1838949]], [[16.3806949, 48.1838949], [16.3806987, 48.183927]], [[16.3806987, 48.183927], [16.3807066, 48.1839607]], [[16.3807066, 48.1839607], [16.3810425, 48.1849971]], [[16.3810425, 48.1849971], [16.3810635, 48.1850541]], [[16.3810635, 48.1850541], [16.3810732, 48.1850788]], [[16.3810732, 48.1850788], [16.3810898, 48.1851096]], [[16.3810898, 48.1851096], [16.3811145, 48.1851463]], [[16.3811145, 48.1851463], [16.3811308, 48.1851682]], [[16.3811308, 48.1851682], [16.3811991, 48.1852462]], [[16.3811991, 48.1852462], [16.381279, 48.1853195]], [[16.381279, 48.1853195], [16.3813706, 48.1853872]], [[16.3813706, 48.1853872], [16.3815458, 48.1854955]], [[16.3815458, 48.1854955], [16.3824483, 48.186012]], [[16.3824483, 48.186012], [16.3824909, 48.1860376]], [[16.3824909, 48.1860376], [16.3825302, 48.1860853]], [[16.3825302, 48.1860853], [16.3825775, 48.1861429]], [[16.3825775, 48.1861429], [16.3827054, 48.1861936]], [[16.3827054, 48.1861936], [16.3827511, 48.1862168]], [[16.3827511, 48.1862168], [16.3825796, 48.1863862]], [[16.3825796, 48.1863862], [16.3825696, 48.1863951]], [[16.3825696, 48.1863951], [16.3825118, 48.186447]], [[16.3825118, 48.186447], [16.3822181, 48.1867134]], [[16.3822181, 48.1867134], [16.3820793, 48.1868386]], [[16.3820793, 48.1868386], [16.3820143, 48.1869137]], [[16.3820143, 48.1869137], [16.3819647, 48.1869745]], [[16.3819647, 48.1869745], [16.3818983, 48.1870885]], [[16.3818983, 48.1870885], [16.3818133, 48.187173]], [[16.3818133, 48.187173], [16.3818066, 48.1871976]], [[16.3818066, 48.1871976], [16.3818016, 48.1872101]], [[16.3818016, 48.1872101], [16.3817809, 48.18729]], [[16.3817809, 48.18729], [16.381756, 48.1873685]], [[16.381756, 48.1873685], [16.3817462, 48.1874053]], [[16.3817462, 48.1874053], [16.3814916, 48.1879843]], [[16.3814916, 48.1879843], [16.3814614, 48.1880436]], [[16.3814614, 48.1880436], [16.3814318, 48.1880971]], [[16.3814318, 48.1880971], [16.3814924, 48.1881233]], [[16.3814779, 48.1881497], [16.3814924, 48.1881233]], [[16.3814609, 48.1881807], [16.3814779, 48.1881497]], [[16.381456, 48.1881897], [16.3814609, 48.1881807]], [[16.3814458, 48.1882083], [16.381456, 48.1881897]], [[16.3814406, 48.1882177], [16.3814458, 48.1882083]], [[16.3813992, 48.1882932], [16.3814406, 48.1882177]], [[16.3813407, 48.1883999], [16.3813992, 48.1882932]], [[16.3813129, 48.1884505], [16.3813407, 48.1883999]], [[16.3812984, 48.1884475], [16.3813129, 48.1884505]], [[16.3812022, 48.1884275], [16.3812984, 48.1884475]], [[16.3811919, 48.1884254], [16.3812022, 48.1884275]], [[16.3811919, 48.1884254], [16.3811555, 48.1884734]], [[16.3811555, 48.1884734], [16.3811386, 48.1884957]], [[16.3811386, 48.1884957], [16.3811297, 48.1885116]], [[16.3811297, 48.1885116], [16.3809868, 48.1887657]], [[16.3809868, 48.1887657], [16.3809008, 48.1888987]], [[16.3809008, 48.1888987], [16.3808328, 48.1889864]], [[16.3808328, 48.1889864], [16.3807846, 48.1890639]], [[16.3807846, 48.1890639], [16.3807315, 48.1891543]], [[16.3807315, 48.1891543], [16.3806337, 48.1893299]], [[16.3806337, 48.1893299], [16.3804338, 48.1896858]], [[16.3804338, 48.1896858], [16.3800327, 48.1903916]], [[16.3800327, 48.1903916], [16.3796556, 48.1910598]], [[16.3796556, 48.1910598], [16.3795795, 48.1911946]], [[16.3795795, 48.1911946], [16.3795396, 48.191266]], [[16.3795396, 48.191266], [16.3794413, 48.191442]], [[16.3794413, 48.191442], [16.3793092, 48.1916787]], [[16.3793092, 48.1916787], [16.3792414, 48.1917966]], [[16.3792414, 48.1917966], [16.3792059, 48.1918582]], [[16.3792059, 48.1918582], [16.3791629, 48.1919263]], [[16.3791629, 48.1919263], [16.3791129, 48.1920036]], [[16.3791129, 48.1920036], [16.3791079, 48.1920125]], [[16.3791079, 48.1920125], [16.3790884, 48.1920414]], [[16.3790884, 48.1920414], [16.3785405, 48.1928504]], [[16.3785405, 48.1928504], [16.3785012, 48.1929084]], [[16.3785012, 48.1929084], [16.3771899, 48.194451]], [[16.3771899, 48.194451], [16.3771671, 48.1944778]], [[16.3771671, 48.1944778], [16.3771154, 48.1945398]], [[16.3771154, 48.1945398], [16.3770379, 48.1946424]], [[16.3770379, 48.1946424], [16.3770307, 48.1946528]], [[16.3770307, 48.1946528], [16.3769692, 48.1947425]], [[16.3769692, 48.1947425], [16.375602, 48.1969573]], [[16.375602, 48.1969573], [16.3755574, 48.1970311]], [[16.3755574, 48.1970311], [16.3752536, 48.1975347]], [[16.3752536, 48.1975347], [16.3752109, 48.1976055]], [[16.3752109, 48.1976055], [16.3752048, 48.197616]], [[16.3752048, 48.197616], [16.3752212, 48.1976299]], [[16.3752212, 48.1976299], [16.3752334, 48.19766]], [[16.3752334, 48.19766], [16.3752326, 48.1976758]], [[16.3752326, 48.1976758], [16.3752311, 48.1977057]], [[16.3752311, 48.1977057], [16.3752266, 48.1977464]], [[16.3752266, 48.1977464], [16.3751994, 48.1978631]], [[16.3751994, 48.1978631], [16.3751811, 48.1979847]], [[16.3751811, 48.1979847], [16.3751961, 48.1981751]], [[16.3751961, 48.1981751], [16.375218, 48.1982804]], [[16.375218, 48.1982804], [16.3752279, 48.1983279]], [[16.3752279, 48.1983279], [16.3752523, 48.1984456]], [[16.3752523, 48.1984456], [16.375266, 48.1984987]], [[16.375266, 48.1984987], [16.3752818, 48.198544]], [[16.3752818, 48.198544], [16.3753541, 48.1987918]], [[16.3753541, 48.1987918], [16.3753891, 48.1988745]], [[16.3753891, 48.1988745], [16.3754366, 48.1989438]], [[16.3754366, 48.1989438], [16.3755652, 48.1991163]], [[16.3755652, 48.1991163], [16.375638, 48.1992139]], [[16.375638, 48.1992139], [16.37567, 48.1992663]], [[16.37567, 48.1992663], [16.3756969, 48.1993274]], [[16.3756969, 48.1993274], [16.375702, 48.1993379]], [[16.375702, 48.1993379], [16.3757146, 48.1994031]], [[16.3757146, 48.1994031], [16.3757105, 48.1994696]], [[16.3757105, 48.1994696], [16.3756742, 48.1995615]], [[16.3756742, 48.1995615], [16.3754728, 48.1999128]], [[16.3754728, 48.1999128], [16.375436, 48.199977]], [[16.375436, 48.199977], [16.3755244, 48.2000033]], [[16.3755244, 48.2000033], [16.3755298, 48.2000336]], [[16.3755298, 48.2000336], [16.3755235, 48.2000427]], [[16.3755235, 48.2000427], [16.37549, 48.2000914]], [[16.37549, 48.2000914], [16.3753691, 48.2002966]], [[16.3753691, 48.2002966], [16.3753297, 48.2003634]], [[16.3753297, 48.2003634], [16.3752875, 48.2004401]], [[16.3752875, 48.2004401], [16.3752412, 48.2004658]], [[16.3752412, 48.2004658], [16.3751934, 48.2005159]], [[16.3751934, 48.2005159], [16.3749679, 48.2009113]], [[16.3749679, 48.2009113], [16.374946, 48.2010047]], [[16.374946, 48.2010047], [16.3747305, 48.2013706]], [[16.3747305, 48.2013706], [16.374714, 48.2013986]], [[16.374714, 48.2013986], [16.3746982, 48.2014525]], [[16.3746982, 48.2014525], [16.3747018, 48.2014795]], [[16.3747018, 48.2014795], [16.3747273, 48.2014809]], [[16.3747273, 48.2014809], [16.3747363, 48.2014843]], [[16.3747363, 48.2014843], [16.3747442, 48.2014904]], [[16.3747442, 48.2014904], [16.3747619, 48.2015051]], [[16.3747619, 48.2015051], [16.3747724, 48.2015169]], [[16.3747724, 48.2015169], [16.3747806, 48.2015247]], [[16.3747806, 48.2015247], [16.3748001, 48.2015375]], [[16.3748001, 48.2015375], [16.3748195, 48.2015445]], [[16.3748195, 48.2015445], [16.3750253, 48.2015958]], [[16.3750253, 48.2015958], [16.3750399, 48.2016017]], [[16.3750399, 48.2016017], [16.3750506, 48.2016081]], [[16.3750506, 48.2016081], [16.3750687, 48.2016283]], [[16.375076, 48.2016391], [16.3750687, 48.2016283]], [[16.3750933, 48.2016565], [16.375076, 48.2016391]], [[16.3751073, 48.2016664], [16.3750933, 48.2016565]], [[16.3751271, 48.2016794], [16.3751073, 48.2016664]], [[16.3751401, 48.2016887], [16.3751271, 48.2016794]], [[16.3751532, 48.2016981], [16.3751401, 48.2016887]], [[16.3751987, 48.2017331], [16.3751532, 48.2016981]], [[16.3752301, 48.2017644], [16.3751987, 48.2017331]], [[16.3755422, 48.2020755], [16.3752301, 48.2017644]], [[16.3755513, 48.2021062], [16.3755422, 48.2020755]], [[16.3755531, 48.202121], [16.3755513, 48.2021062]], [[16.375559, 48.2021693], [16.3755531, 48.202121]], [[16.3761623, 48.2027485], [16.375559, 48.2021693]], [[16.3766275, 48.2032168], [16.3761623, 48.2027485]], [[16.3766827, 48.2032716], [16.3766275, 48.2032168]], [[16.3767425, 48.2033294], [16.3766827, 48.2032716]], [[16.3767425, 48.2033294], [16.3766721, 48.2033613]], [[16.3766721, 48.2033613], [16.3766084, 48.2033885]], [[16.3766084, 48.2033885], [16.3765454, 48.2034142]], [[16.3765454, 48.2034142], [16.3764737, 48.2034429]], [[16.3769964, 48.2039538], [16.3764737, 48.2034429]], [[16.3775137, 48.2044631], [16.3769964, 48.2039538]], [[16.3775284, 48.2045259], [16.3775137, 48.2044631]], [[16.3775763, 48.2046153], [16.3775284, 48.2045259]], [[16.3779646, 48.2049904], [16.3775763, 48.2046153]], [[16.3779902, 48.2050095], [16.3779646, 48.2049904]], [[16.3780132, 48.2050227], [16.3779902, 48.2050095]], [[16.3780381, 48.2050268], [16.3780132, 48.2050227]], [[16.3780842, 48.2050325], [16.3780381, 48.2050268]], [[16.378108, 48.2050418], [16.3780842, 48.2050325]], [[16.3786454, 48.2055653], [16.378108, 48.2050418]], [[16.378696, 48.2056147], [16.3786454, 48.2055653]], [[16.378696, 48.2056147], [16.3786024, 48.2056583]], [[16.3786024, 48.2056583], [16.3785331, 48.2056903]], [[16.3785331, 48.2056903], [16.3779509, 48.2059593]], [[16.3779509, 48.2059593], [16.3788632, 48.2068544]], [[16.3788632, 48.2068544], [16.3784863, 48.2070283]], [[16.3784863, 48.2070283], [16.3774007, 48.2075056]], [[16.3774007, 48.2075056], [16.3772117, 48.207588]], [[16.3772117, 48.207588], [16.3771326, 48.2076226]], [[16.3771326, 48.2076226], [16.377054, 48.207657]], [[16.377054, 48.207657], [16.3764752, 48.207888]], [[16.3764752, 48.207888], [16.3762798, 48.2079965]], [[16.3762798, 48.2079965], [16.3759438, 48.2081118]], [[16.3759438, 48.2081118], [16.3759043, 48.2080452]], [[16.3759043, 48.2080452], [16.3756772, 48.2077791]], [[16.3756772, 48.2077791], [16.3756667, 48.2077399]], [[16.3756667, 48.2077399], [16.3752696, 48.2073653]], [[16.3752696, 48.2073653], [16.3752335, 48.2073376]], [[16.3752335, 48.2073376], [16.3749353, 48.20711]], [[16.3749353, 48.20711], [16.3746136, 48.2068637]], [[16.3746136, 48.2068637], [16.3740424, 48.2071852]], [[16.3740424, 48.2071852], [16.3738155, 48.207293]], [[16.3738155, 48.207293], [16.3736493, 48.2073573]], [[16.3736493, 48.2073573], [16.3731568, 48.2075387]], [[16.3731568, 48.2075387], [16.3730102, 48.2075894]], [[16.3730102, 48.2075894], [16.3729159, 48.2076223]], [[16.3729159, 48.2076223], [16.3729154, 48.2076225]], [[16.3729154, 48.2076225], [16.3720725, 48.2078775]], [[16.3720725, 48.2078775], [16.3718536, 48.2079512]], [[16.3716826, 48.2080043], [16.3718536, 48.2079512]], [[16.3716826, 48.2080043], [16.3719075, 48.2082174]], [[16.3719075, 48.2082174], [16.3720796, 48.2083799]], [[16.3720796, 48.2083799], [16.3723653, 48.2082819]]]}}]}
